gatewayID,Received,Interfered,No Receivers, Under, GW busy, unset
1,559,288,0,0,0,0
2,541,306,0,0,0,0
EndDeviceID,X,Y,Z
3,-79.72909545898438,367.99200439453125,1
4,268.802001953125,463.39404296875,1
5,-127.97198486328125,321.2550048828125,1
6,-45.7615966796875,131.43402099609375,1
7,173.28997802734375,-332.01800537109375,1
8,60.3001708984375,498.0830078125,1
9,321.2640380859375,268.56103515625,1
10,-201.1820068359375,-363.00299072265625,1
11,-235.01400756835938,-196.4580078125,1
12,286.8170166015625,-4.6820068359375,1
13,-156.34500122070312,120.6309814453125,1
14,-137.27999877929688,440.281005859375,1
15,212.07501220703125,496.260986328125,1
16,-9.625579833984375,-488.531005859375,1
17,404.5989990234375,-172.35198974609375,1
18,-315.65399169921875,384.094970703125,1
19,-395.7170104980469,231.969970703125,1
20,89.87860107421875,-116.75299072265625,1
21,312.6390380859375,-402.27301025390625,1
22,-450.2510070800781,-283.6549987792969,1
23,-174.6619873046875,27.55511474609375,1
24,449.39300537109375,235.60699462890625,1
25,-325.343994140625,-195.61199951171875,1
26,-42.2926025390625,442.989013671875,1
27,-278.0270080566406,-399.260986328125,1
28,-157.14398193359375,-386.74700927734375,1
29,194.31298828125,-411.4549865722656,1
30,-336.364013671875,93.8162841796875,1
31,175.88800048828125,-332.9119873046875,1
32,-325.2669982910156,-296.0050048828125,1
33,236.57501220703125,-468.97601318359375,1
34,-41.807403564453125,-12.11248779296875,1
35,-162.19598388671875,275.1929931640625,1
36,184.1419677734375,-256.1679992675781,1
37,-271.39801025390625,53.211181640625,1
38,-290.2749938964844,457.1600341796875,1
39,35.8638916015625,199.7440185546875,1
40,-340.7349853515625,-53.872314453125,1
41,-136.22500610351562,-33.173583984375,1
42,482.2340087890625,-329.9729919433594,1
43,-47.51300048828125,137.822021484375,1
44,-140.91799926757812,334.3060302734375,1
45,286.843017578125,-32.389892578125,1
46,472.365966796875,-82.2672119140625,1
47,-170.906982421875,-249.4669952392578,1
48,-207.33999633789062,-160.9219970703125,1
49,497.99798583984375,-25.728607177734375,1
50,-460.0150146484375,-325.5400085449219,1
51,-90.00100708007812,-457.4219970703125,1
52,2.006500244140625,86.6868896484375,1
53,-450.12701416015625,-167.42401123046875,1
54,417.2459716796875,-318.218994140625,1
55,-203.35400390625,480.52899169921875,1
56,-250.45599365234375,125.80999755859375,1
57,-206.73599243164062,-221.6300048828125,1
58,140.5469970703125,-461.6189880371094,1
59,282.115966796875,171.07098388671875,1
60,-306.75299072265625,-171.00201416015625,1
61,181.2230224609375,234.5009765625,1
62,-59.3660888671875,-13.98980712890625,1
63,148.53997802734375,-195.072998046875,1
64,-275.0840148925781,102.3170166015625,1
65,-229.51898193359375,220.613037109375,1
66,-212.07000732421875,360.85595703125,1
67,-383.4219970703125,-231.25201416015625,1
68,-399.6619873046875,-245.49099731445312,1
69,-370.6499938964844,-130.31100463867188,1
70,356.093994140625,-7.533935546875,1
71,300.1500244140625,451.8890380859375,1
72,98.84637451171875,-143.33599853515625,1
73,-242.37200927734375,-102.47100830078125,1
74,57.6497802734375,-155.27999877929688,1
75,135.93499755859375,94.5711669921875,1
76,171.4849853515625,-295.4440002441406,1
77,-90.97198486328125,-149.52801513671875,1
78,262.62298583984375,29.6068115234375,1
79,305.48199462890625,203.85601806640625,1
80,79.4735107421875,243.781982421875,1
81,268.6650390625,121.1519775390625,1
82,-206.75100708007812,-351.7250061035156,1
83,-284.2030029296875,59.3585205078125,1
84,-272.7510070800781,-275.0379943847656,1
85,157.4530029296875,475.47198486328125,1
86,-19.01409912109375,173.00799560546875,1
87,-446.91900634765625,-454.69000244140625,1
88,-343.6700134277344,-294.06500244140625,1
89,-203.90802001953125,486.8690185546875,1
90,241.22802734375,-117.14199829101562,1
91,291.84100341796875,-117.58999633789062,1
92,-443.27099609375,-193.0830078125,1
93,249.82000732421875,-347.78399658203125,1
94,11.312713623046875,362.1719970703125,1
95,157.5059814453125,329.60198974609375,1
96,393.9730224609375,-60.5037841796875,1
97,-295.8680114746094,40.82781982421875,1
98,388.344970703125,-309.31500244140625,1
99,485.3699951171875,149.97198486328125,1
100,-151.4019775390625,296.66400146484375,1
101,335.28900146484375,-281.67401123046875,1
102,306.5589599609375,-58.24749755859375,1
senderId,receiverID, sendTime, receivedTime,SF,SNR,Ftype,Freq,received,code
26,1,711.11523,2521.5474,12,-16.567,2,8685,1,0
41,2,1734.1182,1806.0541,7,-9.29069,4,8685,1,0
14,1,2622.4624,4432.8945,12,-10.6348,4,8685,1,0
64,2,5106.2637,5239.896,8,-5.99354,4,8685,1,0
44,1,11995.076,13805.508,12,-20.9824,2,8685,1,0
56,2,13943.035,14014.971,7,7.28829,4,8685,1,0
85,1,18844.549,20654.982,12,-19.4972,2,8685,1,0
97,2,22570.416,22642.352,7,-6.13365,2,8685,1,0
54,1,24033.941,25844.373,12,-21.5504,4,8685,1,0
54,2,24033.941,25844.373,12,-21.5504,4,8685,1,0
12,1,26538.5,26610.436,7,26.5167,4,8685,1,0
12,2,26538.5,26610.436,7,26.5167,4,8685,1,0
95,1,27779.29,29589.723,12,-13.4669,2,8685,1,0
77,1,40176.984,40629.59,10,-12.631,2,8685,1,0
77,2,40176.984,40629.59,10,-12.631,2,8685,1,0
23,1,47262.754,47334.69,7,-9.34753,4,8685,1,0
23,2,47262.754,47334.69,7,-9.34753,4,8685,1,0
79,1,48898.9,49032.53,8,-6.80109,2,8685,1,0
16,2,50970.7,52781.133,12,-22.3129,2,8685,0,1
61,1,51280.168,51732.773,10,4.44777,4,8685,1,0
61,2,51280.168,51732.773,10,4.44777,4,8685,1,0
89,2,55684.797,57495.227,12,-12.7287,4,8685,1,0
24,1,64620.734,65073.34,10,-2.25291,2,8685,1,0
24,2,64620.734,65073.34,10,-2.25291,2,8685,1,0
70,1,64917.33,64989.266,7,0.597947,2,8685,1,0
83,2,73398.445,73470.38,7,9.69672,2,8685,1,0
76,1,78602.67,79055.27,10,-14.5805,2,8685,1,0
76,2,78602.67,79055.27,10,-14.5805,2,8685,1,0
50,2,84858.46,85845.59,11,-4.66411,2,8685,1,0
40,2,89640.164,89712.1,7,3.09925,4,8685,1,0
68,2,95989.664,97800.09,12,-19.2946,4,8685,1,0
57,1,99981.695,100115.33,8,-11.7231,4,8685,1,0
57,2,99981.695,100115.33,8,-11.7231,4,8685,0,1
62,1,101075.05,101321.83,9,-9.71504,4,8685,0,1
62,2,101075.05,101321.83,9,-9.71504,4,8685,1,0
23,2,105211.35,105283.29,7,3.43736,4,8681,1,0
8,1,109707.05,111517.48,12,-7.53737,2,8685,1,0
8,2,109707.05,111517.48,12,-7.53737,2,8685,1,0
27,2,120872.53,121859.664,11,-10.2013,4,8685,1,0
91,2,125793.18,125865.12,7,-9.35817,2,8685,1,0
19,1,131476.27,132463.4,11,-5.37262,2,8685,1,0
19,2,131476.27,132463.4,11,-5.37262,2,8685,1,0
102,1,134125.73,134197.66,7,-1.18298,4,8685,1,0
84,1,136884.9,137872.05,11,-16.429,2,8685,1,0
73,2,139804.94,139876.86,7,4.73509,2,8685,1,0
37,2,143130.9,143202.83,7,0.291886,4,8685,1,0
46,1,149854.12,150100.9,9,-13.8611,2,8685,1,0
13,2,151876.66,152010.3,8,-7.99962,4,8685,1,0
7,1,151967.48,152954.62,11,-11.8547,4,8685,1,0
7,2,151967.48,152954.62,11,-11.8547,4,8685,1,0
45,1,158220.6,158292.53,7,16.0255,4,8685,1,0
88,1,160567.69,161554.83,11,-15.917,2,8685,1,0
88,2,160567.69,161554.83,11,-15.917,2,8685,1,0
28,1,166433.97,168244.4,12,-13.5664,4,8685,1,0
28,2,166433.97,168244.4,12,-13.5664,4,8685,1,0
36,2,166920.05,167372.66,10,-4.56067,2,8681,1,0
43,1,170040.81,170287.6,9,-4.75229,4,8685,0,1
43,2,170040.81,170287.6,9,-4.75229,4,8685,1,0
75,1,175604.23,175851.02,9,12.6467,2,8685,1,0
75,2,175604.23,175851.02,9,12.6467,2,8685,1,0
83,2,176414.4,176486.34,7,6.83175,2,8681,1,0
26,1,181754.31,183564.75,12,-20.0335,2,8681,0,1
78,1,181953.19,182025.11,7,24.2409,4,8685,1,0
39,2,182657.75,183110.34,10,2.30582,4,8685,1,0
40,2,192563.03,192634.97,7,-1.47658,4,8681,1,0
92,1,192928.33,193380.94,10,-14.5709,4,8685,1,0
92,2,192928.33,193380.94,10,-14.5709,4,8685,1,0
59,1,197898.44,198032.08,8,-10.7897,4,8685,1,0
56,2,199225.31,199297.23,7,-7.73904,4,8681,1,0
85,2,199887.75,201698.19,12,0.0,2,8681,0,1
75,1,200282.62,200529.4,9,7.08572,2,8681,1,0
75,2,200282.62,200529.4,9,7.08572,2,8681,0,1
70,1,201612.97,201684.9,7,-3.2653,2,8681,1,0
78,1,203351.5,203423.44,7,9.88378,4,8681,1,0
48,2,207508.83,207580.77,7,11.9334,2,8681,1,0
95,1,208822.5,210632.92,12,-8.72075,2,8681,1,0
10,1,211232.05,211684.64,10,-10.6088,2,8685,1,0
10,2,211232.05,211684.64,10,-10.6088,2,8685,1,0
20,1,212390.86,212843.45,10,2.94208,2,8681,1,0
20,2,212390.86,212843.45,10,2.94208,2,8681,1,0
100,2,216363.47,218173.89,12,2.41452,4,8685,1,0
27,1,219586.12,220573.25,11,-14.4126,4,8681,1,0
54,1,219755.48,221565.9,12,-12.4888,4,8681,1,0
54,2,219755.48,221565.9,12,-12.4888,4,8681,0,1
86,1,221506.03,221752.81,9,-0.741882,2,8685,1,0
86,2,221506.03,221752.81,9,-0.741882,2,8685,1,0
22,1,223102.52,224089.64,11,-11.0617,2,8685,0,1
22,2,223102.52,224089.64,11,-11.0617,2,8685,1,0
71,1,224806.86,226617.28,12,-18.3799,2,8685,1,0
71,2,224806.86,226617.28,12,-18.3799,2,8685,1,0
93,1,225167.94,225620.55,10,-16.8643,2,8685,1,0
93,2,225167.94,225620.55,10,-16.8643,2,8685,1,0
94,1,228473.89,230284.31,12,-20.6336,4,8685,1,0
94,2,228473.89,230284.31,12,-20.6336,4,8685,1,0
91,1,229874.88,229946.81,7,-7.88994,2,8681,1,0
53,2,235835.83,236082.61,9,-3.64007,2,8685,1,0
65,2,243122.3,243369.08,9,8.29643,4,8685,1,0
49,1,247576.28,248028.89,10,-8.61572,4,8685,1,0
34,1,249526.28,249978.88,10,-8.59116,4,8685,1,0
34,2,249526.28,249978.88,10,-8.59116,4,8685,1,0
82,1,253236.14,253688.75,10,-2.34456,2,8685,1,0
82,2,253236.14,253688.75,10,-2.34456,2,8685,1,0
101,1,255792.6,256039.38,9,5.13703,2,8685,1,0
101,2,255792.6,256039.38,9,5.13703,2,8685,1,0
29,2,256443.27,257430.39,11,-2.77402,4,8685,1,0
88,1,259281.28,260268.4,11,-12.5506,2,8681,1,0
88,2,259281.28,260268.4,11,-12.5506,2,8681,1,0
67,1,260601.98,260848.78,9,-10.4505,2,8685,1,0
67,2,260601.98,260848.78,9,-10.4505,2,8685,1,0
35,1,262432.34,262679.12,9,-12.3921,4,8685,1,0
35,2,262432.34,262679.12,9,-12.3921,4,8685,1,0
15,2,262538.8,264349.25,12,0.0,2,8681,0,1
102,1,263095.8,263167.75,7,28.9341,4,8681,1,0
102,2,263095.8,263167.75,7,28.9341,4,8681,1,0
47,2,264877.06,265329.7,10,-16.5161,2,8685,0,1
98,1,266280.34,267267.47,11,-7.52759,4,8685,1,0
80,1,267393.75,267640.53,9,-2.63194,2,8685,1,0
90,1,275283.66,275355.6,7,-5.77629,4,8685,1,0
60,2,275648.25,275720.2,7,5.50215,4,8685,1,0
64,2,275787.6,275921.22,8,6.90144,4,8681,1,0
21,1,280011.16,281821.6,12,-21.6511,4,8685,1,0
21,2,280011.16,281821.6,12,-21.6511,4,8685,1,0
101,1,280471.0,280717.8,9,-10.3557,2,8681,1,0
77,2,282405.84,282858.47,10,10.4649,2,8681,1,0
97,1,284782.38,284854.3,7,-9.25032,2,8681,0,1
97,2,284782.38,284854.3,7,-9.25032,2,8681,1,0
8,1,290750.25,292560.66,12,-10.1917,2,8681,1,0
8,2,290750.25,292560.66,12,-10.1917,2,8681,1,0
56,2,295594.53,295666.47,7,4.06981,4,8685,1,0
4,1,297934.25,299744.66,12,-5.83401,4,8685,1,0
87,1,302048.97,303859.4,12,0.0,4,8685,0,1
11,2,304982.97,305229.78,9,1.56081,2,8681,1,0
66,1,305188.84,305641.44,10,-10.038,4,8685,1,0
31,1,307235.4,309045.84,12,-12.626,4,8685,1,0
16,2,310499.3,312309.72,12,-14.264,2,8681,1,0
81,1,312906.56,312978.5,7,-2.27949,4,8685,1,0
38,2,313344.56,315155.0,12,-9.03313,2,8685,1,0
47,1,315402.22,315854.8,10,5.85473,2,8681,1,0
47,2,315402.22,315854.8,10,5.85473,2,8681,1,0
63,1,325806.75,326053.56,9,-5.44186,4,8685,1,0
58,1,329481.47,330468.6,11,-9.30983,4,8685,1,0
13,2,330916.28,331049.94,8,-6.68149,4,8681,1,0
55,1,333606.34,335416.78,12,0.0,4,8685,1,0
77,1,333949.8,334402.4,10,-15.3912,2,8681,1,0
37,2,334035.88,334107.8,7,4.19808,4,8681,1,0
42,1,335906.4,336359.0,10,-13.0319,2,8681,1,0
80,1,341420.94,341667.72,9,-0.439117,2,8681,1,0
74,1,342854.22,343841.34,11,-14.3186,2,8685,1,0
89,1,346117.6,347928.0,12,-21.2946,4,8681,1,0
5,2,348954.7,349941.8,11,6.23593,2,8685,1,0
7,1,349394.7,350381.8,11,0.0,4,8681,0,1
7,2,349394.7,350381.8,11,0.0,4,8681,1,0
50,2,355768.88,356755.97,11,10.1016,2,8681,1,0
9,1,356700.84,357687.97,11,-8.81891,2,8685,1,0
88,2,357994.88,358982.0,11,-4.76105,2,8681,1,0
26,2,362797.53,364607.94,12,-15.553,2,8681,1,0
97,2,368052.56,368124.47,7,3.499,2,8681,1,0
33,1,374091.3,375901.72,12,12.0556,2,8681,1,0
68,2,375684.4,377494.84,12,2.95558,4,8681,1,0
40,2,378342.72,378414.66,7,10.5839,4,8681,1,0
85,1,380930.94,382741.38,12,-14.3492,2,8681,1,0
85,2,380930.94,382741.38,12,-14.3492,2,8681,1,0
18,1,385019.2,385471.8,10,-9.63194,2,8681,1,0
40,2,389754.34,389826.25,7,0.744859,4,8685,1,0
95,2,389865.7,391676.12,12,0.0,2,8681,0,1
65,2,389947.78,390194.6,9,-9.67358,4,8681,1,0
78,1,393848.66,393920.6,7,14.9432,4,8681,1,0
100,1,397406.7,399217.1,12,-5.51404,4,8681,1,0
100,2,397406.7,399217.1,12,-5.51404,4,8681,1,0
14,1,399019.12,400829.56,12,-1.44223,4,8681,1,0
14,2,399019.12,400829.56,12,-1.44223,4,8681,1,0
46,1,399720.84,399967.66,9,-7.15361,2,8681,1,0
46,2,399720.84,399967.66,9,-7.15361,2,8681,1,0
77,1,405161.66,405614.25,10,-13.1361,2,8685,1,0
77,2,405161.66,405614.25,10,-13.1361,2,8685,1,0
71,1,405850.06,407660.5,12,-18.3421,2,8681,1,0
71,2,405850.06,407660.5,12,-18.3421,2,8681,1,0
37,2,419238.2,419310.12,7,31.546,4,8681,1,0
29,1,421023.28,422010.4,11,-17.1551,4,8681,1,0
60,2,422983.8,423055.75,7,6.82568,4,8681,1,0
58,2,428195.1,429182.22,11,-15.7721,4,8681,1,0
28,1,429741.3,431551.72,12,-9.43098,4,8681,1,0
28,2,429741.3,431551.72,12,-9.43098,4,8681,0,1
102,1,432188.72,432260.66,7,20.2168,4,8681,1,0
48,2,435383.53,435455.47,7,-6.26672,2,8681,1,0
22,2,436205.94,437193.06,11,7.57952,2,8681,1,0
82,1,437422.62,437875.25,10,-4.63209,2,8681,1,0
15,1,443582.0,445392.44,12,-6.82111,2,8681,1,0
15,2,443582.0,445392.44,12,-6.82111,2,8681,1,0
88,1,456708.5,457695.62,11,0.689225,2,8685,1,0
88,2,456708.5,457695.62,11,0.689225,2,8685,1,0
65,2,458532.4,458779.22,9,-6.30272,4,8681,1,0
44,1,463248.97,465059.38,12,-3.8914,2,8681,1,0
44,2,463248.97,465059.38,12,-3.8914,2,8681,1,0
10,1,463958.53,464411.12,10,-2.70979,2,8681,1,0
9,2,468963.22,469950.34,11,-1.92616,2,8681,1,0
8,2,471793.47,473603.88,12,-9.12959,2,8681,1,0
37,1,472570.16,472642.1,7,7.27515,4,8685,1,0
86,2,474760.3,475007.12,9,-12.8782,2,8681,1,0
4,1,478977.44,480787.88,12,-7.85226,4,8681,1,0
51,1,480669.5,482479.9,12,-13.4551,2,8681,1,0
79,1,487833.44,487967.06,8,-2.70288,2,8681,1,0
16,1,491542.47,493352.9,12,-9.21861,2,8681,1,0
16,2,491542.47,493352.9,12,-9.21861,2,8681,1,0
19,2,492176.53,493163.66,11,0.0323037,2,8681,1,0
23,1,502811.8,502883.72,7,-7.10057,4,8681,1,0
23,2,502811.8,502883.72,7,-7.10057,4,8681,1,0
75,1,506574.5,506821.28,9,-7.60174,2,8681,1,0
75,2,506574.5,506821.28,9,-7.60174,2,8681,1,0
6,1,509314.97,509561.78,9,14.8139,2,8681,1,0
6,2,509314.97,509561.78,9,14.8139,2,8681,1,0
63,1,511548.6,511795.38,9,2.923,4,8681,1,0
64,2,523998.16,524131.78,8,1.16905,4,8685,1,0
89,1,527160.8,528971.25,12,0.365937,4,8681,1,0
89,2,527160.8,528971.25,12,0.365937,4,8681,1,0
66,1,531178.5,531631.2,10,-5.50247,4,8681,0,1
66,2,531178.5,531631.2,10,-5.50247,4,8681,1,0
75,1,531252.9,531499.6,9,8.12366,2,8685,0,1
48,2,552258.0,552329.94,7,-1.61459,2,8685,1,0
31,1,557431.8,559242.25,12,-19.1702,4,8681,1,0
31,2,557431.8,559242.25,12,-19.1702,4,8681,1,0
95,1,571472.94,573283.4,12,-8.12874,2,8685,1,0
95,2,571472.94,573283.4,12,-8.12874,2,8685,1,0
32,2,572811.5,573058.3,9,-11.0151,4,8681,1,0
102,1,574523.4,574595.3,7,30.1419,4,8685,1,0
80,2,578319.7,578566.44,9,-11.9743,2,8681,1,0
82,2,579035.1,579487.8,10,-14.9221,2,8681,1,0
50,1,580295.6,581282.75,11,-15.8575,2,8685,1,0
38,1,583427.75,585238.2,12,-18.9664,2,8681,1,0
38,2,583427.75,585238.2,12,-18.9664,2,8681,1,0
19,1,590890.1,591877.25,11,-8.09468,2,8685,1,0
19,2,590890.1,591877.25,11,-8.09468,2,8685,1,0
36,1,592363.94,592816.56,10,-5.90538,2,8681,1,0
36,2,592363.94,592816.56,10,-5.90538,2,8681,1,0
65,2,592788.7,593035.44,9,-3.45123,4,8685,1,0
26,2,593704.25,595514.6,12,0.0,2,8685,0,1
91,1,596951.0,597022.94,7,0.626939,2,8681,1,0
63,1,598549.06,598795.8,9,1.06967,4,8681,1,0
63,2,598549.06,598795.8,9,1.06967,4,8681,1,0
13,1,598671.06,598804.7,8,-9.61156,4,8685,1,0
13,2,598671.06,598804.7,8,-9.61156,4,8685,1,0
46,1,602717.5,602964.3,9,-12.2305,2,8681,1,0
84,1,606114.8,607101.94,11,-16.6686,2,8681,1,0
100,1,610330.94,612141.4,12,-16.7247,4,8681,1,0
100,2,610330.94,612141.4,12,-16.7247,4,8681,1,0
40,2,615383.94,615455.9,7,4.76711,4,8685,1,0
15,1,624625.2,626435.6,12,-12.0483,2,8685,1,0
39,1,627767.0,628219.7,10,15.2276,4,8681,1,0
39,2,627767.0,628219.7,10,15.2276,4,8681,1,0
11,2,632614.3,632861.06,9,10.9828,2,8681,1,0
36,1,637624.75,638077.4,10,-1.714,2,8685,1,0
20,1,641709.0,642161.6,10,6.24907,2,8681,1,0
20,2,641709.0,642161.6,10,6.24907,2,8681,1,0
54,1,646206.94,648017.3,12,-21.1673,4,8685,1,0
54,2,646206.94,648017.3,12,-21.1673,4,8685,1,0
63,1,649213.7,649460.44,9,3.02771,4,8685,1,0
37,2,650190.44,650262.4,7,0.0,4,8685,1,0
87,2,654209.75,656020.2,12,-2.32663,4,8681,1,0
66,1,656394.56,656847.25,10,-1.46764,4,8681,1,0
51,1,661712.7,663523.1,12,-8.2711,2,8681,1,0
51,2,661712.7,663523.1,12,-8.2711,2,8681,1,0
91,1,663008.6,663080.56,7,-2.9779,2,8685,1,0
91,2,663008.6,663080.56,7,-2.9779,2,8685,1,0
29,1,679305.6,680292.75,11,-6.43307,4,8681,1,0
85,1,681394.0,683204.44,12,0.0,2,8685,0,1
85,2,681394.0,683204.44,12,0.0,2,8685,1,0
14,1,705128.6,706939.0,12,-18.2548,4,8681,1,0
14,2,705128.6,706939.0,12,-18.2548,4,8681,1,0
98,1,706880.75,707867.9,11,-2.66571,4,8681,1,0
89,2,708204.0,710014.4,12,0.0,4,8685,1,0
22,2,716526.9,717514.0,11,-8.166,2,8681,1,0
82,1,717978.06,718430.75,10,-9.31953,2,8685,1,0
82,2,717978.06,718430.75,10,-9.31953,2,8685,1,0
97,1,722013.25,722085.2,7,-8.01463,2,8685,1,0
97,2,722013.25,722085.2,7,-8.01463,2,8685,1,0
43,1,732748.7,732995.5,9,-8.43271,4,8681,1,0
43,2,732748.7,732995.5,9,-8.43271,4,8681,1,0
17,1,734069.44,734522.1,10,23.0331,4,8681,1,0
41,2,738006.56,738078.56,7,0.512147,4,8681,1,0
31,1,738475.06,740285.44,12,-21.4523,4,8681,1,0
12,1,754016.9,754088.8,7,22.1094,4,8681,1,0
10,2,757337.25,757789.94,10,-11.1571,2,8681,1,0
101,1,769540.5,769787.3,9,-10.4196,2,8681,1,0
26,1,774747.44,776557.9,12,-2.65996,2,8685,1,0
74,1,780562.94,781550.06,11,-14.4291,2,8681,1,0
28,1,782444.0,784254.44,12,7.51154,4,8681,1,0
28,2,782444.0,784254.44,12,7.51154,4,8681,1,0
34,2,787594.6,788047.25,10,-1.10315,4,8681,1,0
46,1,788622.7,788869.44,9,-4.52391,2,8685,1,0
21,1,801066.94,802877.4,12,-19.1806,4,8681,1,0
86,1,812807.3,813054.06,9,-13.3648,2,8681,1,0
86,2,812807.3,813054.06,9,-13.3648,2,8681,1,0
88,1,816264.25,817251.3,11,-17.5527,2,8683,1,0
5,2,818891.5,819878.6,11,-2.52951,2,8681,1,0
18,2,832357.8,832810.44,10,-6.97487,2,8681,1,0
11,2,833949.25,834196.06,9,-8.31169,2,8685,1,0
25,2,833975.2,834221.94,9,-3.43858,4,8681,1,0
12,1,834642.94,834714.9,7,14.6938,4,8681,1,0
87,1,835252.94,837063.4,12,0.0,4,8681,0,1
87,2,835252.94,837063.4,12,0.0,4,8681,0,1
86,1,837485.7,837732.5,9,-13.5204,2,8685,1,0
86,2,837485.7,837732.5,9,-13.5204,2,8685,1,0
29,1,840104.1,841091.25,11,-14.0502,4,8685,1,0
51,1,842755.94,844566.4,12,-11.5326,2,8685,0,1
51,2,842755.94,844566.4,12,-11.5326,2,8685,1,0
12,1,845877.7,845949.6,7,31.405,4,8685,1,0
12,2,845877.7,845949.6,7,31.405,4,8685,1,0
62,1,851905.9,852152.6,9,-1.06801,4,8681,1,0
20,1,859371.25,859823.94,10,-1.98056,2,8685,1,0
20,2,859371.25,859823.94,10,-1.98056,2,8685,1,0
37,2,869201.06,869273.0,7,9.66047,4,8683,1,0
93,1,872784.9,873237.5,10,4.24758,2,8681,1,0
12,1,874941.3,875013.25,7,29.6552,4,8685,1,0
72,1,879920.44,880054.0,8,2.14198,2,8681,1,0
85,1,880131.94,881942.4,12,-21.4823,2,8685,1,0
37,1,883794.75,883866.7,7,-1.21478,4,8685,1,0
37,2,883794.75,883866.7,7,-1.21478,4,8685,1,0
70,1,885758.94,885830.9,7,4.64479,2,8681,1,0
14,1,886171.8,887982.25,12,-18.9965,4,8685,1,0
14,2,886171.8,887982.25,12,-18.9965,4,8685,1,0
89,2,889247.2,891057.6,12,0.0,4,8685,1,0
7,1,894058.94,895046.06,11,-19.3324,4,8685,1,0
92,2,898834.75,899287.44,10,-16.1576,4,8681,1,0
70,1,901665.1,901737.06,7,-1.78413,2,8685,1,0
24,1,903042.3,903494.94,10,-9.01915,2,8681,1,0
20,1,904632.06,905084.7,10,9.06295,2,8685,1,0
60,2,906010.44,906082.4,7,-4.6188,4,8681,1,0
78,1,914342.0,914413.94,7,10.7458,4,8685,1,0
78,2,914342.0,914413.94,7,10.7458,4,8685,1,0
35,1,917178.1,917424.9,9,6.62022,4,8681,0,1
35,2,917178.1,917424.9,9,6.62022,4,8681,1,0
95,1,926697.94,928508.4,12,6.38545,2,8685,1,0
95,2,926697.94,928508.4,12,6.38545,2,8685,1,0
66,1,938332.25,938784.94,10,0.437653,4,8685,1,0
66,2,938332.25,938784.94,10,0.437653,4,8685,1,0
24,1,948303.1,948755.75,10,-9.16867,2,8685,1,0
27,2,949920.06,950907.2,11,-2.39639,4,8681,1,0
60,2,954096.0,954168.0,7,-5.78384,4,8685,1,0
26,1,955790.6,957601.06,12,-19.6028,2,8683,1,0
26,2,955790.6,957601.06,12,-19.6028,2,8683,0,1
77,1,957648.6,958101.25,10,-9.75026,2,8685,1,0
77,2,957648.6,958101.25,10,-9.75026,2,8685,1,0
76,1,959674.0,960126.6,10,-12.0694,2,8681,1,0
47,1,972225.9,972678.5,10,-9.10625,2,8681,1,0
11,2,972855.25,973102.0,9,-2.03764,2,8685,1,0
78,1,975105.4,975177.3,7,29.3032,4,8685,1,0
8,2,975761.75,977572.2,12,-9.99823,2,8685,1,0
12,1,983056.3,983128.3,7,10.3809,4,8683,1,0
94,1,985419.5,987229.94,12,-14.7544,4,8681,1,0
94,2,985419.5,987229.94,12,-14.7544,4,8681,1,0
53,2,985806.0,986052.8,9,2.67171,2,8681,1,0
72,1,994449.25,994582.9,8,-3.81714,2,8681,1,0
72,2,994449.25,994582.9,8,-3.81714,2,8681,1,0
20,1,995153.7,995606.3,10,3.22478,2,8685,1,0
92,1,1012417.75,1012870.4,10,-9.81471,4,8681,1,0
6,1,1013886.6,1014133.4,9,3.58608,2,8685,0,1
6,2,1013886.6,1014133.4,9,3.58608,2,8685,1,0
87,1,1016296.1,1018106.56,12,-13.6459,4,8685,1,0
59,1,1019926.1,1020059.75,8,-7.63904,4,8681,1,0
59,2,1019926.1,1020059.75,8,-7.63904,4,8681,1,0
70,1,1023701.75,1023773.7,7,3.81734,2,8685,1,0
36,1,1024444.3,1024897.0,10,-13.1456,2,8685,1,0
36,2,1024444.3,1024897.0,10,-13.1456,2,8685,1,0
56,1,1033468.75,1033540.6,7,-6.1815,4,8685,1,0
42,1,1034934.7,1035387.3,10,3.40354,2,8681,1,0
20,1,1040414.56,1040867.2,10,-9.73283,2,8683,1,0
70,1,1042348.0,1042419.94,7,9.07378,2,8683,1,0
81,1,1044614.9,1044686.75,7,7.57014,4,8681,1,0
49,1,1055006.1,1055458.8,10,-3.80664,4,8681,1,0
24,1,1055195.2,1055648.0,10,-11.498,2,8685,1,0
85,1,1061175.1,1062985.6,12,-22.0053,2,8683,1,0
85,2,1061175.1,1062985.6,12,-22.0053,2,8683,1,0
28,2,1066185.0,1067995.5,12,-20.5509,4,8685,1,0
44,2,1069520.2,1071330.8,12,0.0,2,8681,0,1
58,1,1079185.1,1080172.4,11,0.888963,4,8681,1,0
7,1,1095510.9,1096498.0,11,4.62464,4,8683,1,0
38,2,1097933.4,1099743.8,12,-14.1882,2,8681,1,0
5,2,1103991.4,1104978.5,11,-4.03926,2,8685,1,0
78,1,1106067.2,1106139.1,7,-7.55763,4,8683,1,0
46,1,1106270.9,1106517.8,9,-12.0092,2,8685,1,0
91,1,1106830.1,1106902.0,7,-3.67036,2,8685,1,0
6,1,1107302.6,1107549.5,9,-13.9518,2,8683,1,0
62,2,1111316.9,1111563.8,9,-9.17003,4,8681,1,0
54,2,1114332.4,1116142.9,12,-9.78093,4,8685,1,0
35,2,1119324.8,1119571.5,9,1.754,4,8681,1,0
77,2,1124552.6,1125005.2,10,16.4584,2,8683,1,0
11,2,1129300.1,1129547.0,9,-5.81729,2,8683,1,0
26,1,1136833.9,1138644.2,12,-7.78207,2,8685,1,0
26,2,1136833.9,1138644.2,12,-7.78207,2,8685,1,0
16,1,1137541.1,1139351.5,12,-22.2493,2,8683,1,0
3,1,1138020.8,1139831.1,12,0.423951,4,8681,1,0
3,2,1138020.8,1139831.1,12,0.423951,4,8681,1,0
70,1,1142033.5,1142105.4,7,0.0,2,8685,0,1
70,2,1142033.5,1142105.4,7,0.0,2,8685,1,0
35,1,1144003.1,1144250.0,9,-11.5346,4,8685,1,0
35,2,1144003.1,1144250.0,9,-11.5346,4,8685,1,0
63,1,1154433.5,1154680.2,9,-12.9082,4,8685,1,0
31,1,1156666.6,1158477.0,12,-3.56714,4,8685,0,1
31,2,1156666.6,1158477.0,12,-3.56714,4,8685,1,0
72,2,1156931.8,1157065.4,8,-6.37997,2,8685,1,0
52,1,1157000.6,1157453.2,10,-16.5189,4,8681,0,1
52,2,1157000.6,1157453.2,10,-16.5189,4,8681,1,0
30,2,1157262.6,1157334.5,7,3.30154,2,8681,1,0
14,2,1165402.9,1167213.2,12,-22.1445,4,8685,1,0
94,1,1166462.6,1168273.1,12,-21.2415,4,8681,1,0
94,2,1166462.6,1168273.1,12,-21.2415,4,8681,1,0
18,2,1167482.6,1167935.2,10,-11.2836,2,8685,1,0
83,1,1168039.9,1168111.9,7,-9.17457,2,8681,1,0
83,2,1168039.9,1168111.9,7,-9.17457,2,8681,1,0
80,1,1181264.8,1181511.6,9,2.4287,2,8685,1,0
100,1,1182184.8,1183995.1,12,-2.77724,4,8685,1,0
100,2,1182184.8,1183995.1,12,-2.77724,4,8685,1,0
25,2,1183607.6,1183854.5,9,-9.24866,4,8681,1,0
12,1,1187628.6,1187700.5,7,23.9649,4,8685,1,0
96,1,1189246.0,1189317.9,7,6.77706,4,8681,1,0
66,1,1195626.0,1196078.6,10,-15.0092,4,8685,1,0
99,1,1198670.4,1199123.0,10,0.0,2,8681,1,0
22,2,1203038.8,1204025.9,11,-16.3355,2,8685,1,0
79,1,1204108.4,1204242.1,8,3.3709,2,8685,1,0
95,1,1204298.0,1206108.4,12,-17.3005,2,8683,1,0
49,1,1206931.0,1207383.6,10,-15.2543,4,8681,1,0
84,2,1216206.0,1217193.2,11,-9.36931,2,8681,1,0
33,2,1232152.1,1233962.5,12,-13.4285,2,8685,1,0
7,1,1234064.4,1235051.5,11,-14.9022,4,8685,1,0
7,2,1234064.4,1235051.5,11,-14.9022,4,8685,1,0
28,1,1247228.2,1249038.8,12,-10.4472,4,8685,1,0
28,2,1247228.2,1249038.8,12,-10.4472,4,8685,1,0
37,2,1250941.6,1251013.5,7,6.51988,4,8683,1,0
89,1,1251333.6,1253144.0,12,0.0,4,8685,1,0
44,1,1265310.1,1267120.6,12,-20.4901,2,8685,1,0
44,2,1265310.1,1267120.6,12,-20.4901,2,8685,1,0
61,2,1267648.1,1268100.8,10,-16.2105,4,8681,1,0
101,1,1270469.0,1270715.9,9,-2.55609,2,8685,1,0
39,1,1276447.5,1276900.1,10,-1.96486,4,8681,1,0
39,2,1276447.5,1276900.1,10,-1.96486,4,8681,1,0
20,1,1278691.1,1279143.8,10,0.0,2,8683,1,0
20,2,1278691.1,1279143.8,10,0.0,2,8683,0,1
41,1,1282456.9,1282528.8,7,3.48631,4,8681,1,0
36,1,1292475.8,1292928.4,10,-13.0742,2,8683,1,0
36,2,1292475.8,1292928.4,10,-13.0742,2,8683,1,0
92,1,1294629.5,1295082.1,10,-8.40897,4,8685,1,0
92,2,1294629.5,1295082.1,10,-8.40897,4,8685,1,0
38,2,1294711.4,1296521.9,12,-21.5959,2,8685,1,0
101,1,1295147.5,1295394.2,9,-3.35695,2,8683,1,0
82,1,1311464.9,1311917.5,10,-3.87524,2,8685,1,0
76,1,1311492.6,1311945.2,10,-14.2288,2,8681,1,0
26,2,1317877.1,1319687.5,12,-9.53789,2,8683,1,0
3,1,1319064.0,1320874.4,12,-6.58003,4,8681,1,0
3,2,1319064.0,1320874.4,12,-6.58003,4,8681,1,0
23,2,1324065.8,1324137.8,7,16.644,4,8685,1,0
5,1,1324987.4,1325974.6,11,-11.1471,2,8685,1,0
5,2,1324987.4,1325974.6,11,-11.1471,2,8685,0,1
86,1,1327945.6,1328192.5,9,-6.90687,2,8683,1,0
25,2,1336320.9,1336567.8,9,-6.84686,4,8685,1,0
98,1,1337156.0,1338143.2,11,-15.4555,4,8681,1,0
74,1,1341134.6,1342121.9,11,0.0,2,8681,0,1
74,2,1341134.6,1342121.9,11,0.0,2,8681,1,0
102,1,1344319.8,1344391.6,7,21.1208,4,8685,1,0
102,2,1344319.8,1344391.6,7,21.1208,4,8685,1,0
14,1,1346446.0,1348256.5,12,-20.9675,4,8683,1,0
97,2,1346996.8,1347068.6,7,1.85487,2,8685,1,0
45,1,1358477.5,1358549.5,7,22.0873,4,8681,1,0
78,1,1358653.8,1358725.8,7,-3.75967,4,8685,1,0
75,1,1372039.0,1372285.8,9,14.1614,2,8685,1,0
102,1,1375952.9,1376024.8,7,-7.6071,4,8683,1,0
100,2,1380802.8,1382613.1,12,-18.0342,4,8683,1,0
41,2,1384367.5,1384439.5,7,-3.68133,4,8685,1,0
10,2,1385572.2,1386024.9,10,0.0,2,8685,1,0
84,1,1389633.1,1390620.4,11,-17.5153,2,8685,1,0
84,2,1389633.1,1390620.4,11,-17.5153,2,8685,1,0
49,1,1391193.2,1391645.9,10,-3.7344,4,8685,1,0
22,2,1395519.8,1396507.0,11,-12.2677,2,8685,1,0
94,1,1396048.2,1397858.6,12,-17.2972,4,8685,1,0
94,2,1396048.2,1397858.6,12,-17.2972,4,8685,1,0
37,2,1405137.4,1405209.2,7,-1.6124,4,8683,1,0
80,1,1406482.6,1406729.5,9,-9.0327,2,8685,1,0
80,2,1406482.6,1406729.5,9,-9.0327,2,8685,1,0
93,1,1418907.2,1419359.9,10,-1.43027,2,8685,1,0
93,2,1418907.2,1419359.9,10,-1.43027,2,8685,1,0
85,1,1423261.6,1425072.0,12,-16.9955,2,8683,1,0
5,2,1423700.9,1424688.1,11,-14.011,2,8683,1,0
28,1,1428271.5,1430081.9,12,-10.3187,4,8683,1,0
10,2,1430833.1,1431285.8,10,-12.7524,2,8683,1,0
59,1,1436290.6,1436424.4,8,-1.41325,4,8685,1,0
49,2,1436454.1,1436906.8,10,-15.9853,4,8685,1,0
79,1,1437838.6,1437972.2,8,-9.90135,2,8685,1,0
19,2,1437850.1,1438837.2,11,-19.1326,2,8685,0,1
74,1,1439848.2,1440835.5,11,-12.6738,2,8685,1,0
74,2,1439848.2,1440835.5,11,-12.6738,2,8685,1,0
4,1,1441288.1,1443098.5,12,-11.9264,4,8685,1,0
4,2,1441288.1,1443098.5,12,-11.9264,4,8685,1,0
67,2,1453176.8,1453423.6,9,8.88534,2,8681,1,0
18,2,1458336.5,1458789.1,10,-14.6758,2,8683,1,0
77,2,1459079.1,1459531.8,10,-10.7,2,8685,1,0
81,1,1466002.9,1466074.9,7,-3.16333,4,8681,1,0
63,1,1466053.9,1466300.6,9,-7.43455,4,8685,1,0
63,2,1466053.9,1466300.6,9,-7.43455,4,8685,1,0
93,1,1470056.6,1470509.2,10,3.17797,2,8685,1,0
67,1,1477855.1,1478101.9,9,-13.6969,2,8681,1,0
67,2,1477855.1,1478101.9,9,-13.6969,2,8681,1,0
40,2,1486023.6,1486095.6,7,1.15642,4,8683,1,0
8,1,1488123.6,1489934.1,12,-22.1851,2,8685,1,0
29,1,1490189.0,1491176.1,11,-16.8348,4,8685,1,0
29,2,1490189.0,1491176.1,11,-16.8348,4,8685,1,0
89,2,1491160.6,1492971.1,12,-13.2572,4,8683,1,0
39,1,1493059.5,1493512.1,10,-8.14989,4,8685,1,0
39,2,1493059.5,1493512.1,10,-8.14989,4,8685,1,0
22,2,1494233.4,1495220.6,11,0.0,2,8683,0,1
67,2,1502533.6,1502780.4,9,19.6261,2,8685,1,0
65,2,1505147.5,1505394.2,9,-13.8451,4,8685,1,0
51,1,1506357.8,1508168.2,12,-14.582,2,8685,1,0
51,2,1506357.8,1508168.2,12,-14.582,2,8685,0,1
27,2,1510665.9,1511653.1,11,-11.073,4,8685,1,0
24,1,1516307.2,1516759.9,10,-12.7477,2,8683,1,0
15,2,1518194.2,1520004.6,12,-20.9536,2,8685,1,0
5,1,1522414.5,1523401.8,11,-11.4538,2,8685,1,0
75,1,1526060.1,1526307.0,9,-10.3717,2,8685,1,0
75,2,1526060.1,1526307.0,9,-10.3717,2,8685,1,0
87,1,1532789.6,1534600.1,12,-8.74924,4,8685,1,0
87,2,1532789.6,1534600.1,12,-8.74924,4,8685,1,0
19,1,1536563.6,1537550.8,11,-7.10753,2,8683,0,1
19,2,1536563.6,1537550.8,11,-7.10753,2,8683,1,0
23,1,1538960.5,1539032.4,7,7.74237,4,8685,1,0
23,2,1538960.5,1539032.4,7,7.74237,4,8685,1,0
57,1,1549034.4,1549168.1,8,-6.12985,4,8685,1,0
57,2,1549034.4,1549168.1,8,-6.12985,4,8685,1,0
93,2,1550102.0,1550554.8,10,-13.1655,2,8683,0,1
74,1,1551580.8,1552567.9,11,2.92317,2,8685,1,0
74,2,1551580.8,1552567.9,11,2.92317,2,8685,1,0
91,1,1553843.4,1553915.2,7,-6.87247,2,8683,1,0
54,1,1558924.5,1560735.0,12,-1.89081,4,8683,1,0
54,2,1558924.5,1560735.0,12,-1.89081,4,8683,1,0
63,1,1563269.4,1563516.2,9,0.0,4,8683,0,1
63,2,1563269.4,1563516.2,9,0.0,4,8683,1,0
68,2,1568394.9,1570205.4,12,-20.5702,4,8685,1,0
94,1,1577091.4,1578901.9,12,-16.5806,4,8685,1,0
94,2,1577091.4,1578901.9,12,-16.5806,4,8685,1,0
30,1,1579333.1,1579405.0,7,-4.0984,2,8685,1,0
30,2,1579333.1,1579405.0,7,-4.0984,2,8685,1,0
45,1,1595882.9,1595954.9,7,9.89368,4,8685,1,0
17,1,1598322.9,1598775.5,10,0.915208,4,8685,1,0
44,1,1598421.9,1600232.2,12,-10.4059,2,8685,1,0
44,2,1598421.9,1600232.2,12,-10.4059,2,8685,1,0
93,1,1602956.2,1603408.9,10,-11.4421,2,8685,1,0
28,1,1609314.8,1611125.1,12,-21.6546,4,8685,1,0
67,1,1614689.5,1614936.2,9,-8.52446,2,8685,1,0
39,2,1615443.8,1615896.4,10,-1.29124,4,8685,1,0
52,2,1616907.2,1617359.9,10,-12.0008,4,8681,1,0
53,2,1624388.9,1624635.8,9,-11.8754,2,8681,1,0
41,2,1627582.0,1627653.9,7,-5.88516,4,8685,1,0
14,2,1630713.5,1632523.9,12,-14.3087,4,8685,1,0
70,1,1632398.4,1632470.2,7,-5.69296,2,8683,1,0
70,2,1632398.4,1632470.2,7,-5.69296,2,8683,1,0
20,1,1637860.4,1638313.0,10,-4.96492,4,8681,1,0
20,2,1637860.4,1638313.0,10,-4.96492,4,8681,1,0
47,1,1640075.4,1640528.0,10,-3.71442,2,8685,0,1
47,2,1640075.4,1640528.0,10,-3.71442,2,8685,1,0
92,2,1644991.8,1645444.4,10,-8.69755,4,8683,1,0
13,2,1646032.1,1646165.8,8,-10.3133,4,8683,1,0
81,1,1658938.4,1659010.2,7,-8.65124,4,8685,1,0
74,1,1659480.4,1660467.5,11,0.0,2,8683,0,1
74,2,1659480.4,1660467.5,11,0.0,2,8683,1,0
39,2,1660704.6,1661157.2,10,1.53859,4,8683,1,0
7,1,1661969.2,1662956.4,11,-12.8285,4,8683,1,0
7,2,1661969.2,1662956.4,11,-12.8285,4,8683,0,1
11,2,1662307.9,1662554.8,9,6.20693,2,8685,0,1
90,1,1663578.9,1663650.8,7,0.549653,4,8681,1,0
46,1,1666043.6,1666290.4,9,0.0,2,8683,0,1
46,2,1666043.6,1666290.4,9,0.0,2,8683,1,0
95,1,1681527.6,1683338.0,12,-6.06015,2,8685,1,0
51,2,1687401.0,1689211.4,12,-15.0932,2,8683,1,0
72,1,1689605.2,1689738.9,8,-7.78253,2,8683,1,0
56,2,1691542.9,1691614.8,7,16.3571,4,8685,1,0
19,2,1691940.1,1692927.4,11,0.0,2,8683,0,1
59,1,1692579.9,1692713.5,8,-1.25984,4,8685,1,0
78,1,1712557.8,1712629.6,7,10.5825,4,8683,1,0
97,2,1715094.4,1715166.2,7,-2.23672,2,8683,1,0
42,1,1715340.6,1715793.2,10,-4.12695,2,8685,1,0
79,1,1717843.4,1717977.0,8,4.97013,2,8683,1,0
5,1,1718137.0,1719124.1,11,-14.0737,2,8683,1,0
72,1,1721898.6,1722032.4,8,-7.97101,2,8685,1,0
81,1,1722758.2,1722830.2,7,-9.02986,4,8683,1,0
81,2,1722758.2,1722830.2,7,-9.02986,4,8683,1,0
43,2,1723027.5,1723274.2,9,-7.04378,4,8681,1,0
75,1,1737989.8,1738236.6,9,-2.8255,2,8683,1,0
75,2,1737989.8,1738236.6,9,-2.8255,2,8683,1,0
83,1,1739665.0,1739737.0,7,-8.76288,2,8685,1,0
83,2,1739665.0,1739737.0,7,-8.76288,2,8685,1,0
40,2,1742372.5,1742444.5,7,7.79,4,8685,1,0
69,2,1745183.4,1745317.0,8,-11.8116,2,8681,1,0
62,1,1749561.4,1749808.2,9,9.77033,4,8685,1,0
62,2,1749561.4,1749808.2,9,9.77033,4,8685,1,0
94,1,1758134.5,1759945.0,12,-8.90266,4,8683,1,0
65,2,1760500.1,1760747.0,9,-2.39006,4,8683,1,0
59,1,1761026.8,1761160.4,8,2.45783,4,8683,1,0
59,2,1761026.8,1761160.4,8,2.45783,4,8683,1,0
86,2,1763122.6,1763369.5,9,-9.8473,2,8685,0,1
33,1,1767615.5,1769425.9,12,-16.5224,2,8683,1,0
78,1,1781759.5,1781831.4,7,15.8264,4,8683,1,0
83,2,1791361.0,1791432.9,7,2.43155,2,8685,1,0
59,1,1791364.0,1791497.6,8,0.00184714,4,8685,1,0
70,1,1794336.5,1794408.5,7,-1.80385,2,8683,1,0
101,1,1798170.2,1798417.1,9,4.53275,2,8685,1,0
23,1,1802726.4,1802798.2,7,-1.63971,4,8683,1,0
78,1,1804308.9,1804380.8,7,25.6539,4,8683,1,0
30,2,1804864.0,1804935.9,7,6.12393,2,8685,1,0
40,2,1812315.1,1812387.0,7,-4.57063,4,8683,1,0
27,1,1814631.4,1815618.5,11,-18.85,4,8683,1,0
27,2,1814631.4,1815618.5,11,-18.85,4,8683,1,0
55,2,1818530.2,1820340.8,12,0.0,4,8681,1,0
48,2,1820121.9,1820193.8,7,8.9512,2,8683,1,0
44,1,1823574.9,1825385.2,12,-17.4999,2,8683,1,0
44,2,1823574.9,1825385.2,12,-17.4999,2,8683,1,0
30,2,1826322.6,1826394.5,7,-5.69757,2,8683,1,0
59,1,1829610.8,1829744.4,8,-7.22293,4,8683,1,0
29,1,1832555.6,1833542.9,11,-8.17451,4,8683,1,0
64,2,1837357.1,1837490.9,8,13.8971,4,8683,1,0
50,2,1851270.5,1852257.8,11,-2.83276,2,8683,1,0
23,1,1855585.4,1855657.2,7,-4.22205,4,8685,1,0
23,2,1855585.4,1855657.2,7,-4.22205,4,8685,1,0
92,2,1855728.0,1856180.6,10,-5.97336,4,8685,1,0
51,2,1868444.2,1870254.6,12,-15.5106,2,8685,1,0
95,1,1869182.5,1870992.9,12,-13.4599,2,8683,1,0
40,2,1869735.5,1869807.4,7,6.26308,4,8683,1,0
91,1,1880037.2,1880109.1,7,6.2294,2,8685,1,0
43,1,1882018.0,1882264.8,9,-7.57565,4,8685,1,0
43,2,1882018.0,1882264.8,9,-7.57565,4,8685,1,0
21,1,1889768.5,1891579.0,12,10.8981,4,8685,1,0
90,1,1891716.1,1891788.0,7,-8.80707,4,8685,1,0
3,1,1906161.9,1907972.2,12,-17.6035,4,8685,1,0
3,2,1906161.9,1907972.2,12,-17.6035,4,8685,1,0
57,2,1921713.4,1921847.0,8,-10.3009,4,8685,1,0
58,1,1928419.8,1929407.0,11,-18.2201,4,8685,1,0
38,1,1928790.5,1930601.0,12,-21.1467,2,8683,1,0
38,2,1928790.5,1930601.0,12,-21.1467,2,8683,1,0
94,1,1939177.8,1940988.1,12,-13.8673,4,8685,1,0
94,2,1939177.8,1940988.1,12,-13.8673,4,8685,1,0
102,1,1942238.4,1942310.2,7,12.6574,4,8685,1,0
79,1,1944916.4,1945050.0,8,-5.69832,2,8685,1,0
91,1,1947788.0,1947859.9,7,3.51623,2,8683,1,0
26,1,1958274.5,1960085.0,12,-3.56099,2,8683,1,0
65,1,1958912.4,1959159.1,9,-13.4857,4,8685,1,0
65,2,1958912.4,1959159.1,9,-13.4857,4,8685,1,0
72,1,1959868.9,1960002.6,8,3.8006,2,8683,1,0
72,2,1959868.9,1960002.6,8,3.8006,2,8683,1,0
9,1,1967798.6,1968785.8,11,-18.3801,2,8681,1,0
42,1,1971074.6,1971527.2,10,-16.4337,2,8685,1,0
52,1,1982252.6,1982705.4,10,0.902573,4,8685,1,0
52,2,1982252.6,1982705.4,10,0.902573,4,8685,1,0
16,2,1982581.6,1984392.1,12,-6.46149,2,8685,0,1
46,1,1984690.0,1984936.8,9,0.0,2,8685,1,0
75,1,1990399.8,1990646.6,9,-0.435302,2,8683,1,0
75,2,1990399.8,1990646.6,9,-0.435302,2,8683,1,0
36,1,1990606.4,1991059.0,10,-11.6926,2,8683,1,0
34,1,1993182.1,1993634.8,10,4.81345,4,8681,1,0
76,1,1995942.4,1996395.0,10,-14.9901,2,8685,1,0
82,1,2006834.2,2007286.9,10,-7.35687,2,8683,1,0
59,1,2023182.2,2023315.9,8,-9.19141,4,8683,1,0
59,2,2023182.2,2023315.9,8,-9.19141,4,8683,1,0
37,2,2023204.6,2023276.5,7,-1.94035,4,8681,1,0
90,1,2031541.6,2031613.5,7,16.6038,4,8685,1,0
12,1,2042011.8,2042083.6,7,8.08133,4,8683,1,0
95,1,2050225.6,2052036.1,12,-0.746261,2,8683,1,0
41,2,2061191.4,2061263.4,7,-9.13293,4,8683,1,0
81,1,2063948.2,2064020.2,7,9.77636,4,8685,1,0
81,2,2063948.2,2064020.2,7,9.77636,4,8685,1,0
21,1,2077887.5,2079698.0,12,-6.09242,4,8685,1,0
21,2,2077887.5,2079698.0,12,-6.09242,4,8685,1,0
84,2,2083742.9,2084730.0,11,-14.9902,2,8685,1,0
82,1,2084596.0,2085048.6,10,-10.5351,2,8685,1,0
82,2,2084596.0,2085048.6,10,-10.5351,2,8685,1,0
86,1,2087399.1,2087646.0,9,-12.1716,2,8683,1,0
86,2,2087399.1,2087646.0,9,-12.1716,2,8683,1,0
49,1,2088631.1,2089083.8,10,-16.2695,4,8683,1,0
92,2,2093820.8,2094273.5,10,-10.3205,4,8683,1,0
27,1,2095923.1,2096910.1,11,3.51981,4,8685,1,0
27,2,2095923.1,2096910.1,11,3.51981,4,8685,1,0
68,2,2100511.2,2102321.8,12,2.23364,4,8685,1,0
73,2,2101855.5,2101927.5,7,3.57602,2,8681,1,0
18,2,2112389.5,2112842.0,10,12.2026,2,8685,1,0
94,1,2120221.0,2122031.5,12,-8.48462,4,8683,1,0
94,2,2120221.0,2122031.5,12,-8.48462,4,8683,1,0
63,1,2123741.5,2123988.2,9,2.86423,4,8681,1,0
32,1,2134603.2,2134850.0,9,-10.17,4,8685,1,0
43,1,2141119.2,2141366.0,9,1.88524,4,8685,1,0
43,2,2141119.2,2141366.0,9,1.88524,4,8685,1,0
88,2,2142713.2,2143700.2,11,-7.76219,2,8685,1,0
44,2,2155688.8,2157499.2,12,-14.7252,2,8685,1,0
77,1,2156026.5,2156479.2,10,-9.9303,2,8683,1,0
77,2,2156026.5,2156479.2,10,-9.9303,2,8683,1,0
37,2,2160609.0,2160681.0,7,6.44385,4,8683,1,0
61,1,2166254.5,2166707.0,10,-14.7683,4,8685,1,0
61,2,2166254.5,2166707.0,10,-14.7683,4,8685,1,0
81,1,2169396.0,2169468.0,7,0.0,4,8683,1,0
82,1,2170368.5,2170821.0,10,-3.62337,2,8683,0,1
82,2,2170368.5,2170821.0,10,-3.62337,2,8683,1,0
31,1,2176029.8,2177840.2,12,-14.423,4,8685,1,0
31,2,2176029.8,2177840.2,12,-14.423,4,8685,1,0
42,1,2177540.0,2177992.8,10,-16.888,2,8683,1,0
41,2,2185550.2,2185622.2,7,-0.986465,4,8685,1,0
39,1,2188136.8,2188589.2,10,-6.03543,4,8685,1,0
83,2,2195261.5,2195333.5,7,0.30124,2,8685,1,0
54,1,2195519.5,2197330.0,12,-15.7642,4,8683,1,0
54,2,2195519.5,2197330.0,12,-15.7642,4,8683,1,0
17,1,2197766.5,2198219.2,10,-14.6603,4,8683,1,0
83,2,2204850.0,2204922.0,7,14.4297,2,8683,1,0
41,2,2207338.5,2207410.5,7,1.50243,4,8683,1,0
76,2,2210697.2,2211150.0,10,-8.6358,2,8683,1,0
82,1,2215629.2,2216081.8,10,-9.08687,2,8683,1,0
12,1,2229140.2,2229212.2,7,-1.47949,4,8683,1,0
86,2,2234580.5,2234827.5,9,4.05621,2,8683,1,0
6,1,2239936.2,2240183.0,9,-9.57402,2,8685,1,0
84,1,2241015.8,2242003.0,11,-10.6917,2,8683,1,0
17,1,2243027.2,2243480.0,10,-11.9549,4,8685,1,0
17,2,2243027.2,2243480.0,10,-11.9549,4,8685,1,0
85,1,2248738.8,2250549.2,12,-7.27743,2,8683,1,0
102,1,2252325.8,2252397.8,7,-3.00665,4,8683,1,0
47,1,2252430.0,2252882.5,10,-8.00708,2,8685,1,0
79,2,2258669.2,2258802.8,8,-10.1939,2,8683,1,0
21,1,2258930.8,2260741.2,12,-17.8762,4,8683,1,0
86,2,2259258.8,2259505.5,9,-4.78592,4,8681,1,0
9,1,2261460.5,2262447.5,11,7.58092,2,8685,1,0
23,2,2262966.5,2263038.5,7,3.21233,4,8683,1,0
13,1,2264587.8,2264721.2,8,-9.92931,4,8685,1,0
13,2,2264587.8,2264721.2,8,-9.92931,4,8685,1,0
76,1,2265288.8,2265741.5,10,0.0,2,8685,0,1
74,1,2292615.8,2293602.8,11,-14.301,2,8685,1,0
74,2,2292615.8,2293602.8,11,-14.301,2,8685,1,0
95,1,2306701.2,2308511.8,12,-14.371,4,8681,1,0
95,2,2306701.2,2308511.8,12,-14.371,4,8681,1,0
40,2,2310106.8,2310178.8,7,5.40564,4,8681,1,0
79,1,2313690.8,2313824.2,8,9.63108,2,8683,1,0
79,2,2313690.8,2313824.2,8,9.63108,2,8683,1,0
3,1,2318319.2,2320130.0,12,-8.83855,4,8683,1,0
3,2,2318319.2,2320130.0,12,-8.83855,4,8683,1,0
5,2,2326289.2,2327276.2,11,0.602357,2,8683,1,0
49,1,2330689.8,2331142.2,10,-4.5502,4,8685,1,0
102,1,2332152.0,2332224.0,7,13.9481,4,8683,1,0
76,2,2336369.2,2336821.8,10,-9.97034,2,8683,1,0
44,1,2336732.0,2338542.5,12,-15.7358,2,8683,1,0
38,1,2338809.5,2340620.0,12,2.6337,2,8683,1,0
65,1,2348408.2,2348655.0,9,-11.8835,4,8683,1,0
48,2,2349487.2,2349559.2,7,-3.4736,2,8683,1,0
31,1,2357073.0,2358883.5,12,0.484589,4,8683,1,0
48,1,2367284.0,2367356.0,7,-6.67056,4,8681,1,0
20,1,2368631.8,2369084.5,10,0.695466,2,8685,1,0
30,1,2371657.2,2371729.2,7,-6.89006,2,8685,1,0
30,2,2371657.2,2371729.2,7,-6.89006,2,8685,1,0
83,2,2375828.2,2375900.5,7,-7.76598,2,8683,1,0
54,1,2376562.8,2378373.2,12,4.12683,4,8683,1,0
54,2,2376562.8,2378373.2,12,4.12683,4,8683,1,0
8,1,2377137.8,2378948.2,12,-14.0161,2,8685,1,0
8,2,2377137.8,2378948.2,12,-14.0161,2,8685,1,0
62,1,2384514.0,2384760.8,9,-10.6046,4,8683,1,0
62,2,2384514.0,2384760.8,9,-10.6046,4,8683,1,0
35,1,2387489.0,2387735.8,9,-13.5302,4,8683,1,0
88,1,2388260.0,2389247.0,11,-19.0157,2,8683,1,0
88,2,2388260.0,2389247.0,11,-19.0157,2,8683,1,0
63,1,2388577.8,2388824.5,9,0.0,4,8683,1,0
6,1,2402546.8,2402793.5,9,-13.5779,2,8683,1,0
69,1,2404711.8,2404845.2,8,-6.00845,2,8681,1,0
69,2,2404711.8,2404845.2,8,-6.00845,2,8681,1,0
76,1,2408733.5,2409186.0,10,-8.69046,2,8683,1,0
76,2,2408733.5,2409186.0,10,-8.69046,2,8683,1,0
29,2,2417187.0,2418174.0,11,-17.8615,4,8685,1,0
22,2,2422491.0,2423478.0,11,-14.3596,2,8683,1,0
97,2,2423258.8,2423330.8,7,4.35306,2,8685,1,0
45,1,2426754.5,2426826.5,7,25.7333,4,8685,1,0
45,2,2426754.5,2426826.5,7,25.7333,4,8685,1,0
63,1,2429441.2,2429688.0,9,-11.7469,4,8685,1,0
7,1,2436178.8,2437165.8,11,1.13942,4,8683,1,0
61,2,2438448.8,2438901.2,10,-14.4839,4,8685,1,0
28,1,2447209.2,2449019.8,12,-13.4218,4,8683,1,0
28,2,2447209.2,2449019.8,12,-13.4218,4,8683,1,0
100,2,2462301.5,2464112.0,12,-5.52731,4,8685,1,0
15,1,2465198.8,2467009.2,12,-11.9655,2,8683,1,0
15,2,2465198.8,2467009.2,12,-11.9655,2,8683,0,1
45,1,2466884.5,2466956.5,7,9.4826,4,8683,1,0
64,2,2481934.5,2482068.0,8,10.5237,4,8685,1,0
98,1,2488566.0,2489553.0,11,-17.7245,4,8685,1,0
32,1,2499104.0,2499350.8,9,2.2769,4,8685,1,0
32,2,2499104.0,2499350.8,9,2.2769,4,8685,1,0
3,2,2499362.5,2501173.0,12,-13.5674,4,8685,1,0
21,1,2499979.5,2501790.0,12,0.0,4,8685,1,0
86,1,2501729.0,2501975.8,9,-1.90366,2,8683,1,0
86,2,2501729.0,2501975.8,9,-1.90366,2,8683,0,1
35,2,2506971.0,2507217.8,9,5.69391,4,8685,1,0
26,2,2509084.2,2510894.8,12,-14.1974,4,8681,1,0
77,2,2510689.0,2511141.5,10,-8.18339,4,8681,1,0
85,1,2515250.0,2517060.5,12,-21.1074,4,8681,1,0
14,1,2515411.5,2517222.0,12,-15.7468,4,8683,1,0
38,1,2519852.8,2521663.2,12,0.0,2,8683,0,1
22,2,2521204.5,2522191.8,11,-2.12987,2,8683,1,0
40,1,2527943.5,2528015.5,7,2.26607,4,8683,1,0
40,2,2527943.5,2528015.5,7,2.26607,4,8683,1,0
7,1,2534892.2,2535879.5,11,-1.70593,4,8681,1,0
20,1,2538156.0,2538608.8,10,0.0,2,8683,0,1
94,2,2548944.2,2550755.0,12,-20.5572,4,8681,1,0
89,1,2556432.0,2558242.5,12,-11.3787,4,8683,1,0
89,2,2556432.0,2558242.5,12,-11.3787,4,8683,1,0
24,1,2559724.2,2560177.0,10,-2.86343,2,8683,1,0
61,1,2565036.8,2565489.5,10,-2.37579,4,8683,1,0
13,1,2588203.8,2588337.5,8,-9.85499,4,8683,1,0
56,2,2592389.2,2592461.2,7,19.3602,4,8683,1,0
45,1,2594867.8,2594939.8,7,10.8044,4,8685,1,0
74,1,2598378.5,2599365.5,11,-14.7966,2,8683,1,0
74,2,2598378.5,2599365.5,11,-14.7966,2,8683,1,0
37,2,2602323.5,2602395.5,7,5.05618,4,8685,1,0
40,2,2608192.5,2608264.5,7,-1.97627,4,8685,1,0
96,1,2617534.5,2617606.5,7,1.34438,4,8685,1,0
36,1,2625819.5,2626272.2,10,2.26021,2,8683,1,0
78,1,2626529.8,2626601.8,7,13.5536,4,8685,1,0
34,2,2631836.8,2632289.2,10,-15.5526,4,8685,1,0
96,1,2639746.0,2639818.0,7,-8.11734,4,8683,1,0
17,1,2641307.2,2641760.0,10,0.992387,4,8683,1,0
17,2,2641307.2,2641760.0,10,0.992387,4,8683,1,0
23,2,2643091.0,2643163.0,7,20.1551,4,8683,1,0
44,2,2646543.0,2648353.5,12,4.51569,2,8683,1,0
16,1,2646658.8,2648469.2,12,3.90791,2,8683,1,0
27,1,2651581.2,2652568.2,11,-16.7534,4,8683,1,0
27,2,2651581.2,2652568.2,11,-16.7534,4,8683,1,0
4,1,2659319.5,2661130.2,12,-7.25798,4,8685,1,0
83,1,2663769.8,2663841.8,7,10.0311,2,8683,0,1
83,2,2663769.8,2663841.8,7,10.0311,2,8683,1,0
68,2,2664377.5,2666188.0,12,1.91222,4,8683,1,0
22,2,2672862.5,2673849.5,11,-8.15608,4,8681,1,0
65,1,2676539.2,2676786.2,9,-10.8734,4,8681,1,0
65,2,2676539.2,2676786.2,9,-10.8734,4,8681,1,0
77,2,2677238.0,2677690.8,10,-5.46315,2,8683,1,0
19,1,2677766.0,2678753.2,11,-14.1455,2,8685,0,1
19,2,2677766.0,2678753.2,11,-14.1455,2,8685,1,0
61,1,2680008.8,2680461.5,10,-9.43748,4,8683,1,0
61,2,2680008.8,2680461.5,10,-9.43748,4,8683,1,0
21,2,2681022.8,2682833.2,12,-18.7985,4,8683,1,0
33,1,2682532.8,2684343.2,12,0.0,2,8685,0,1
33,2,2682532.8,2684343.2,12,0.0,2,8685,1,0
26,1,2690127.5,2691938.0,12,-20.3105,2,8683,1,0
76,2,2692378.0,2692830.5,10,-7.64246,4,8681,1,0
36,2,2698196.5,2698649.2,10,-12.397,4,8681,1,0
102,1,2699560.5,2699632.5,7,18.4189,4,8681,1,0
38,1,2700896.0,2702706.5,12,-0.679168,4,8681,1,0
73,2,2707022.8,2707094.8,7,-0.0237876,2,8685,1,0
84,1,2708198.0,2709185.0,11,-14.8623,2,8683,1,0
84,2,2708198.0,2709185.0,11,-14.8623,2,8683,1,0
34,2,2710849.5,2711302.2,10,0.288972,4,8685,1,0
101,1,2710850.8,2711097.8,9,12.5697,2,8683,1,0
96,1,2711307.2,2711379.5,7,-1.22739,4,8683,1,0
62,1,2717656.0,2717902.8,9,-1.78624,4,8685,1,0
62,2,2717656.0,2717902.8,9,-1.78624,4,8685,1,0
93,1,2720373.0,2720825.8,10,-12.9923,2,8683,0,1
60,1,2720736.2,2720808.2,7,-6.59914,4,8685,0,1
60,2,2720736.2,2720808.2,7,-6.59914,4,8685,1,0
94,1,2729987.5,2731798.0,12,-0.257461,4,8683,1,0
94,2,2729987.5,2731798.0,12,-0.257461,4,8683,1,0
75,1,2730946.0,2731192.8,9,-11.3097,4,8681,1,0
11,2,2731009.5,2731256.2,9,4.53375,2,8683,1,0
91,1,2733962.2,2734034.2,7,0.0,4,8681,1,0
101,1,2735529.2,2735776.0,9,-8.33276,4,8681,1,0
89,2,2737475.0,2739285.8,12,-10.8088,4,8681,1,0
91,1,2741155.8,2741227.8,7,7.89459,2,8683,1,0
82,1,2750176.0,2750628.8,10,-8.27338,4,8681,1,0
27,1,2750294.8,2751281.8,11,-5.25,4,8683,1,0
27,2,2750294.8,2751281.8,11,-5.25,4,8683,1,0
69,1,2753326.0,2753459.5,8,0.0,2,8685,1,0
76,1,2761145.0,2761597.8,10,-7.68063,2,8683,1,0
76,2,2761145.0,2761597.8,10,-7.68063,2,8683,1,0
74,1,2769531.8,2770518.8,11,-3.42535,2,8683,1,0
62,1,2769989.5,2770236.2,9,-9.70914,4,8683,1,0
35,2,2770294.2,2770541.0,9,-6.8838,4,8683,1,0
71,2,2771221.0,2773031.5,12,0.0,2,8685,0,1
53,1,2779277.5,2779524.5,9,-10.4576,2,8685,1,0
53,2,2779277.5,2779524.5,9,-10.4576,2,8685,1,0
65,2,2785245.0,2785492.0,9,-8.38368,4,8683,1,0
20,1,2785994.2,2786446.8,10,-0.137572,2,8681,1,0
90,1,2786730.2,2786802.2,7,-6.66176,4,8683,1,0
5,1,2792605.5,2793592.5,11,-9.63357,4,8681,1,0
5,2,2792605.5,2793592.5,11,-9.63357,4,8681,1,0
14,1,2793603.0,2795413.5,12,-21.0058,4,8683,1,0
14,2,2793603.0,2795413.5,12,-21.0058,4,8683,1,0
35,1,2794972.8,2795219.5,9,-6.29869,4,8683,1,0
25,2,2799656.5,2799903.2,9,-11.5852,4,8683,1,0
90,1,2800303.8,2800375.8,7,-1.47983,4,8685,1,0
42,1,2803151.2,2803604.0,10,-4.44417,2,8685,1,0
42,2,2803151.2,2803604.0,10,-4.44417,2,8685,1,0
8,1,2805990.8,2807801.2,12,-16.2119,2,8683,1,0
8,2,2805990.8,2807801.2,12,-16.2119,2,8683,1,0
7,1,2816004.5,2816991.5,11,-6.52017,4,8683,1,0
13,2,2835937.5,2836071.0,8,-4.50519,4,8683,1,0
66,1,2837943.0,2838395.8,10,-13.2196,4,8685,1,0
66,2,2837943.0,2838395.8,10,-13.2196,4,8685,1,0
65,2,2845973.0,2846219.8,9,-13.8237,4,8685,1,0
46,1,2848277.8,2848524.8,9,7.33518,2,8683,1,0
50,1,2848326.5,2849313.5,11,-16.9051,2,8685,1,0
19,2,2851196.5,2852183.5,11,-17.0168,2,8683,1,0
73,2,2851589.0,2851661.2,7,10.9936,2,8685,1,0
86,1,2852334.0,2852580.8,9,1.11272,2,8683,1,0
86,2,2852334.0,2852580.8,9,1.11272,2,8683,1,0
90,1,2858655.5,2858727.5,7,-9.15452,4,8683,1,0
3,1,2861449.0,2863259.5,12,-6.50478,4,8683,1,0
3,2,2861449.0,2863259.5,12,-6.50478,4,8683,1,0
27,1,2862134.2,2863121.2,11,-17.732,4,8681,1,0
27,2,2862134.2,2863121.2,11,-17.732,4,8681,1,0
25,2,2876588.5,2876835.5,9,-9.33943,4,8685,1,0
86,1,2877012.5,2877259.2,9,-6.19804,2,8681,1,0
86,2,2877012.5,2877259.2,9,-6.19804,2,8681,1,0
38,2,2881939.2,2883749.8,12,-8.94163,2,8683,1,0
66,1,2883203.8,2883656.5,10,-2.92187,4,8683,1,0
66,2,2883203.8,2883656.5,10,-2.92187,4,8683,1,0
88,2,2886120.8,2887108.0,11,1.55045,2,8683,0,1
96,1,2886410.0,2886482.0,7,0.0,4,8681,1,0
26,2,2898106.8,2899917.2,12,-10.0851,2,8685,1,0
25,1,2901266.8,2901513.8,9,-11.1246,4,8683,1,0
25,2,2901266.8,2901513.8,9,-11.1246,4,8683,1,0
32,1,2902104.5,2902351.2,9,-12.184,4,8683,1,0
59,1,2902790.0,2902923.5,8,12.8176,4,8681,1,0
17,1,2914398.5,2914851.0,10,-13.6617,4,8683,1,0
68,2,2915214.0,2917024.8,12,-15.4751,4,8685,1,0
70,1,2918016.8,2918088.8,7,-4.96963,4,8681,1,0
89,2,2918518.2,2920328.8,12,0.0,4,8683,0,1
98,1,2931261.8,2932248.8,11,-15.0918,4,8683,1,0
9,1,2952113.5,2953100.5,11,-15.5656,2,8683,1,0
9,2,2952113.5,2953100.5,11,-15.5656,2,8683,1,0
27,1,2963059.0,2964046.2,11,-14.5726,4,8683,1,0
27,2,2963059.0,2964046.2,11,-14.5726,4,8683,1,0
80,1,2982283.0,2982529.8,9,-11.2172,2,8685,1,0
80,2,2982283.0,2982529.8,9,-11.2172,2,8685,1,0
77,1,2984771.0,2985223.8,10,-8.58836,2,8685,1,0
91,1,2997376.5,2997448.5,7,9.64166,2,8685,1,0
48,1,3002118.8,3002190.8,7,-8.09196,2,8683,1,0
48,2,3002118.8,3002190.8,7,-8.09196,2,8683,1,0
90,1,3003723.5,3003795.5,7,3.03264,4,8683,1,0
73,2,3005059.2,3005131.2,7,-8.26462,2,8683,1,0
65,2,3006720.2,3006967.0,9,-1.88115,4,8683,1,0
8,2,3006840.8,3008651.2,12,0.0,2,8683,0,1
31,1,3014080.0,3015890.5,12,-0.345168,4,8685,1,0
67,2,3029648.8,3029895.5,9,-0.468429,2,8683,1,0
42,1,3031766.8,3032219.5,10,-9.39155,2,8683,1,0
100,2,3036425.8,3038236.2,12,-11.6207,4,8683,1,0
3,1,3042492.2,3044302.8,12,-1.74802,4,8681,1,0
99,1,3045285.8,3045738.2,10,9.77844,2,8685,1,0
99,2,3045285.8,3045738.2,10,9.77844,2,8685,1,0
86,1,3052384.2,3052631.0,9,-11.6253,2,8683,1,0
86,2,3052384.2,3052631.0,9,-11.6253,2,8683,1,0
35,2,3053420.5,3053667.2,9,-0.0816947,4,8681,1,0
98,1,3054282.2,3055269.2,11,-8.09129,4,8685,1,0
79,1,3059132.5,3059266.0,8,-5.91322,4,8681,1,0
28,1,3065552.8,3067363.2,12,-16.2221,4,8683,1,0
21,1,3081995.2,3083806.0,12,-9.97439,4,8683,1,0
67,2,3084152.5,3084399.5,9,-1.93861,2,8685,1,0
54,1,3089237.5,3091048.0,12,-8.9072,4,8681,1,0
24,1,3095885.2,3096338.0,10,-15.9486,4,8681,1,0
24,2,3095885.2,3096338.0,10,-15.9486,4,8681,1,0
68,1,3096257.0,3098067.8,12,-18.171,4,8683,1,0
68,2,3096257.0,3098067.8,12,-18.171,4,8683,0,1
89,2,3099561.5,3101372.0,12,-11.4434,4,8685,1,0
79,2,3107137.8,3107271.2,8,0.900452,2,8683,1,0
74,1,3111759.5,3112746.5,11,-16.6393,4,8681,1,0
19,2,3118846.8,3119833.8,11,-10.6648,2,8681,1,0
29,1,3126238.8,3127225.8,11,-2.12312,4,8683,1,0
29,2,3126238.8,3127225.8,11,-2.12312,4,8683,1,0
39,1,3129846.2,3130298.8,10,0.0,4,8683,1,0
39,2,3129846.2,3130298.8,10,0.0,4,8683,1,0
98,1,3152995.8,3153983.0,11,-16.6852,4,8683,1,0
13,2,3153125.2,3153258.8,8,9.25379,4,8681,1,0
16,2,3181792.5,3183603.0,12,-9.63737,4,8681,1,0
38,2,3187160.8,3188971.2,12,-17.9085,2,8685,1,0
8,2,3187884.0,3189694.5,12,-5.71429,4,8681,1,0
5,2,3199633.0,3200620.0,11,-8.31164,2,8685,1,0
72,1,3203264.5,3203398.0,8,3.29236,4,8681,1,0
32,2,3204103.0,3204349.8,9,-7.7774,4,8685,1,0
79,1,3208026.0,3208159.8,8,-11.2199,2,8685,1,0
88,2,3210211.0,3211198.0,11,-11.0055,4,8681,1,0
100,1,3217469.0,3219279.5,12,-5.26596,4,8683,1,0
100,2,3217469.0,3219279.5,12,-5.26596,4,8683,1,0
45,1,3218222.5,3218294.5,7,1.70624,4,8683,1,0
19,2,3221487.2,3222474.2,11,-15.6384,2,8683,1,0
95,1,3226179.0,3227989.5,12,-7.26138,2,8685,1,0
4,2,3237310.0,3239120.5,12,-8.52777,4,8683,1,0
40,2,3239042.8,3239114.8,7,-2.08647,4,8683,1,0
6,1,3242275.2,3242522.0,9,0.193162,2,8683,1,0
6,2,3242275.2,3242522.0,9,0.193162,2,8683,1,0
65,2,3252501.2,3252748.0,9,1.92743,4,8681,1,0
73,2,3259244.8,3259316.8,7,2.53059,2,8685,1,0
66,2,3263696.0,3264148.8,10,2.95763,4,8683,1,0
84,2,3268019.8,3269006.8,11,-8.91136,2,8683,1,0
11,2,3271929.8,3272176.5,9,-6.55637,4,8681,1,0
49,1,3271993.0,3272445.5,10,5.61411,4,8683,1,0
54,1,3274696.8,3276507.2,12,0.0,4,8683,0,1
69,2,3275530.2,3275663.8,8,20.1148,2,8683,1,0
68,1,3277300.2,3279110.8,12,-21.9896,4,8683,1,0
68,2,3277300.2,3279110.8,12,-21.9896,4,8683,1,0
89,1,3280604.8,3282415.2,12,-21.4626,4,8683,1,0
89,2,3280604.8,3282415.2,12,-21.4626,4,8683,1,0
42,2,3282813.2,3283265.8,10,-13.0171,4,8681,1,0
102,1,3287768.2,3287840.2,7,22.1797,4,8683,1,0
22,1,3298562.5,3299549.5,11,-17.1057,2,8685,1,0
22,2,3298562.5,3299549.5,11,-17.1057,2,8685,1,0
96,1,3299562.8,3299634.8,7,18.191,4,8683,1,0
64,2,3300453.2,3300587.0,8,-0.320785,4,8683,1,0
29,1,3302709.0,3303696.0,11,-18.4903,4,8681,1,0
29,2,3302709.0,3303696.0,11,-18.4903,4,8681,1,0
97,2,3303214.2,3303286.5,7,8.05827,2,8683,1,0
21,1,3304851.0,3306661.5,12,-19.1483,4,8681,1,0
82,2,3307426.2,3307879.0,10,-3.74377,2,8683,1,0
28,1,3308421.0,3310231.5,12,0.0,4,8685,1,0
37,2,3309973.2,3310045.2,7,12.9197,4,8683,1,0
11,1,3310864.2,3311111.0,9,-6.69997,2,8683,1,0
11,2,3310864.2,3311111.0,9,-6.69997,2,8683,0,1
67,2,3315074.2,3315321.0,9,-5.91208,2,8683,1,0
73,2,3319114.8,3319186.8,7,8.86771,2,8683,1,0
85,1,3321194.2,3323005.0,12,-19.2286,2,8685,1,0
94,1,3331328.8,3333139.5,12,-22.3623,4,8685,1,0
53,2,3331690.8,3331937.5,9,-11.8234,2,8683,1,0
30,2,3352481.0,3352553.0,7,4.72656,2,8683,1,0
19,1,3362753.5,3363740.5,11,-19.1429,2,8683,1,0
19,2,3362753.5,3363740.5,11,-19.1429,2,8683,1,0
84,1,3366733.5,3367720.5,11,-19.1183,4,8681,1,0
84,2,3366733.5,3367720.5,11,-19.1183,4,8681,1,0
102,1,3368714.2,3368786.5,7,-1.39455,4,8685,1,0
8,1,3368927.2,3370737.8,12,0.0,2,8683,0,1
82,2,3369722.5,3370175.0,10,0.0,2,8685,1,0
60,2,3370551.8,3370623.8,7,0.0,4,8683,1,0
20,1,3373165.5,3373618.2,10,-8.14194,2,8683,1,0
5,1,3380890.2,3381877.2,11,-1.10893,2,8683,1,0
5,2,3380890.2,3381877.2,11,-1.10893,2,8683,1,0
55,2,3392785.8,3394596.2,12,-4.52019,4,8685,1,0
10,1,3393473.0,3393925.5,10,-11.7323,2,8683,1,0
59,1,3394020.8,3394154.2,8,-7.61847,4,8683,1,0
100,1,3398512.2,3400322.8,12,-8.91634,4,8681,1,0
100,2,3398512.2,3400322.8,12,-8.91634,4,8681,1,0
90,1,3404691.0,3404763.0,7,1.12325,4,8681,1,0
66,2,3406000.0,3406452.8,10,-2.97346,4,8681,1,0
78,1,3411402.8,3411474.8,7,-1.57712,4,8683,1,0
6,2,3416789.8,3417036.5,9,1.38429,4,8681,1,0
4,1,3418353.2,3420163.8,12,-19.8483,4,8681,1,0
81,1,3419494.2,3419566.2,7,-8.94061,4,8683,1,0
81,2,3419494.2,3419566.2,7,-8.94061,4,8683,1,0
47,2,3421995.5,3422448.2,10,-14.6876,2,8685,1,0
92,2,3429655.8,3430108.5,10,-16.0672,4,8681,1,0
73,2,3431928.2,3432000.2,7,-9.02309,2,8683,1,0
44,1,3435231.0,3437041.5,12,-9.67433,4,8681,1,0
44,2,3435231.0,3437041.5,12,-9.67433,4,8681,0,1
97,2,3435429.2,3435501.2,7,0.06894,4,8681,1,0
29,2,3440675.8,3441662.8,11,-8.34978,4,8683,1,0
67,2,3444131.5,3444378.5,9,0.0,4,8681,1,0
69,1,3446802.2,3446935.8,8,-9.68236,2,8685,1,0
69,2,3446802.2,3446935.8,8,-9.68236,2,8685,1,0
14,1,3447338.8,3449149.5,12,-21.7374,4,8681,1,0
14,2,3447338.8,3449149.5,12,-21.7374,4,8681,1,0
101,1,3448876.8,3449123.5,9,6.86607,2,8683,1,0
75,1,3456761.2,3457008.0,9,2.05794,2,8683,1,0
68,1,3458343.5,3460154.0,12,-13.3611,4,8681,1,0
68,2,3458343.5,3460154.0,12,-13.3611,4,8681,1,0
11,2,3458961.2,3459208.0,9,11.0332,2,8683,1,0
79,2,3464761.8,3464895.2,8,0.341874,2,8683,1,0
40,2,3470052.0,3470124.0,7,16.3547,4,8681,1,0
34,1,3470339.5,3470792.2,10,7.27538,4,8685,1,0
73,1,3470467.8,3470539.8,7,-7.67621,4,8681,1,0
73,2,3470467.8,3470539.8,7,-7.67621,4,8681,1,0
12,1,3477569.5,3477641.5,7,4.79852,4,8681,1,0
12,2,3477569.5,3477641.5,7,4.79852,4,8681,1,0
101,2,3482491.8,3482738.5,9,-3.4998,2,8685,1,0
21,1,3485894.2,3487704.8,12,-14.9861,4,8683,1,0
75,1,3488647.8,3488894.5,9,4.27084,2,8685,1,0
28,1,3489464.0,3491274.8,12,0.0,4,8683,1,0
48,2,3492591.5,3492663.5,7,-8.77623,2,8683,1,0
79,1,3494086.5,3494220.0,8,-10.1287,2,8681,0,1
83,2,3497761.0,3497833.0,7,29.0976,2,8683,1,0
13,1,3501154.5,3501288.0,8,-5.31769,4,8683,1,0
13,2,3501154.5,3501288.0,8,-5.31769,4,8683,1,0
82,2,3501987.8,3502440.5,10,0.0,2,8681,0,1
61,1,3505562.0,3506014.8,10,-12.0484,4,8683,1,0
61,2,3505562.0,3506014.8,10,-12.0484,4,8683,1,0
46,1,3516743.8,3516990.5,9,0.0550851,2,8683,1,0
67,1,3517463.5,3517710.5,9,-12.067,2,8683,1,0
67,2,3517463.5,3517710.5,9,-12.067,2,8683,1,0
56,2,3517545.8,3517617.8,7,6.68575,4,8683,1,0
5,1,3520420.8,3521407.8,11,-11.6108,2,8681,1,0
5,2,3520420.8,3521407.8,11,-11.6108,2,8681,1,0
15,1,3534560.2,3536370.8,12,-9.95059,4,8681,1,0
15,2,3534560.2,3536370.8,12,-9.95059,4,8681,1,0
97,2,3541505.5,3541577.8,7,6.50864,2,8683,1,0
49,2,3544766.8,3545219.5,10,-2.4277,4,8681,1,0
8,2,3549970.5,3551781.0,12,-11.0868,2,8685,1,0
36,1,3551454.8,3551907.5,10,-11.9987,2,8683,1,0
98,2,3555026.0,3556013.2,11,-14.5417,4,8681,1,0
76,1,3555132.5,3555585.2,10,-14.672,2,8685,1,0
76,2,3555132.5,3555585.2,10,-14.672,2,8685,1,0
6,2,3559805.0,3560051.8,9,-13.8179,2,8683,1,0
53,1,3561396.5,3561643.2,9,-13.4729,2,8683,1,0
79,1,3568519.2,3568652.8,8,-4.27254,2,8683,1,0
20,1,3572598.5,3573051.0,10,2.67737,2,8683,1,0
20,2,3572598.5,3573051.0,10,2.67737,2,8683,1,0
55,1,3573828.8,3575639.5,12,-20.0309,4,8685,1,0
55,2,3573828.8,3575639.5,12,-20.0309,4,8685,1,0
61,1,3575602.8,3576055.5,10,-1.31569,4,8685,1,0
51,1,3577513.5,3579324.0,12,0.0,4,8681,1,0
100,1,3579555.5,3581366.0,12,-21.5553,4,8683,0,1
89,1,3590571.8,3592382.2,12,-18.8357,4,8681,1,0
89,2,3590571.8,3592382.2,12,-18.8357,4,8681,1,0
senderId,receiverID, sendTime, receivedTime,SF,SNR,Ftype,Freq,RX
2,41,3806.0542,4961.1265,12,0.0,3,0,2
2,64,6239.896,6322.3276,8,0.0,3,0,1
1,14,6432.8945,7587.967,12,0.0,3,0,2
2,56,15014.971,15056.187,7,0.0,3,0,1
1,12,27610.436,27651.652,7,0.0,3,0,1
2,54,27844.373,28999.445,12,0.0,3,0,2
2,23,48334.69,48375.906,7,0.0,3,0,1
2,61,52732.773,53021.543,10,0.0,3,0,1
2,89,59495.227,60650.3,12,0.0,3,0,2
2,40,90712.1,90753.32,7,0.0,3,0,1
2,68,99800.09,100955.17,12,0.0,3,0,2
1,57,101115.33,101197.76,8,0.0,3,0,1
1,62,103321.83,104476.91,12,0.0,3,0,2
2,23,106283.29,106324.5,7,0.0,3,0,1
2,27,123859.664,125014.74,12,0.0,3,0,2
1,102,135197.66,135238.88,7,0.0,3,0,1
2,37,144202.83,144244.05,7,0.0,3,0,1
2,13,153010.3,153092.73,8,0.0,3,0,1
1,7,154954.62,156109.7,12,0.0,3,0,2
1,45,159292.53,159333.73,7,0.0,3,0,1
1,28,170244.4,171399.47,12,0.0,3,0,2
2,43,171287.6,171431.97,9,0.0,3,0,1
1,78,183025.11,183066.33,7,0.0,3,0,1
2,39,185110.34,186265.42,12,0.0,3,0,2
2,40,193634.97,193676.17,7,0.0,3,0,1
1,92,195380.94,196536.02,12,0.0,3,0,2
2,56,200297.23,200338.45,7,0.0,3,0,1
1,78,204423.44,204464.64,7,0.0,3,0,1
2,100,220173.89,221328.97,12,0.0,3,0,2
1,27,222573.25,223728.33,12,0.0,3,0,2
2,94,232284.31,233439.39,12,0.0,3,0,2
2,65,244369.08,244513.45,9,0.0,3,0,1
1,49,250028.89,251183.95,12,0.0,3,0,2
2,34,251978.88,253133.95,12,0.0,3,0,2
2,102,264167.75,264209.0,7,0.0,3,0,1
2,35,264679.12,265834.2,12,0.0,3,0,2
1,98,269267.47,270422.53,12,0.0,3,0,2
1,90,276355.6,276396.8,7,0.0,3,0,1
2,64,276921.22,277003.66,8,0.0,3,0,1
2,60,277720.2,278875.25,12,0.0,3,0,2
1,21,283821.6,284976.66,12,0.0,3,0,2
2,56,296666.47,296707.7,7,0.0,3,0,1
1,4,301744.66,302899.72,12,0.0,3,0,2
1,81,313978.5,314019.72,7,0.0,3,0,1
1,63,328053.56,329208.62,12,0.0,3,0,2
1,58,331468.6,332046.16,11,0.0,3,0,1
2,13,332049.94,332132.34,8,0.0,3,0,1
2,37,336107.8,337262.88,12,0.0,3,0,2
1,89,349928.0,351083.06,12,0.0,3,0,2
2,7,352381.8,353536.88,12,0.0,3,0,2
2,40,379414.66,379455.88,7,0.0,3,0,1
2,65,391194.6,391338.97,9,0.0,3,0,1
1,78,394920.6,394961.8,7,0.0,3,0,1
1,100,401217.1,402372.16,12,0.0,3,0,2
2,14,402829.56,403984.62,12,0.0,3,0,2
2,37,421310.12,422465.2,12,0.0,3,0,2
1,29,424010.4,425165.47,12,0.0,3,0,2
2,60,424055.75,424097.0,7,0.0,3,0,1
2,58,430182.22,430759.75,11,0.0,3,0,1
1,102,433260.66,433301.88,7,0.0,3,0,1
2,28,433551.72,434706.78,12,0.0,3,0,2
2,65,460779.22,461934.25,12,0.0,3,0,2
1,37,473642.1,473683.3,7,0.0,3,0,1
1,4,482787.88,483942.94,12,0.0,3,0,2
1,23,503883.72,503924.97,7,0.0,3,0,1
1,63,512795.4,512939.8,9,0.0,3,0,1
2,64,525131.75,525214.25,8,0.0,3,0,1
1,89,530971.25,532126.3,12,0.0,3,0,2
1,66,532631.2,532919.94,10,0.0,3,0,1
2,31,561242.25,562397.3,12,0.0,3,0,2
2,32,574058.3,574202.7,9,0.0,3,0,1
1,102,575595.3,575636.56,7,0.0,3,0,1
2,65,594035.44,594179.9,9,0.0,3,0,1
1,63,599795.8,599940.25,9,0.0,3,0,1
2,13,600804.7,601959.75,12,0.0,3,0,2
1,100,614141.4,615296.44,12,0.0,3,0,2
2,40,616455.9,616497.06,7,0.0,3,0,1
2,39,630219.7,631374.75,12,0.0,3,0,2
2,37,651262.4,651303.56,7,0.0,3,0,1
1,63,651460.44,652615.56,12,0.0,3,0,2
1,66,657847.25,658136.0,10,0.0,3,0,1
2,87,658020.2,659175.3,12,0.0,3,0,2
1,29,682292.75,683447.8,12,0.0,3,0,2
1,98,709867.9,711022.94,12,0.0,3,0,2
2,89,712014.4,713169.5,12,0.0,3,0,2
2,43,734995.5,736150.56,12,0.0,3,0,2
1,17,735522.1,735810.9,10,0.0,3,0,1
2,41,739078.56,739119.75,7,0.0,3,0,1
1,31,742285.44,743440.56,12,0.0,3,0,2
1,12,756088.8,757243.9,12,0.0,3,0,2
1,28,786254.44,787409.56,12,0.0,3,0,2
2,34,789047.25,789336.0,10,0.0,3,0,1
1,21,804877.4,806032.5,12,0.0,3,0,2
2,25,835221.94,835366.3,9,0.0,3,0,1
1,12,835714.9,835756.1,7,0.0,3,0,1
1,29,843091.25,844246.3,12,0.0,3,0,2
1,12,846949.6,846990.9,7,0.0,3,0,1
1,62,853152.6,853297.06,9,0.0,3,0,1
2,37,870273.0,870314.2,7,0.0,3,0,1
1,12,876013.25,876054.44,7,0.0,3,0,1
2,37,884866.7,884907.9,7,0.0,3,0,1
1,14,889982.25,891137.3,12,0.0,3,0,2
2,89,893057.6,894212.7,12,0.0,3,0,2
1,7,896046.06,896623.6,11,0.0,3,0,1
2,60,907082.4,907123.6,7,0.0,3,0,1
1,78,916413.94,917569.0,12,0.0,3,0,2
2,35,918424.9,918569.25,9,0.0,3,0,1
1,66,940784.94,941940.0,12,0.0,3,0,2
2,27,951907.2,952484.7,11,0.0,3,0,1
2,60,956168.0,957323.06,12,0.0,3,0,2
1,78,976177.3,976218.5,7,0.0,3,0,1
1,12,984128.3,984169.5,7,0.0,3,0,1
2,94,989229.94,990385.0,12,0.0,3,0,2
1,92,1013870.4,1014159.1,10,0.0,3,0,1
1,87,1020106.56,1021261.7,12,0.0,3,0,2
2,59,1021059.75,1021142.2,8,0.0,3,0,1
1,56,1035540.6,1036695.7,12,0.0,3,0,2
1,81,1045686.75,1045728.0,7,0.0,3,0,1
1,49,1056458.8,1056747.5,10,0.0,3,0,1
2,28,1069995.5,1071150.5,12,0.0,3,0,2
1,58,1082172.4,1083327.4,12,0.0,3,0,2
1,7,1097498.0,1098075.5,11,0.0,3,0,1
1,78,1108139.1,1109294.2,12,0.0,3,0,2
2,54,1118142.9,1119297.9,12,0.0,3,0,2
2,35,1120571.5,1120716.0,9,0.0,3,0,1
1,3,1141831.1,1142986.2,12,0.0,3,0,2
2,35,1145250.0,1145394.4,9,0.0,3,0,1
1,63,1156680.2,1157835.4,12,0.0,3,0,2
1,52,1158453.2,1158742.1,10,0.0,3,0,1
2,14,1169213.2,1170368.2,12,0.0,3,0,2
1,94,1170273.1,1171428.1,12,0.0,3,0,2
2,25,1184854.5,1184998.9,9,0.0,3,0,1
2,25,1185854.5,1187009.5,12,0.0,3,0,2
1,100,1185995.1,1187150.1,12,0.0,3,0,2
1,12,1188700.5,1188741.9,7,0.0,3,0,1
1,66,1197078.6,1197367.4,10,0.0,3,0,1
1,49,1209383.6,1210538.8,12,0.0,3,0,2
2,7,1237051.5,1238206.5,12,0.0,3,0,2
2,37,1252013.5,1252054.8,7,0.0,3,0,1
1,89,1255144.0,1256299.1,12,0.0,3,0,2
2,61,1269100.8,1269389.5,10,0.0,3,0,1
2,39,1278900.1,1280055.1,12,0.0,3,0,2
1,41,1283528.8,1283570.1,7,0.0,3,0,1
1,92,1296082.1,1296371.0,10,0.0,3,0,1
1,3,1322874.4,1324029.4,12,0.0,3,0,2
2,23,1325137.8,1325179.0,7,0.0,3,0,1
2,25,1337567.8,1337712.1,9,0.0,3,0,1
1,98,1340143.2,1341298.2,12,0.0,3,0,2
1,102,1345391.6,1345432.9,7,0.0,3,0,1
1,78,1359725.8,1359767.0,7,0.0,3,0,1
1,45,1360549.5,1361704.5,12,0.0,3,0,2
1,102,1377024.8,1377066.0,7,0.0,3,0,1
2,41,1385439.5,1385480.8,7,0.0,3,0,1
1,49,1392645.9,1392934.8,10,0.0,3,0,1
1,94,1399858.6,1401013.6,12,0.0,3,0,2
2,37,1406209.2,1406250.5,7,0.0,3,0,1
1,28,1432081.9,1433237.0,12,0.0,3,0,2
1,59,1437424.4,1437506.8,8,0.0,3,0,1
2,49,1437906.8,1438195.5,10,0.0,3,0,1
1,4,1445098.5,1446253.5,12,0.0,3,0,2
1,81,1467074.9,1467116.1,7,0.0,3,0,1
2,63,1467300.6,1467445.1,9,0.0,3,0,1
2,40,1487095.6,1487136.9,7,0.0,3,0,1
1,29,1492176.1,1492753.6,11,0.0,3,0,1
2,89,1494971.1,1496126.1,12,0.0,3,0,2
1,39,1495512.1,1496667.1,12,0.0,3,0,2
2,65,1506394.2,1506538.8,9,0.0,3,0,1
2,27,1513653.1,1514808.1,12,0.0,3,0,2
1,87,1536600.1,1537755.1,12,0.0,3,0,2
2,23,1540032.4,1540073.6,7,0.0,3,0,1
2,57,1550168.1,1550250.5,8,0.0,3,0,1
1,54,1562735.0,1563890.0,12,0.0,3,0,2
1,63,1564516.2,1564660.6,9,0.0,3,0,1
2,68,1572205.4,1573360.4,12,0.0,3,0,2
1,94,1580901.9,1582056.9,12,0.0,3,0,2
1,45,1596954.9,1596996.1,7,0.0,3,0,1
1,17,1600775.5,1601930.5,12,0.0,3,0,2
1,28,1613125.1,1614280.1,12,0.0,3,0,2
2,39,1617896.4,1619051.4,12,0.0,3,0,2
2,41,1628653.9,1628695.2,7,0.0,3,0,1
2,14,1634523.9,1635679.0,12,0.0,3,0,2
1,20,1640313.0,1641468.0,12,0.0,3,0,2
2,13,1647165.8,1647248.1,8,0.0,3,0,1
2,92,1647444.4,1648599.4,12,0.0,3,0,2
1,81,1660010.2,1660051.5,7,0.0,3,0,1
2,39,1662157.2,1662446.0,10,0.0,3,0,1
1,90,1664650.8,1664692.0,7,0.0,3,0,1
1,7,1664956.4,1666111.5,12,0.0,3,0,2
2,56,1692614.8,1692656.0,7,0.0,3,0,1
1,59,1693713.5,1693795.9,8,0.0,3,0,1
1,78,1713629.6,1713670.9,7,0.0,3,0,1
1,81,1723830.2,1723871.5,7,0.0,3,0,1
2,43,1724274.2,1724418.8,9,0.0,3,0,1
2,40,1743444.5,1743485.8,7,0.0,3,0,1
1,62,1750808.2,1750952.6,9,0.0,3,0,1
2,65,1761747.0,1761891.4,9,0.0,3,0,1
1,94,1761945.0,1763100.0,12,0.0,3,0,2
2,59,1763160.4,1764315.4,12,0.0,3,0,2
1,78,1782831.4,1782872.6,7,0.0,3,0,1
1,59,1792497.6,1792580.1,8,0.0,3,0,1
1,23,1803798.2,1803839.5,7,0.0,3,0,1
1,78,1806380.8,1807535.8,12,0.0,3,0,2
2,40,1813387.0,1813428.2,7,0.0,3,0,1
2,55,1822340.8,1823495.8,12,0.0,3,0,2
1,59,1830744.4,1830826.8,8,0.0,3,0,1
1,29,1835542.9,1836697.9,12,0.0,3,0,2
2,64,1838490.9,1838573.2,8,0.0,3,0,1
1,23,1856657.2,1856698.5,7,0.0,3,0,1
2,92,1858180.6,1859335.8,12,0.0,3,0,2
2,40,1870807.4,1870848.6,7,0.0,3,0,1
2,43,1883264.8,1883409.1,9,0.0,3,0,1
1,90,1892788.0,1892829.2,7,0.0,3,0,1
1,3,1909972.2,1911127.4,12,0.0,3,0,2
2,57,1922847.0,1922929.5,8,0.0,3,0,1
1,58,1931407.0,1932562.0,12,0.0,3,0,2
2,94,1942988.1,1944143.2,12,0.0,3,0,2
1,102,1943310.2,1943351.5,7,0.0,3,0,1
1,65,1960159.1,1960303.6,9,0.0,3,0,1
2,52,1983705.4,1983994.1,10,0.0,3,0,1
1,34,1994634.8,1994923.6,10,0.0,3,0,1
2,37,2024276.5,2024317.8,7,0.0,3,0,1
1,59,2024315.9,2024398.4,8,0.0,3,0,1
1,90,2032613.5,2032654.8,7,0.0,3,0,1
1,12,2043083.6,2043124.9,7,0.0,3,0,1
2,41,2062263.4,2062304.8,7,0.0,3,0,1
1,81,2065020.2,2065061.5,7,0.0,3,0,1
2,21,2081698.0,2082853.0,12,0.0,3,0,2
1,49,2090083.8,2090372.5,10,0.0,3,0,1
2,92,2095273.5,2095562.2,10,0.0,3,0,1
1,27,2098910.2,2100065.2,12,0.0,3,0,2
2,68,2104321.8,2105476.8,12,0.0,3,0,2
2,94,2124031.5,2125186.5,12,0.0,3,0,2
1,63,2125988.2,2127143.2,12,0.0,3,0,2
1,32,2135850.0,2135994.5,9,0.0,3,0,1
2,43,2142366.0,2142510.2,9,0.0,3,0,1
2,37,2161681.0,2161722.2,7,0.0,3,0,1
2,61,2168707.0,2169862.0,12,0.0,3,0,2
1,81,2170468.0,2170509.2,7,0.0,3,0,1
1,31,2179840.2,2180995.2,12,0.0,3,0,2
2,41,2186622.2,2186663.5,7,0.0,3,0,1
1,39,2189589.2,2189878.2,10,0.0,3,0,1
2,54,2199330.0,2200485.0,12,0.0,3,0,2
1,17,2200219.2,2201374.2,12,0.0,3,0,2
2,41,2208410.5,2208451.8,7,0.0,3,0,1
1,12,2230212.2,2230253.5,7,0.0,3,0,1
2,17,2245480.0,2246635.0,12,0.0,3,0,2
1,102,2253397.8,2253439.0,7,0.0,3,0,1
2,86,2260505.5,2260650.0,9,0.0,3,0,1
1,21,2262741.2,2263896.2,12,0.0,3,0,2
2,23,2265038.5,2266193.5,12,0.0,3,0,2
1,13,2265721.2,2265803.8,8,0.0,3,0,1
1,95,2310511.8,2311666.8,12,0.0,3,0,2
2,40,2311178.8,2311220.0,7,0.0,3,0,1
1,3,2322130.0,2323285.0,12,0.0,3,0,2
1,102,2333224.0,2333265.5,7,0.0,3,0,1
1,65,2349655.0,2349799.2,9,0.0,3,0,1
1,31,2360883.5,2362038.5,12,0.0,3,0,2
1,48,2368356.0,2368397.2,7,0.0,3,0,1
2,54,2380373.2,2381528.2,12,0.0,3,0,2
2,62,2385760.8,2385905.0,9,0.0,3,0,1
1,63,2389824.5,2389968.8,9,0.0,3,0,1
2,29,2420174.0,2421329.0,12,0.0,3,0,2
2,45,2427826.5,2427867.8,7,0.0,3,0,1
1,63,2430688.0,2430832.2,9,0.0,3,0,1
1,7,2439165.8,2440320.8,12,0.0,3,0,2
2,61,2439901.2,2440190.2,10,0.0,3,0,1
1,28,2451019.8,2452174.8,12,0.0,3,0,2
2,100,2466112.0,2467267.0,12,0.0,3,0,2
1,45,2467956.5,2467997.8,7,0.0,3,0,1
2,64,2483068.0,2483150.8,8,0.0,3,0,1
1,98,2490553.0,2491130.5,11,0.0,3,0,1
2,32,2501350.8,2502505.8,12,0.0,3,0,2
1,21,2503790.0,2504945.0,12,0.0,3,0,2
2,35,2508217.8,2508362.0,9,0.0,3,0,1
2,77,2513141.5,2514296.8,12,0.0,3,0,2
1,14,2519222.0,2520377.0,12,0.0,3,0,2
2,40,2529015.5,2529057.0,7,0.0,3,0,1
1,7,2537879.5,2539034.5,12,0.0,3,0,2
2,94,2552755.0,2553910.0,12,0.0,3,0,2
1,89,2560242.5,2561397.5,12,0.0,3,0,2
1,61,2566489.5,2566778.2,10,0.0,3,0,1
1,13,2590337.5,2591492.5,12,0.0,3,0,2
2,56,2593461.2,2593502.5,7,0.0,3,0,1
1,45,2595939.8,2595981.0,7,0.0,3,0,1
2,37,2603395.5,2603436.8,7,0.0,3,0,1
2,40,2609264.5,2609305.8,7,0.0,3,0,1
1,96,2618606.5,2618647.8,7,0.0,3,0,1
1,78,2627601.8,2627643.0,7,0.0,3,0,1
2,34,2634289.2,2635444.2,12,0.0,3,0,2
1,96,2640818.0,2640859.5,7,0.0,3,0,1
1,17,2643760.0,2644915.0,12,0.0,3,0,2
2,23,2644163.0,2644204.2,7,0.0,3,0,1
2,27,2654568.2,2655723.5,12,0.0,3,0,2
1,4,2663130.2,2664285.2,12,0.0,3,0,2
2,68,2668188.0,2669343.0,12,0.0,3,0,2
1,65,2677786.2,2677930.5,9,0.0,3,0,1
1,61,2682461.5,2683616.5,12,0.0,3,0,2
2,21,2684833.2,2685988.2,12,0.0,3,0,2
2,76,2693830.5,2694119.5,10,0.0,3,0,1
1,102,2700632.5,2700673.8,7,0.0,3,0,1
2,36,2700649.2,2701804.2,12,0.0,3,0,2
1,38,2704706.5,2705861.5,12,0.0,3,0,2
1,96,2712379.5,2712420.8,7,0.0,3,0,1
2,34,2713302.2,2714457.2,12,0.0,3,0,2
1,62,2719902.8,2721057.8,12,0.0,3,0,2
1,60,2721808.2,2721849.5,7,0.0,3,0,1
1,75,2732192.8,2732337.2,9,0.0,3,0,1
1,101,2737776.0,2738931.2,12,0.0,3,0,2
2,89,2741285.8,2742440.8,12,0.0,3,0,2
1,82,2751628.8,2751917.5,10,0.0,3,0,1
2,27,2753281.8,2754436.8,12,0.0,3,0,2
2,35,2771541.0,2771685.2,9,0.0,3,0,1
1,62,2772236.2,2773391.2,12,0.0,3,0,2
2,65,2786492.0,2786636.2,9,0.0,3,0,1
1,90,2787802.2,2787843.5,7,0.0,3,0,1
1,35,2797219.5,2798374.5,12,0.0,3,0,2
1,90,2801375.8,2801417.0,7,0.0,3,0,1
2,25,2801903.2,2803058.2,12,0.0,3,0,2
1,7,2818991.5,2820146.5,12,0.0,3,0,2
2,13,2837071.0,2837153.5,8,0.0,3,0,1
1,66,2840395.8,2841550.8,12,0.0,3,0,2
2,65,2847219.8,2847364.0,9,0.0,3,0,1
1,90,2859727.5,2859768.8,7,0.0,3,0,1
2,27,2865121.2,2866276.2,12,0.0,3,0,2
1,3,2865259.5,2866414.5,12,0.0,3,0,2
2,25,2877835.5,2877979.8,9,0.0,3,0,1
2,66,2885656.5,2886811.5,12,0.0,3,0,2
1,96,2887482.0,2887523.2,7,0.0,3,0,1
2,25,2902513.8,2902658.0,9,0.0,3,0,1
1,32,2903351.2,2903495.5,9,0.0,3,0,1
1,59,2904923.5,2906078.5,12,0.0,3,0,2
1,17,2916851.0,2918006.0,12,0.0,3,0,2
2,68,2919024.8,2920179.8,12,0.0,3,0,2
1,70,2919088.8,2919130.2,7,0.0,3,0,1
1,98,2933248.8,2933826.5,11,0.0,3,0,1
1,27,2966046.2,2967201.2,12,0.0,3,0,2
1,90,3004795.5,3004836.8,7,0.0,3,0,1
2,65,3007967.0,3008111.2,9,0.0,3,0,1
1,31,3017890.5,3019045.8,12,0.0,3,0,2
2,100,3040236.2,3041391.2,12,0.0,3,0,2
2,35,3054667.2,3054811.5,9,0.0,3,0,1
1,98,3057269.2,3058424.2,12,0.0,3,0,2
1,79,3060266.0,3060348.8,8,0.0,3,0,1
1,28,3069363.2,3070518.2,12,0.0,3,0,2
1,21,3085806.0,3086961.0,12,0.0,3,0,2
1,54,3092048.0,3093203.0,12,0.0,3,0,1
2,24,3097338.0,3097626.8,10,0.0,3,0,1
1,68,3100067.8,3101222.8,12,0.0,3,0,2
2,89,3103372.0,3104527.0,12,0.0,3,0,2
1,74,3114746.5,3115901.5,12,0.0,3,0,2
2,29,3128225.8,3128803.5,11,0.0,3,0,1
1,39,3132298.8,3133453.8,12,0.0,3,0,2
2,13,3155258.8,3156413.8,12,0.0,3,0,2
1,98,3155983.0,3157138.0,12,0.0,3,0,2
2,16,3185603.0,3186758.0,12,0.0,3,0,2
2,32,3205349.8,3205494.2,9,0.0,3,0,1
1,72,3205398.0,3206553.0,12,0.0,3,0,2
2,88,3213198.0,3214353.0,12,0.0,3,0,2
1,45,3219294.5,3219335.8,7,0.0,3,0,1
1,100,3221279.5,3222434.5,12,0.0,3,0,2
2,40,3240114.8,3240156.0,7,0.0,3,0,1
2,65,3253748.0,3253892.2,9,0.0,3,0,1
2,66,3266148.8,3267303.8,12,0.0,3,0,2
2,11,3273176.5,3273320.8,9,0.0,3,0,1
1,49,3274445.5,3275600.5,12,0.0,3,0,2
2,42,3285265.8,3286421.0,12,0.0,3,0,2
1,102,3288840.2,3288881.5,7,0.0,3,0,1
1,96,3300634.8,3300676.0,7,0.0,3,0,1
2,64,3301587.0,3301669.5,8,0.0,3,0,1
2,29,3305696.0,3306851.0,12,0.0,3,0,2
2,37,3311045.2,3311086.5,7,0.0,3,0,1
1,28,3312231.5,3313386.5,12,0.0,3,0,2
1,94,3335139.5,3336294.5,12,0.0,3,0,2
1,102,3369786.5,3369827.8,7,0.0,3,0,1
2,60,3371623.8,3371665.0,7,0.0,3,0,1
1,59,3395154.2,3395236.8,8,0.0,3,0,1
2,55,3396596.2,3397751.2,12,0.0,3,0,2
1,100,3402322.8,3403477.8,12,0.0,3,0,2
1,90,3405763.0,3405804.2,7,0.0,3,0,1
2,66,3408452.8,3409607.8,12,0.0,3,0,2
1,78,3412474.8,3412516.0,7,0.0,3,0,1
2,6,3418036.5,3418181.0,9,0.0,3,0,1
1,81,3420566.2,3420607.5,7,0.0,3,0,1
1,4,3422163.8,3423318.8,12,0.0,3,0,2
2,92,3432108.5,3433263.5,12,0.0,3,0,2
2,97,3436501.2,3436542.5,7,0.0,3,0,1
1,44,3439041.5,3440196.5,12,0.0,3,0,2
2,67,3445378.5,3445522.8,9,0.0,3,0,1
2,14,3451149.5,3452304.5,12,0.0,3,0,2
1,68,3462154.0,3463309.0,12,0.0,3,0,2
2,73,3471539.8,3471581.0,7,0.0,3,0,1
1,34,3471792.2,3472081.0,10,0.0,3,0,1
2,40,3472124.0,3473279.0,12,0.0,3,0,2
2,12,3478641.5,3478682.8,7,0.0,3,0,1
1,28,3493274.8,3494429.8,12,0.0,3,0,2
2,13,3502288.0,3502370.5,8,0.0,3,0,1
1,61,3507014.8,3507303.5,10,0.0,3,0,1
2,56,3518617.8,3518659.0,7,0.0,3,0,1
1,15,3538370.8,3539526.0,12,0.0,3,0,2
2,49,3546219.5,3546508.2,10,0.0,3,0,1
2,98,3558013.2,3559168.2,12,0.0,3,0,2
1,61,3577055.5,3577344.2,10,0.0,3,0,1
2,55,3577639.5,3578794.5,12,0.0,3,0,2
1,51,3581324.0,3582479.0,12,0.0,3,0,2
2,89,3593382.2,3594537.2,12,0.0,3,0,1
senderId,receiverID, sendTime, receivedTime,SF,SNR,Ftype,Freq,RX
1,59,199032.08,199114.5,8,0.0,3,0,1,b
1,59,200032.08,201187.16,12,0.0,3,0,2,b
1,54,222565.9,223720.98,12,0.0,3,0,1,c
1,54,223565.9,224720.98,12,0.0,3,0,2,c
2,54,222565.9,223720.98,12,0.0,3,0,1,b
2,54,223565.9,224720.98,12,0.0,3,0,2,b
2,29,258430.39,259007.94,11,0.0,3,0,1,b
2,29,259430.39,260585.45,12,0.0,3,0,2,b
1,87,304859.4,306014.47,12,0.0,3,0,1,b
1,87,305859.4,307014.47,12,0.0,3,0,2,b
1,66,306641.44,306930.22,10,0.0,3,0,1,b
1,66,307641.44,308796.5,12,0.0,3,0,2,b
1,31,310045.84,311200.9,12,0.0,3,0,1,b
1,31,311045.84,312200.9,12,0.0,3,0,2,b
1,55,336416.78,337571.84,12,0.0,3,0,1,b
1,55,337416.78,338571.84,12,0.0,3,0,2,b
2,68,378494.84,379649.9,12,0.0,3,0,1,c
2,68,379494.84,380649.9,12,0.0,3,0,2,c
2,40,390826.25,390867.5,7,0.0,3,0,1,b
2,40,391826.25,392981.3,12,0.0,3,0,2,b
1,54,649017.3,650172.44,12,0.0,3,0,1,b
1,54,650017.3,651172.44,12,0.0,3,0,2,b
2,54,649017.3,650172.44,12,0.0,3,0,1,b
2,54,650017.3,651172.44,12,0.0,3,0,2,b
1,14,707939.0,709094.1,12,0.0,3,0,1,b
1,14,708939.0,710094.1,12,0.0,3,0,2,b
2,14,707939.0,709094.1,12,0.0,3,0,1,b
2,14,708939.0,710094.1,12,0.0,3,0,2,b
1,87,838063.4,839218.44,12,0.0,3,0,1,b
1,87,839063.4,840218.44,12,0.0,3,0,2,b
2,87,838063.4,839218.44,12,0.0,3,0,1,b
2,87,839063.4,840218.44,12,0.0,3,0,2,b
2,92,900287.44,900576.2,10,0.0,3,0,1,b
2,92,901287.44,902442.5,12,0.0,3,0,2,b
2,62,1112563.8,1112708.1,9,0.0,3,0,1,b
2,62,1113563.8,1114718.8,12,0.0,3,0,2,b
1,31,1159477.0,1160632.1,12,0.0,3,0,1,b
1,31,1160477.0,1161632.1,12,0.0,3,0,2,b
2,31,1159477.0,1160632.1,12,0.0,3,0,1,b
2,31,1160477.0,1161632.1,12,0.0,3,0,2,b
1,96,1190317.9,1190359.1,7,0.0,3,0,1,b
1,96,1191317.9,1192472.9,12,0.0,3,0,2,b
1,28,1250038.8,1251193.8,12,0.0,3,0,1,b
1,28,1251038.8,1252193.8,12,0.0,3,0,2,b
2,28,1250038.8,1251193.8,12,0.0,3,0,1,b
2,28,1251038.8,1252193.8,12,0.0,3,0,2,b
1,14,1349256.5,1350411.5,12,0.0,3,0,1,b
1,14,1350256.5,1351411.5,12,0.0,3,0,2,b
2,100,1383613.1,1384768.2,12,0.0,3,0,1,b
2,100,1384613.1,1385768.2,12,0.0,3,0,2,b
2,52,1618359.9,1618648.6,10,0.0,3,0,1,c
2,52,1619359.9,1620514.9,12,0.0,3,0,2,c
1,27,1816618.5,1817196.0,11,0.0,3,0,1,b
1,27,1817618.5,1818773.5,12,0.0,3,0,2,b
2,27,1816618.5,1817196.0,11,0.0,3,0,1,b
2,27,1817618.5,1818773.5,12,0.0,3,0,2,b
1,21,1892579.0,1893734.0,12,0.0,3,0,1,c
1,21,1893579.0,1894734.0,12,0.0,3,0,2,c
1,49,2332142.2,2332431.2,10,0.0,3,0,1,b
1,49,2333142.2,2334297.2,12,0.0,3,0,2,b
1,35,2388735.8,2388880.2,9,0.0,3,0,1,b
1,35,2389735.8,2390890.8,12,0.0,3,0,2,b
2,3,2502173.0,2503328.0,12,0.0,3,0,1,c
2,3,2503173.0,2504328.0,12,0.0,3,0,2,c
2,26,2511894.8,2513049.8,12,0.0,3,0,1,b
2,26,2512894.8,2514049.8,12,0.0,3,0,2,b
1,85,2518060.5,2519215.5,12,0.0,3,0,1,b
1,85,2519060.5,2520215.5,12,0.0,3,0,2,b
2,22,2674849.5,2675427.2,11,0.0,3,0,1,b
2,22,2675849.5,2677004.8,12,0.0,3,0,2,b
1,94,2732798.0,2733953.0,12,0.0,3,0,1,b
1,94,2733798.0,2734953.0,12,0.0,3,0,2,b
2,94,2732798.0,2733953.0,12,0.0,3,0,1,b
2,94,2733798.0,2734953.0,12,0.0,3,0,2,b
1,91,2735034.2,2735075.5,7,0.0,3,0,1,b
1,91,2736034.2,2737189.2,12,0.0,3,0,2,b
1,5,2794592.5,2795170.2,11,0.0,3,0,1,b
1,5,2795592.5,2796747.5,12,0.0,3,0,2,b
2,5,2794592.5,2795170.2,11,0.0,3,0,1,b
2,5,2795592.5,2796747.5,12,0.0,3,0,2,b
1,14,2796413.5,2797568.5,12,0.0,3,0,1,c
1,14,2797413.5,2798568.5,12,0.0,3,0,2,c
2,14,2796413.5,2797568.5,12,0.0,3,0,1,b
2,14,2797413.5,2798568.5,12,0.0,3,0,2,b
2,89,2921328.8,2922484.0,12,0.0,3,0,1,b
2,89,2922328.8,2923484.0,12,0.0,3,0,2,b
1,3,3045302.8,3046457.8,12,0.0,3,0,1,b
1,3,3046302.8,3047457.8,12,0.0,3,0,2,b
2,8,3190694.5,3191849.5,12,0.0,3,0,1,b
2,8,3191694.5,3192849.5,12,0.0,3,0,2,b
2,4,3240120.5,3241275.8,12,0.0,3,0,1,c
2,4,3241120.5,3242275.8,12,0.0,3,0,2,c
1,54,3277507.2,3278662.2,12,0.0,3,0,1,b
1,54,3278507.2,3279662.2,12,0.0,3,0,2,b
1,68,3280110.8,3281265.8,12,0.0,3,0,1,b
1,68,3281110.8,3282265.8,12,0.0,3,0,2,b
2,68,3280110.8,3281265.8,12,0.0,3,0,1,b
2,68,3281110.8,3282265.8,12,0.0,3,0,2,b
1,89,3283415.2,3284570.2,12,0.0,3,0,1,b
1,89,3284415.2,3285570.2,12,0.0,3,0,2,b
2,89,3283415.2,3284570.2,12,0.0,3,0,1,b
2,89,3284415.2,3285570.2,12,0.0,3,0,2,b
1,21,3307661.5,3308816.8,12,0.0,3,0,1,b
1,21,3308661.5,3309816.8,12,0.0,3,0,2,b
1,84,3368720.5,3369298.0,11,0.0,3,0,1,b
1,84,3369720.5,3370875.5,12,0.0,3,0,2,b
2,84,3368720.5,3369298.0,11,0.0,3,0,1,b
2,84,3369720.5,3370875.5,12,0.0,3,0,2,b
2,29,3442662.8,3443240.5,11,0.0,3,0,1,b
2,29,3443662.8,3444817.8,12,0.0,3,0,2,b
1,21,3488704.8,3489859.8,12,0.0,3,0,1,b
1,21,3489704.8,3490859.8,12,0.0,3,0,2,b
1,100,3582366.0,3583521.0,12,0.0,3,0,1,c
1,100,3583366.0,3584521.0,12,0.0,3,0,2,c
