gatewayID,X,Y,Z
1,250,0,1.5
2,-250,0,1.5
EndDeviceID,X,Y,Z,SF
3,-79.7291,367.992,1,12,
4,268.802,463.394,1,12,
5,-127.972,321.255,1,10,
6,-45.7616,131.434,1,10,
7,173.29,-332.018,1,12,
8,60.3002,498.083,1,12,
9,321.264,268.561,1,10,
10,-201.182,-363.003,1,11,
11,-235.014,-196.458,1,9,
12,286.817,-4.68201,1,7,
13,-156.345,120.631,1,8,
14,-137.28,440.281,1,12,
15,212.075,496.261,1,12,
16,-9.62559,-488.531,1,12,
17,404.599,-172.352,1,9,
18,-315.654,384.095,1,12,
19,-395.717,231.97,1,9,
20,89.8786,-116.753,1,10,
21,312.639,-402.273,1,12,
22,-450.251,-283.655,1,12,
23,-174.662,27.5551,1,7,
24,449.393,235.607,1,11,
25,-325.344,-195.612,1,9,
26,-42.2926,442.989,1,12,
27,-278.027,-399.261,1,11,
28,-157.144,-386.747,1,12,
29,194.313,-411.455,1,12,
30,-336.364,93.8163,1,7,
31,175.888,-332.912,1,12,
32,-325.267,-296.005,1,9,
33,236.575,-468.976,1,12,
34,-41.8074,-12.1125,1,9,
35,-162.196,275.193,1,10,
36,184.142,-256.168,1,7,
37,-271.398,53.2112,1,7,
38,-290.275,457.16,1,12,
39,35.8639,199.744,1,10,
40,-340.735,-53.8723,1,7,
41,-136.225,-33.1736,1,7,
42,482.234,-329.973,1,11,
43,-47.513,137.822,1,10,
44,-140.918,334.306,1,12,
45,286.843,-32.3899,1,7,
46,472.366,-82.2672,1,10,
47,-170.907,-249.467,1,10,
48,-207.34,-160.922,1,8,
49,497.998,-25.7286,1,10,
50,-460.015,-325.54,1,12,
51,-90.001,-457.422,1,12,
52,2.00649,86.6869,1,10,
53,-450.127,-167.424,1,9,
54,417.246,-318.219,1,12,
55,-203.354,480.529,1,12,
56,-250.456,125.81,1,7,
57,-206.736,-221.63,1,10,
58,140.547,-461.619,1,12,
59,282.116,171.071,1,9,
60,-306.753,-171.002,1,8,
61,181.223,234.501,1,10,
62,-59.3661,-13.9898,1,8,
63,148.54,-195.073,1,9,
64,-275.084,102.317,1,7,
65,-229.519,220.613,1,10,
66,-212.07,360.856,1,11,
67,-383.422,-231.252,1,10,
68,-399.662,-245.491,1,10,
69,-370.65,-130.311,1,8,
70,356.094,-7.53393,1,7,
71,300.15,451.889,1,12,
72,98.8464,-143.336,1,8,
73,-242.372,-102.471,1,7,
74,57.6498,-155.28,1,8,
75,135.935,94.5712,1,9,
76,171.485,-295.444,1,11,
77,-90.972,-149.528,1,9,
78,262.623,29.6068,1,7,
79,305.482,203.856,1,11,
80,79.4735,243.782,1,10,
81,268.665,121.152,1,7,
82,-206.751,-351.725,1,11,
83,-284.203,59.3585,1,7,
84,-272.751,-275.038,1,10,
85,157.453,475.472,1,12,
86,-19.0141,173.008,1,10,
87,-446.919,-454.69,1,12,
88,-343.67,-294.065,1,12,
89,-203.908,486.869,1,12,
90,241.228,-117.142,1,7,
91,291.841,-117.59,1,7,
92,-443.271,-193.083,1,11,
93,249.82,-347.784,1,11,
94,11.3127,362.172,1,11,
95,157.506,329.602,1,12,
96,393.973,-60.5038,1,8,
97,-295.868,40.8278,1,7,
98,388.345,-309.315,1,11,
99,485.37,149.972,1,10,
100,-151.402,296.664,1,12,
101,335.289,-281.674,1,10,
102,306.559,-58.2475,1,7,
senderId,receiverID, sendTime, receivedTime,SF,SNR,Ftype, Freq,received, code
26,1,214988521539,216798955309,12,-22.0342,2,8.681e+08,1,0,
82,1,89331584010,90318721933,11,0,4,8.685e+08,0,1,
38,2,62581675168,64392108699,12,-21.215,2,8.685e+08,1,0,
16,1,55414359375,57224793220,12,0,4,8.685e+08,0,1,
86,1,97061334501,97513943568,10,-6.72276,4,8.685e+08,1,0,
86,2,97061334501,97513943464,10,-9.63869,4,8.685e+08,1,0,
99,1,86242723795,86695332726,10,-1.16759,4,8.685e+08,1,0,
99,2,86242723795,86695334298,10,-11.4325,4,8.685e+08,1,0,
45,1,78755451967,78827388131,7,-3.70251,2,8.685e+08,1,0,
51,1,108050593975,109861027876,12,-20.4523,4,8.685e+08,1,0,
66,1,126290466336,127277604292,11,-18.1742,4,8.685e+08,1,0,
66,2,126290466336,127277603546,11,-11.4306,4,8.685e+08,1,0,
68,1,53329765706,53782376023,10,-8.22114,4,8.685e+08,1,0,
68,2,53329765706,53782374665,10,-0.836944,4,8.685e+08,1,0,
89,1,16766502105,18576936325,12,1.44064,2,8.685e+08,1,0,
98,1,21936052535,22923189665,11,0,4,8.685e+08,0,1,
98,2,21936052535,22923190901,11,-14.9005,4,8.685e+08,1,0,
102,1,19147910882,19219847153,7,5.51003,4,8.685e+08,1,0,
102,2,19147910882,19219848749,7,-7.59073,4,8.685e+08,1,0,
12,1,1159652502344,1159724438468,7,-4.84532,4,8.685e+08,1,0,
65,2,61439692187,61892300926,10,-3.01666,4,8.685e+08,1,0,
78,1,1150305602843,1150377538950,7,6.45724,4,8.685e+08,1,0,
78,2,1150305602843,1150377540556,7,6.45724,4,8.685e+08,0,1,
80,1,1155568841786,1156021450778,10,-11.8793,4,8.685e+08,1,0,
80,2,1155568841786,1156021451153,10,-0.050109,4,8.685e+08,1,0,
26,2,1170068053870,1171878487502,12,-1.38528,2,8.685e+08,1,0,
71,1,29174307731,30984741248,12,4.84296,4,8.685e+08,1,0,
35,1,20313134954,20765744607,10,-14.8145,2,8.685e+08,1,0,
35,2,20313134954,20765743918,10,-13.2062,2,8.685e+08,1,0,
57,2,23858062672,24310671425,10,0,4,8.685e+08,0,1,
5,1,205049482037,205502091692,10,-3.83334,2,8.685e+08,1,0,
5,2,205049482037,205502091183,10,-6.87627,2,8.685e+08,1,0,
73,2,834262514,906198857,7,23.6756,2,8.685e+08,1,0,
91,1,15415857752,15487794168,7,12.3847,4,8.685e+08,1,0,
43,2,39151466178,39604074995,10,-3.29311,2,8.685e+08,1,0,
26,1,33945321529,35755755299,12,-6.59592,2,8.685e+08,1,0,
14,2,33365509887,35175943403,12,-15.5171,2,8.685e+08,1,0,
39,1,54065255030,54517864007,10,-3.70363,4,8.685e+08,1,0,
39,2,54065255030,54517864193,10,-6.40764,4,8.685e+08,1,0,
41,2,1516349779046,1516421715441,7,0.279679,2,8.685e+08,1,0,
19,1,1506195883517,1506442669806,9,-4.9362,2,8.683e+08,1,0,
22,1,1649621020921,1651431455441,12,-17.3049,2,8.683e+08,1,0,
22,2,1649621020921,1651431454079,12,-7.48828,2,8.683e+08,1,0,
92,2,91075455729,92062592640,11,3.94351,4,8.685e+08,1,0,
67,1,96575309403,97027919652,10,-11.8049,2,8.685e+08,1,0,
67,2,96575309403,97027918294,10,-0.463424,2,8.685e+08,1,0,
7,2,1161369169685,1163179603479,12,-4.97238,2,8.683e+08,1,0,
87,2,120760281402,122570715055,12,1.862,2,8.685e+08,1,0,
84,1,90587615530,91040225500,10,-7.27911,4,8.685e+08,1,0,
83,1,1824021716409,1824093654202,7,-5.15333,2,8.685e+08,1,0,
83,2,1824021716409,1824093652638,7,-4.8335,2,8.685e+08,1,0,
33,1,99987471038,101797904603,12,-9.20796,2,8.685e+08,1,0,
47,2,173901202737,174353811610,10,-8.65846,2,8.685e+08,1,0,
95,1,1338641727609,1340452160751,12,-10.4214,4,8.683e+08,1,0,
95,2,1338641727609,1340452161357,12,-12.7805,4,8.683e+08,1,0,
22,2,1276096742146,1277907175304,12,-9.26186,2,8.685e+08,1,0,
56,1,1243845411879,1243917349600,7,-3.3618,2,8.685e+08,1,0,
56,2,1243845411879,1243917348299,7,0,2,8.685e+08,0,1,
83,2,1252396595259,1252468531488,7,7.17834,2,8.681e+08,1,0,
17,1,127475445297,127722230069,9,-7.75339,2,8.685e+08,1,0,
17,2,127475445297,127722231555,9,-12.4003,2,8.685e+08,1,0,
91,1,119497552207,119569488623,7,-7.9697,4,8.681e+08,1,0,
61,1,2831690779127,2832143387942,10,0,2,8.683e+08,0,1,
81,1,148956736061,149028672470,7,16.5072,4,8.685e+08,1,0,
8,2,142804828795,144615262752,12,-9.75206,2,8.685e+08,1,0,
77,1,152529720107,152776505349,9,-5.24422,2,8.685e+08,1,0,
77,2,152529720107,152776504835,9,7.67902,2,8.685e+08,1,0,
28,1,1585014636290,1586825070163,12,-9.82794,2,8.685e+08,1,0,
28,2,1585014636290,1586825069617,12,-17.0918,2,8.685e+08,1,0,
27,1,1603200508496,1604187646704,11,-18.3863,2,8.685e+08,1,0,
86,1,1203501017928,1203953626995,10,-6.86279,4,8.683e+08,1,0,
86,2,1203501017928,1203953626891,10,1.87854,4,8.683e+08,1,0,
42,1,164721415448,165708552794,11,0,4,8.685e+08,0,1,
88,2,204810123981,206620557010,12,-10.5924,4,8.681e+08,1,0,
60,2,155083482949,155217115550,8,1.05235,4,8.685e+08,1,0,
31,1,180979728104,182790161242,12,-15.967,2,8.685e+08,1,0,
48,1,3080685975023,3080819608640,8,1.43569,4,8.683e+08,1,0,
48,2,3080685975023,3080819607578,8,4.80365,4,8.683e+08,1,0,
68,1,2621717577546,2622170187863,10,-10.5699,4,8.683e+08,1,0,
68,2,2621717577546,2622170186505,10,0.199937,4,8.683e+08,1,0,
41,2,1759564300282,1759636236677,7,-8.40977,2,8.685e+08,1,0,
44,1,1769447415057,1771257848773,12,-17.5836,4,8.685e+08,1,0,
44,2,1769447415057,1771257848230,12,-18.3747,4,8.685e+08,1,0,
91,1,1769659887434,1769731823850,7,9.55315,4,8.685e+08,1,0,
95,1,162123059873,163933493015,12,-0.691009,4,8.685e+08,1,0,
95,2,162123059873,163933493621,12,-13.4661,4,8.685e+08,1,0,
83,2,157755067948,157827004177,7,-3.75,2,8.685e+08,1,0,
59,1,1917962958765,1918209743346,9,-7.8456,2,8.683e+08,1,0,
59,2,1917962958765,1918209744629,9,-9.24933,2,8.683e+08,1,0,
81,1,1899998403935,1900070340344,7,16.8428,4,8.685e+08,1,0,
81,2,1899998403935,1900070341712,7,-8.3481,4,8.685e+08,1,0,
32,2,2784544941680,2784791726699,9,-7.84412,4,8.683e+08,1,0,
46,1,1699248638089,1699701246880,10,-12.5707,2,8.683e+08,1,0,
51,1,1857911677291,1859722111192,12,-4.17017,4,8.683e+08,1,0,
51,2,1857911677291,1859722110907,12,-17.9304,4,8.683e+08,1,0,
69,1,1712779905484,1712913539599,8,-7.53355,4,8.681e+08,1,0,
69,2,1712779905484,1712913538076,8,7.05371,4,8.681e+08,1,0,
85,2,170897572233,172708006322,12,0,4,8.685e+08,0,1,
100,1,168717872122,170528305787,12,-20.3302,4,8.685e+08,1,0,
100,2,168717872122,170528305165,12,-5.55734,4,8.685e+08,1,0,
50,2,179310009157,181120442449,12,-1.39728,4,8.685e+08,1,0,
57,1,193051940765,193504550458,10,-15.7606,4,8.681e+08,1,0,
57,2,193051940765,193504549518,10,-11.0189,4,8.681e+08,1,0,
99,2,2922212992973,2922665603476,10,-14.1206,4,8.685e+08,1,0,
61,1,2946662758029,2947115366844,10,0,2,8.683e+08,0,1,
14,1,1196145862498,1197956296454,12,-17.3794,2,8.685e+08,1,0,
14,2,1196145862498,1197956296014,12,-1.42743,2,8.685e+08,1,0,
8,1,1702264585009,1704075018787,12,3.81735,2,8.683e+08,1,0,
8,2,1702264585009,1704075018966,12,-4.05846,2,8.683e+08,1,0,
92,2,1543138780873,1544125917784,11,-11.0228,4,8.683e+08,1,0,
24,1,1633755838859,1634742975889,11,-6.2453,2,8.685e+08,1,0,
33,1,1674554890386,1676365323951,12,-16.0486,2,8.683e+08,1,0,
13,1,1630982967644,1631116601058,8,-1.12479,4,8.683e+08,1,0,
13,2,1630982967644,1631116600153,8,-6.08845,4,8.683e+08,1,0,
84,2,1343335908216,1343788517137,10,-14.0898,4,8.685e+08,1,0,
44,2,183020555663,184830988836,12,0,4,8.685e+08,0,1,
75,1,190894060662,191140845156,9,-5.9931,2,8.685e+08,1,0,
71,1,210217507741,212027941258,12,-14.0794,4,8.681e+08,1,0,
71,2,210217507741,212027942116,12,-8.13362,4,8.681e+08,1,0,
3,1,1122416902994,1124227336642,12,-13.8574,2,8.681e+08,1,0,
62,1,195828762644,195962395677,8,-11.1906,2,8.685e+08,1,0,
62,2,195828762644,195962395282,8,0,2,8.685e+08,0,1,
97,2,205781813814,205853750019,7,23.0202,2,8.685e+08,1,0,
58,1,212837146202,214647579784,12,-9.22015,4,8.685e+08,1,0,
58,2,212837146202,214647580219,12,-15.5181,4,8.685e+08,1,0,
32,2,196929840176,197176625195,9,-13.0633,4,8.685e+08,1,0,
93,1,196464723401,197451860561,11,-17.2272,2,8.685e+08,1,0,
93,2,196464723401,197451861432,11,-17.2272,2,8.685e+08,0,1,
27,2,213407130900,214394268235,11,-9.45378,2,8.685e+08,1,0,
18,1,218480444337,220290878618,12,-8.76981,2,8.685e+08,1,0,
85,2,1213228203197,1215038637286,12,-2.85286,4,8.683e+08,1,0,
74,2,1252556189770,1252689822920,8,-4.71962,4,8.681e+08,1,0,
13,2,210734130779,210867763288,8,-5.85617,4,8.681e+08,1,0,
72,1,206149777286,206283409981,8,10.5633,4,8.685e+08,1,0,
72,2,206149777286,206283410544,8,-2.93161,4,8.685e+08,1,0,
56,2,224319684640,224391621060,7,0.290849,2,8.685e+08,1,0,
56,2,409601959929,409673896349,7,10.5767,2,8.681e+08,1,0,
65,2,208265185079,208717793818,10,0,4,8.681e+08,0,1,
7,1,217825823870,219636257007,12,-8.45442,2,8.685e+08,1,0,
7,2,217825823870,219636257664,12,-2.6474,2,8.685e+08,1,0,
84,2,1169908816212,1170361425133,10,-5.97513,4,8.681e+08,1,0,
13,1,1169581180917,1169714814331,8,-7.2801,4,8.685e+08,1,0,
13,2,1169581180917,1169714813426,8,16.7072,4,8.685e+08,1,0,
66,2,2757758297486,2758745434696,11,0.0936745,4,8.683e+08,1,0,
97,2,2606470183460,2606542119665,7,0,2,8.685e+08,0,1,
98,1,2686917463766,2687904600896,11,0,4,8.683e+08,0,1,
3,1,3026888355147,3028698788795,12,-4.88666,4,8.681e+08,1,0,
12,1,1472339926287,1472411862411,7,-1.29906,4,8.685e+08,1,0,
63,1,1460034173769,1460280958502,9,3.53961,4,8.683e+08,1,0,
63,2,1460034173769,1460280959249,9,-8.52696,4,8.683e+08,1,0,
57,2,1472910796427,1473363405180,10,-4.53819,4,8.685e+08,1,0,
23,2,231444214839,231516151107,7,3.67114,2,8.685e+08,1,0,
52,2,214476225770,214928834659,10,-12.9471,2,8.685e+08,1,0,
19,1,229000770296,229247556585,9,-9.99855,2,8.681e+08,1,0,
19,2,229000770296,229247555210,9,3.54722,2,8.681e+08,1,0,
49,1,231187523735,231640132567,10,-9.35855,4,8.685e+08,1,0,
49,2,231187523735,231640134232,10,5.07497,4,8.685e+08,1,0,
47,2,224426341321,224878950194,10,6.99169,2,8.681e+08,1,0,
70,1,350716077031,350788013386,7,-1.00693,2,8.685e+08,1,0,
33,1,281030671048,282841104613,12,-20.889,2,8.681e+08,1,0,
58,1,393880346212,395690779794,12,0,4,8.681e+08,0,1,
80,1,241697772591,242150381583,10,-12.5595,4,8.685e+08,1,0,
79,1,267538860293,268525996998,11,-0.25328,2,8.685e+08,1,0,
79,2,267538860293,268525998267,11,-13.6743,2,8.685e+08,1,0,
74,2,254275763046,254409396196,8,3.47955,4,8.685e+08,1,0,
9,1,244815214677,245267823604,10,0,2,8.685e+08,0,1,
83,2,260771031338,260842967567,7,8.37607,2,8.681e+08,1,0,
67,1,1289150053014,1289602663263,10,1.62843,2,8.681e+08,1,0,
67,2,1289150053014,1289602661905,10,-3.40849,2,8.681e+08,1,0,
84,1,2661900706818,2662353316788,10,-15.097,4,8.683e+08,1,0,
84,2,2661900706818,2662353315739,10,0,4,8.683e+08,0,1,
25,1,261705634928,261952420955,9,-11.8936,2,8.685e+08,1,0,
25,2,261705634928,261952419627,9,7.98145,2,8.685e+08,1,0,
26,1,396031721549,397842155319,12,0,2,8.681e+08,0,1,
23,1,1723141867761,1723213805181,7,-9.0237,2,8.685e+08,1,0,
23,2,1723141867761,1723213804029,7,-0.181014,2,8.685e+08,1,0,
34,1,269533292172,269780077146,9,3.51496,2,8.685e+08,1,0,
88,2,385853323991,387663757020,12,0,4,8.681e+08,0,1,
51,2,289093793985,290904227601,12,-8.32629,4,8.681e+08,1,0,
53,1,271760845745,272007632146,9,-6.89865,2,8.685e+08,1,0,
53,2,271760845745,272007630615,9,-2.55148,2,8.685e+08,1,0,
101,1,1149202779839,1149655388821,10,-0.294967,4,8.685e+08,1,0,
101,2,1149202779839,1149655390006,10,-12.4381,4,8.685e+08,1,0,
82,2,273518072594,274505209776,11,-18.2122,4,8.681e+08,1,0,
48,1,286076240704,286209874321,8,-2.18814,4,8.681e+08,1,0,
48,2,286076240704,286209873259,8,-8.27087,4,8.681e+08,1,0,
23,2,289392811830,289464748098,7,12.2446,2,8.681e+08,1,0,
8,1,323848028805,325658462583,12,-18.8188,2,8.681e+08,1,0,
8,2,323848028805,325658462762,12,-21.9272,2,8.681e+08,1,0,
3,1,280586020509,282396454157,12,-5.41266,2,8.685e+08,1,0,
3,2,280586020509,282396453862,12,6.14574,2,8.685e+08,1,0,
65,1,276849799633,277302409394,10,-16.278,4,8.681e+08,1,0,
65,2,276849799633,277302408372,10,0,4,8.681e+08,0,1,
11,1,312337164452,312583950198,9,0.877885,4,8.685e+08,1,0,
27,2,312120730910,313107868245,11,6.84075,2,8.681e+08,1,0,
85,1,351940772243,353751205859,12,-6.11121,4,8.681e+08,1,0,
85,2,351940772243,353751206332,12,-6.11121,4,8.681e+08,0,1,
19,1,2660964027650,2661210813939,9,-14.4273,2,8.685e+08,1,0,
19,2,2660964027650,2661210812564,9,14.8158,2,8.685e+08,1,0,
54,1,1394054277580,1395864710779,12,-11.574,4,8.685e+08,1,0,
54,2,1394054277580,1395864712046,12,-2.95456,4,8.685e+08,1,0,
37,2,1394485323883,1394557260074,7,2.39566,2,8.683e+08,1,0,
101,1,1356563039417,1357015648399,10,-14.0622,4,8.685e+08,1,0,
70,1,1171557636929,1171629573284,7,2.98303,2,8.681e+08,1,0,
64,2,298906193853,298978130204,7,0,4,8.685e+08,0,1,
79,1,1656478584015,1657465720720,11,-14.945,2,8.685e+08,1,0,
92,2,1753875142018,1754862278929,11,-15.6367,4,8.685e+08,1,0,
43,2,1751128588708,1751581197525,10,6.01711,2,8.685e+08,1,0,
40,2,1751369664724,1751441601076,7,-1.15355,2,8.683e+08,1,0,
75,2,1753279630591,1753526415916,9,-7.19784,2,8.683e+08,1,0,
54,1,303755799146,305566232345,12,-8.2382,4,8.685e+08,1,0,
95,1,343166259883,344976693025,12,0,4,8.681e+08,0,1,
95,2,343166259883,344976693631,12,-17.6698,4,8.681e+08,1,0,
6,2,295903574291,296356183101,10,-0.892699,4,8.685e+08,1,0,
22,2,296160522299,297970955457,12,-20.473,2,8.685e+08,1,0,
20,1,2956767035512,2957219644173,10,0.946259,4,8.681e+08,1,0,
20,2,2956767035512,2957219644711,10,-3.79541,4,8.681e+08,1,0,
60,1,2948979971294,2949113605237,8,-4.88431,4,8.683e+08,1,0,
60,2,2948979971294,2949113603895,8,0,4,8.683e+08,0,1,
74,1,1463002278861,1463135911686,8,0.638352,4,8.685e+08,1,0,
60,2,302419073021,302552705622,8,-8.1929,4,8.681e+08,1,0,
100,1,349761072132,351571505797,12,-12.5786,4,8.681e+08,1,0,
100,2,349761072132,351571505175,12,-14.6438,4,8.681e+08,1,0,
20,1,307111623995,307564232656,10,0,4,8.685e+08,0,1,
89,2,307199305643,309009739274,12,-12.4343,2,8.681e+08,1,0,
12,1,311249731067,311321667191,7,1.41937,4,8.685e+08,1,0,
12,1,1119354204247,1119426140371,7,0,4,8.681e+08,0,1,
24,1,310755431940,311742568970,11,-5.68553,2,8.685e+08,1,0,
7,1,398869023880,400679457017,12,-5.92049,2,8.681e+08,1,0,
7,2,398869023880,400679457674,12,-12.3605,2,8.681e+08,1,0,
101,1,1401823839427,1402276448409,10,-3.64215,4,8.683e+08,1,0,
19,2,2834394486237,2834641271151,9,-11.892,2,8.683e+08,1,0,
65,2,2603562532877,2604015141616,10,-9.49712,4,8.683e+08,1,0,
102,1,317210900243,317282836514,7,22.5229,4,8.681e+08,1,0,
102,2,317210900243,317282838110,7,-2.8727,4,8.681e+08,1,0,
16,2,314942941887,316753375703,12,9.89987,4,8.681e+08,1,0,
80,1,315724948476,316177557468,10,-3.37308,4,8.681e+08,1,0,
68,1,333024524319,333477134636,10,-11.0987,4,8.681e+08,1,0,
68,2,333024524319,333477133278,10,-1.94665,4,8.681e+08,1,0,
55,1,502964282968,504774717172,12,-12.8677,4,8.681e+08,1,0,
20,1,1449463990239,1449916598900,10,-3.59105,4,8.683e+08,1,0,
39,1,1486851291990,1487303900967,10,-9.4084,4,8.685e+08,1,0,
38,2,2936397676291,2938208109822,12,-16.959,2,8.685e+08,1,0,
39,1,2937222092339,2937674701316,10,0.342484,4,8.683e+08,1,0,
39,2,2937222092339,2937674701502,10,-12.5471,4,8.683e+08,1,0,
101,1,341886614923,342339223905,10,-11.4776,4,8.685e+08,1,0,
101,2,341886614923,342339225090,10,-1.31908,4,8.685e+08,1,0,
37,1,323383879042,323455816790,7,-8.29121,2,8.681e+08,1,0,
37,2,323383879042,323455815233,7,15.218,2,8.681e+08,1,0,
55,1,321921082958,323731517162,12,-11.8735,4,8.685e+08,1,0,
55,2,321921082958,323731516568,12,0.141007,4,8.685e+08,1,0,
89,1,488242505653,490052939873,12,-1.09979,2,8.681e+08,1,0,
61,1,317934143434,318386752249,10,10.3967,2,8.685e+08,1,0,
61,2,317934143434,318386753071,10,-7.75429,2,8.685e+08,1,0,
38,1,1899104087857,1900914522218,12,-10.1864,2,8.685e+08,1,0,
38,2,1899104087857,1900914521388,12,-13.7576,2,8.685e+08,1,0,
89,1,3060643184564,3062453618784,12,0,2,8.685e+08,0,1,
10,1,1577391641760,1578378779692,11,-12.4914,2,8.683e+08,1,0,
10,2,1577391641760,1578378778982,11,-10.8213,2,8.683e+08,1,0,
22,1,1468577820911,1470388255431,12,-12.4578,2,8.685e+08,1,0,
22,2,1468577820911,1470388254069,12,-10.5972,2,8.685e+08,1,0,
38,1,332664818502,334475252863,12,-16.5756,2,8.681e+08,1,0,
38,2,332664818502,334475252033,12,8.85851,2,8.681e+08,1,0,
39,1,1147854969856,1148307578833,10,-16.3048,4,8.681e+08,1,0,
39,2,1147854969856,1148307579019,10,-9.34167,4,8.681e+08,1,0,
4,1,473811313301,475621746848,12,0,4,8.681e+08,0,1,
54,1,1838646453977,1840456887176,12,-11.4219,4,8.683e+08,1,0,
54,2,1838646453977,1840456888443,12,-11.8045,4,8.683e+08,1,0,
95,1,1815871355269,1817681788411,12,0,4,8.685e+08,0,1,
67,1,2865621918736,2866074528985,10,-4.07161,2,8.685e+08,1,0,
67,2,2865621918736,2866074527627,10,-1.03863,2,8.685e+08,1,0,
78,1,357153457852,357225393959,7,2.02557,4,8.685e+08,1,0,
78,2,357153457852,357225395565,7,-5.28458,4,8.685e+08,1,0,
50,1,360353209167,362163643772,12,0,4,8.681e+08,0,1,
62,1,1815652710786,1815786343819,8,0,2,8.685e+08,0,1,
28,1,3041252637758,3043063071631,12,-18.8311,2,8.683e+08,1,0,
98,1,2908651510426,2909638647556,11,-5.17898,4,8.683e+08,1,0,
86,1,350315629074,350768238141,10,-0.303954,4,8.681e+08,1,0,
86,2,350315629074,350768238037,10,0.2202,4,8.681e+08,1,0,
96,1,345580281113,345713913634,8,7.1385,2,8.685e+08,1,0,
20,2,1165926542146,1166379151345,10,-13.1266,4,8.685e+08,1,0,
96,1,2725514530425,2725648162946,8,2.65938,2,8.685e+08,1,0,
66,2,352280149416,353267286626,11,0,4,8.681e+08,0,1,
9,1,357077617409,357530226336,10,8.29837,2,8.681e+08,1,0,
40,2,354986179554,355058115906,7,5.08299,2,8.685e+08,1,0,
30,2,382905374087,382977310512,7,-7.29365,4,8.681e+08,1,0,
101,1,387147414933,387600023915,10,-3.37936,4,8.681e+08,1,0,
101,2,387147414933,387600025100,10,-12.3952,4,8.681e+08,1,0,
59,1,354834658291,355081442872,9,-0.668777,2,8.685e+08,1,0,
36,1,359641634467,359713571349,7,0,2,8.681e+08,0,1,
78,1,378551775610,378623711717,7,11.5389,4,8.681e+08,1,0,
79,1,387868070565,388855207270,11,3.32258,2,8.681e+08,1,0,
75,1,546542713036,546789497530,9,1.77931,2,8.685e+08,1,0,
42,1,362755083537,363742220883,11,-17.6854,4,8.681e+08,1,0,
77,1,1571431854421,1571678639663,9,-8.41099,2,8.685e+08,1,0,
77,2,1571431854421,1571678639149,9,-12.0617,2,8.685e+08,1,0,
72,1,1614856207001,1614989839696,8,2.72844,4,8.685e+08,1,0,
72,2,1614856207001,1614989840259,8,3.13928,4,8.685e+08,1,0,
74,1,1570901854498,1571035487323,8,-0.752669,4,8.683e+08,1,0,
93,1,1587631251785,1588618388945,11,-2.38521,2,8.683e+08,1,0,
28,1,405441273096,407251706969,12,-12.3027,2,8.681e+08,1,0,
28,2,405441273096,407251706423,12,-14.4486,2,8.681e+08,1,0,
45,1,413290972504,413362908668,7,20.2032,2,8.681e+08,1,0,
45,2,413290972504,413362910298,7,0.712251,2,8.681e+08,1,0,
20,2,383163700542,383616309741,10,-16.8201,4,8.681e+08,1,0,
50,1,541396409177,543206843782,12,-22.1635,4,8.681e+08,1,0,
50,2,541396409177,543206842469,12,7.94494,4,8.681e+08,1,0,
71,1,391260707751,393071141268,12,-9.63339,4,8.681e+08,1,0,
86,2,2727889306946,2728341915909,10,-8.84817,4,8.683e+08,1,0,
77,2,394758576883,395005361611,9,-8.76709,2,8.681e+08,1,0,
65,2,411106087292,411558696031,10,19.8239,4,8.685e+08,1,0,
21,2,421198096516,423008530823,12,-14.9975,2,8.681e+08,1,0,
52,1,1845040752088,1845493360964,10,-4.63898,2,8.685e+08,1,0,
59,1,1849516111290,1849762895871,9,3.09323,2,8.685e+08,1,0,
70,1,1918197118860,1918269055215,7,3.52049,2,8.683e+08,1,0,
3,1,1890558020552,1892368454200,12,12.4771,2,8.685e+08,1,0,
7,1,1727827623803,1729638056940,12,-13.7815,2,8.683e+08,1,0,
7,2,1727827623803,1729638057597,12,-6.91727,2,8.683e+08,1,0,
30,2,1741704668862,1741776605287,7,-2.34697,4,8.685e+08,1,0,
24,2,1762441905962,1763429044424,11,-4.33214,2,8.683e+08,1,0,
11,2,1345112316642,1345359101299,9,-8.11722,4,8.683e+08,1,0,
87,2,1351500968354,1353311402007,12,-7.57889,2,8.685e+08,1,0,
7,1,579912223890,581722657027,12,-11.5269,2,8.681e+08,1,0,
7,2,579912223890,581722657684,12,-4.78149,2,8.681e+08,1,0,
37,2,408586185816,408658122007,7,-4.57164,2,8.681e+08,1,0,
89,2,2879599984554,2881410418185,12,-17.4384,2,8.683e+08,1,0,
58,1,1811775434218,1813585867800,12,3.26302,4,8.685e+08,1,0,
96,1,2819287658465,2819421290986,8,-10.5065,2,8.683e+08,1,0,
14,2,429762188567,431572622083,12,-11.546,2,8.681e+08,1,0,
31,1,431176134108,432986567246,12,-14.0156,2,8.681e+08,1,0,
31,2,431176134108,432986567911,12,-10.7172,2,8.681e+08,1,0,
32,1,455251859816,455498645974,9,-11.0463,4,8.681e+08,1,0,
32,2,455251859816,455498644835,9,-0.930221,4,8.681e+08,1,0,
85,1,532983972253,534794405869,12,-6.29079,4,8.681e+08,1,0,
82,1,415130599345,416117737268,11,-12.009,4,8.681e+08,1,0,
88,1,2749320147957,2751130582167,12,0,4,8.683e+08,0,1,
77,2,446302545672,446549330400,9,-13.5316,2,8.681e+08,1,0,
63,1,432991712749,433238497482,9,4.88692,4,8.681e+08,1,0,
63,2,432991712749,433238498229,9,0.44304,4,8.681e+08,1,0,
67,2,1334410853024,1334863461915,10,-10.9505,2,8.681e+08,1,0,
78,1,1281267571058,1281339507165,7,24.2653,4,8.683e+08,1,0,
78,2,1281267571058,1281339508771,7,-4.56102,4,8.683e+08,1,0,
10,2,1478678041750,1479665178972,11,6.04917,2,8.685e+08,1,0,
36,1,1485197244541,1485269181423,7,-3.28908,2,8.683e+08,1,0,
52,1,1479695186935,1480147795811,10,-13.0814,2,8.681e+08,1,0,
52,2,1479695186935,1480147795824,10,-7.67088,2,8.681e+08,1,0,
27,2,1493823381416,1494810518751,11,-4.03632,2,8.685e+08,1,0,
87,2,1532544168364,1534354602017,12,0,2,8.683e+08,0,1,
56,2,452448742472,452520678892,7,6.62048,2,8.681e+08,1,0,
24,1,1445317816844,1446304953874,11,7.31806,2,8.683e+08,1,0,
24,2,1445317816844,1446304955306,11,-6.95834,2,8.683e+08,1,0,
67,2,1450662733520,1451115342411,10,-8.08273,2,8.685e+08,1,0,
40,2,457909049332,457980985684,7,5.54292,2,8.681e+08,1,0,
16,2,495986141897,497796575713,12,-12.1455,4,8.681e+08,1,0,
67,1,2920125988152,2920578598401,10,-10.229,2,8.683e+08,1,0,
67,2,2920125988152,2920578597043,10,-15.2332,2,8.683e+08,1,0,
37,1,461918159416,461990097164,7,1.70352,2,8.685e+08,1,0,
37,2,461918159416,461990095607,7,24.7421,2,8.685e+08,1,0,
97,2,467993784327,468065720532,7,3.65902,2,8.681e+08,1,0,
102,1,459545560604,459617496875,7,-9.07361,4,8.685e+08,1,0,
54,1,499477330767,501287763966,12,-11.9568,4,8.681e+08,1,0,
54,2,499477330767,501287765233,12,-20.369,4,8.681e+08,1,0,
29,1,476165577786,477976011171,12,-7.28905,4,8.681e+08,1,0,
29,2,476165577786,477976011806,12,-15.9696,4,8.681e+08,1,0,
49,1,1190542277347,1190994886179,10,-8.18986,4,8.681e+08,1,0,
51,1,470136993995,471947427896,12,-16.8126,4,8.681e+08,1,0,
51,2,470136993995,471947427611,12,-17.6868,4,8.681e+08,1,0,
88,1,566896524001,568706958211,12,-9.22398,4,8.685e+08,0,1,
88,2,566896524001,568706957030,12,-9.22398,4,8.685e+08,1,0,
91,2,486573661904,486645599753,7,-9.04059,4,8.681e+08,1,0,
98,1,462536440478,463523577608,11,-12.4987,4,8.681e+08,1,0,
98,2,462536440478,463523578844,11,-19.1791,4,8.681e+08,1,0,
19,2,475374489296,475621274210,9,-6.32524,2,8.681e+08,1,0,
8,2,504891228815,506701662772,12,-20.577,2,8.681e+08,1,0,
12,1,1267767565639,1267839501763,7,-9.36708,4,8.683e+08,1,0,
70,1,487411731667,487483668022,7,7.57441,2,8.681e+08,1,0,
66,2,477496194247,478483331457,11,-9.47253,4,8.681e+08,1,0,
101,1,2842205758221,2842658367203,10,2.97052,4,8.681e+08,1,0,
101,2,2842205758221,2842658368388,10,-0.264693,4,8.681e+08,1,0,
78,1,2801729938772,2801801874879,7,17.6647,4,8.685e+08,1,0,
100,1,2988780276753,2990590710418,12,-21.677,4,8.683e+08,1,0,
100,2,2988780276753,2990590709796,12,-12.4648,4,8.683e+08,1,0,
74,2,3023181005877,3023314639027,8,1.35997,4,8.681e+08,1,0,
75,1,521864313026,522111097520,9,-1.38724,2,8.681e+08,1,0,
75,2,521864313026,522111098351,9,-2.8715,2,8.681e+08,1,0,
20,1,1808633242806,1809085851467,10,-5.88908,4,8.681e+08,1,0,
20,2,1808633242806,1809085852005,10,-13.6552,4,8.681e+08,1,0,
65,1,1777229724185,1777682333946,10,9.23303,4,8.685e+08,1,0,
65,2,1777229724185,1777682332924,10,-16.4907,4,8.685e+08,1,0,
21,2,1782166415734,1783976850041,12,-17.1409,2,8.685e+08,1,0,
95,1,524209459893,526019893035,12,-15.2519,4,8.681e+08,1,0,
95,2,524209459893,526019893641,12,-3.47227,4,8.681e+08,1,0,
56,2,505971198968,506043135388,7,2.77324,2,8.685e+08,1,0,
39,1,499174506809,499627115786,10,-0.935043,4,8.681e+08,1,0,
9,1,2741514267937,2741966876864,10,4.77431,2,8.685e+08,1,0,
9,2,2741514267937,2741966878043,10,-1.00125,2,8.685e+08,1,0,
31,2,612219334118,614029767921,12,-5.42035,2,8.681e+08,1,0,
48,2,513950954772,514084587327,8,3.82389,4,8.681e+08,1,0,
22,2,509263961055,511074394213,12,-8.96548,2,8.681e+08,1,0,
27,2,2842829393733,2843816531068,11,-0.525359,2,8.683e+08,1,0,
63,1,519992232036,520239016769,9,-10.8448,4,8.681e+08,1,0,
63,2,519992232036,520239017516,9,-4.8605,4,8.681e+08,1,0,
11,2,520795128604,521041913261,9,2.11493,4,8.681e+08,1,0,
80,1,552623703254,553076312246,10,-11.0953,4,8.681e+08,1,0,
80,2,552623703254,553076312621,10,-14.0968,4,8.681e+08,1,0,
15,1,667292389519,669102823179,12,-5.68397,4,8.681e+08,1,0,
15,2,667292389519,669102823781,12,-21.1134,4,8.681e+08,1,0,
18,2,532940079328,534750512628,12,-18.017,2,8.681e+08,1,0,
100,1,562685358921,564495792586,12,-15.5531,4,8.681e+08,1,0,
100,2,562685358921,564495791964,12,-17.5693,4,8.681e+08,1,0,
101,1,1884264334209,1884716943191,10,6.9157,4,8.685e+08,1,0,
17,1,2624152672512,2624399457284,9,-2.27727,4,8.681e+08,1,0,
101,1,2796944958211,2797397567193,10,-7.08337,4,8.683e+08,1,0,
101,2,2796944958211,2797397568378,10,-15.9234,4,8.683e+08,1,0,
89,2,1452242404554,1454052838185,12,-21.69,2,8.683e+08,1,0,
6,1,532397543167,532850152247,10,-7.09146,4,8.681e+08,1,0,
6,2,532397543167,532850151977,10,-4.86691,4,8.681e+08,1,0,
91,1,552631271454,552703207870,7,10.0467,4,8.685e+08,1,0,
5,2,550564849713,551017458859,10,-16.345,2,8.681e+08,1,0,
78,1,569048915250,569120851357,7,5.09866,4,8.681e+08,1,0,
10,1,557064264205,558051402137,11,-10.6465,2,8.681e+08,1,0,
10,2,557064264205,558051401427,11,-6.25,2,8.681e+08,1,0,
69,2,2720922529610,2721056162202,8,-8.73483,4,8.685e+08,1,0,
51,1,651180194005,652990627906,12,-13.1085,4,8.685e+08,1,0,
51,2,651180194005,652990627621,12,-15.2058,4,8.685e+08,1,0,
25,2,3049915845174,3050162629873,9,-6.93243,2,8.683e+08,1,0,
8,2,3039938582361,3041749016318,12,-3.10217,2,8.683e+08,1,0,
98,1,3007365110436,3008352247566,11,4.0919,4,8.683e+08,1,0,
97,2,551263947885,551335884090,7,7.349,2,8.681e+08,1,0,
17,1,1536710240794,1536957025566,9,-7.67514,2,8.685e+08,1,0,
17,2,1536710240794,1536957027052,9,-11.6894,2,8.685e+08,1,0,
82,2,554073539060,555060676242,11,8.29556,4,8.685e+08,1,0,
46,1,635922581339,636375190130,10,-16.947,2,8.681e+08,1,0,
84,2,559817550397,560270159318,10,-7.75371,4,8.681e+08,1,0,
50,1,722439609187,724250043792,12,-19.4319,4,8.685e+08,1,0,
50,2,722439609187,724250042479,12,-7.54433,4,8.685e+08,1,0,
33,1,569536345501,571346779066,12,-20.7249,2,8.681e+08,1,0,
13,2,583621988072,583755620581,8,9.90263,4,8.685e+08,1,0,
19,2,569982050564,570228835478,9,-8.81641,2,8.685e+08,1,0,
28,1,1403971436280,1405781870153,12,0,2,8.683e+08,0,1,
18,1,1406877090014,1408687524295,12,-22.1131,2,8.685e+08,1,0,
18,2,1406877090014,1408687523314,12,-20.1017,2,8.685e+08,1,0,
51,2,1314782077261,1316592510877,12,-16.7622,4,8.685e+08,1,0,
70,1,1309500483631,1309572419986,7,-2.29474,2,8.685e+08,1,0,
70,2,1309500483631,1309572421653,7,-7.03906,2,8.685e+08,1,0,
63,1,570656812377,570903597110,9,-2.78924,4,8.685e+08,1,0,
90,1,1871968646127,1872040582519,7,-1.73352,4,8.685e+08,1,0,
90,2,1871968646127,1872040583812,7,2.3049,4,8.685e+08,1,0,
29,1,1871234734148,1873045167533,12,-2.01016,4,8.683e+08,1,0,
11,2,1878119973828,1878366758485,9,-4.18655,4,8.685e+08,1,0,
99,1,1638032219981,1638484828912,10,-6.64558,4,8.681e+08,1,0,
90,1,1643831419083,1643903355475,7,-3.96858,4,8.681e+08,1,0,
90,2,1643831419083,1643903356768,7,-5.05214,4,8.681e+08,1,0,
15,1,1741904658875,1743715092535,12,-20.4938,4,8.685e+08,1,0,
38,2,1678027587872,1679838021403,12,0.658051,2,8.683e+08,1,0,
37,1,639538434581,639610372329,7,-7.20976,2,8.685e+08,1,0,
37,2,639538434581,639610370772,7,9.74982,2,8.685e+08,1,0,
43,1,601859384958,602311994052,10,-14.0207,2,8.681e+08,1,0,
43,2,601859384958,602311993775,10,-10.386,2,8.681e+08,1,0,
44,1,1436335654062,1438146087778,12,15.0454,4,8.685e+08,1,0,
44,2,1436335654062,1438146087235,12,-2.51074,4,8.685e+08,1,0,
87,1,653964253639,655774688415,12,-6.94893,2,8.681e+08,0,1,
87,2,653964253639,655774687292,12,-6.94893,2,8.681e+08,1,0,
48,2,630825389893,630959022448,8,-5.44131,4,8.685e+08,1,0,
26,2,626938453840,628748887472,12,-10.9006,2,8.685e+08,1,0,
3,1,1709514820542,1711325254190,12,-18.1302,2,8.685e+08,1,0,
3,2,1709514820542,1711325253895,12,-21.1751,2,8.685e+08,1,0,
86,1,1638678016990,1639130626057,10,-11.1828,4,8.685e+08,1,0,
17,2,672456784542,672703570800,9,-12.477,2,8.681e+08,1,0,
23,2,686993268339,687065204607,7,6.97939,2,8.681e+08,1,0,
89,1,669285705663,671096139883,12,-14.3363,2,8.685e+08,1,0,
89,2,669285705663,671096139294,12,-13.4895,2,8.685e+08,1,0,
44,1,634274438890,636084872606,12,-12.8809,4,8.681e+08,1,0,
44,2,634274438890,636084872063,12,-19.0856,4,8.681e+08,1,0,
73,2,2866088553670,2866160490013,7,2.23213,2,8.683e+08,1,0,
40,2,2793289532963,2793361469315,7,6.23659,2,8.683e+08,1,0,
14,2,1661456533958,1663266967474,12,-12.2575,2,8.685e+08,1,0,
90,1,1777333631294,1777405567686,7,6.75403,4,8.681e+08,1,0,
51,1,1676868477281,1678678911182,12,-2.01016,4,8.685e+08,1,0,
40,2,655100350308,655172286660,7,21.5486,2,8.685e+08,1,0,
40,2,643688728661,643760665013,7,4.56197,2,8.681e+08,1,0,
74,1,691984481135,692118113960,8,-7.42094,4,8.681e+08,1,0,
92,1,1140892958862,1141880097263,11,-13.7859,4,8.685e+08,1,0,
92,2,1140892958862,1141880095773,11,-1.66699,4,8.685e+08,1,0,
88,1,747939724011,749750158221,12,-16.8999,4,8.685e+08,1,0,
88,2,747939724011,749750157040,12,0,4,8.685e+08,0,1,
16,2,704899691643,706710125459,12,-10.6482,4,8.685e+08,1,0,
35,2,675058890329,675511499293,10,-9.31422,2,8.681e+08,1,0,
75,1,1387328725215,1387575509709,9,1.75569,2,8.685e+08,1,0,
94,1,1291522489839,1292509627286,11,-5.69829,2,8.685e+08,1,0,
94,2,1291522489839,1292509627329,11,-13.8955,2,8.685e+08,1,0,
19,2,1223620786534,1223867571448,9,-13.2998,2,8.685e+08,1,0,
96,1,1500073536666,1500207169187,8,1.61386,2,8.681e+08,1,0,
81,1,1494988525945,1495060462354,7,0.761933,4,8.685e+08,1,0,
68,2,1525734950683,1526187559642,10,1.73586,4,8.685e+08,1,0,
53,2,1660313907982,1660560692852,9,-12.8732,2,8.681e+08,1,0,
48,1,696556070804,696689704421,8,-6.34538,4,8.683e+08,1,0,
3,1,2845845155137,2847655588785,12,-16.7449,2,8.683e+08,1,0,
3,2,2845845155137,2847655588490,12,-6.94324,2,8.683e+08,1,0,
81,1,1302053059420,1302124995829,7,6.51807,4,8.681e+08,1,0,
96,1,1297226137244,1297359769765,8,10.197,2,8.681e+08,1,0,
26,1,1351111253880,1352921687650,12,-7.76749,2,8.683e+08,1,0,
26,2,1351111253880,1352921687512,12,-16.2669,2,8.683e+08,1,0,
11,1,2892095723650,2892342509396,9,1.8526,4,8.683e+08,1,0,
11,2,2892095723650,2892342508307,9,-9.18957,4,8.683e+08,1,0,
20,1,1211187342156,1211639950817,10,21.4891,4,8.683e+08,1,0,
75,1,1541349952809,1541596737303,9,-1.90169,2,8.685e+08,1,0,
75,2,1541349952809,1541596738134,9,-9.15991,2,8.685e+08,1,0,
29,2,1528868049556,1530678483576,12,-18.7874,4,8.685e+08,1,0,
97,1,1530208129642,1530280067468,7,-2.41345,2,8.685e+08,1,0,
97,2,1530208129642,1530280065847,7,1.04295,2,8.685e+08,1,0,
7,1,2881862714378,2883673147515,12,-11.3615,2,8.683e+08,1,0,
7,2,2881862714378,2883673148172,12,-9.61812,2,8.683e+08,1,0,
64,2,688015174557,688087110908,7,3.3587,4,8.681e+08,1,0,
86,1,688362623381,688815232448,10,-15.1231,4,8.681e+08,1,0,
79,1,706473386540,707460523245,11,-17.2957,2,8.681e+08,1,0,
21,1,693464853369,695275286727,12,-9.41287,2,8.681e+08,1,0,
21,2,693464853369,695275287676,12,-15.3324,2,8.681e+08,1,0,
72,1,772877863439,773011496134,8,0.936478,4,8.681e+08,1,0,
73,1,689635760669,689707698347,7,-3.67918,2,8.681e+08,1,0,
73,2,689635760669,689707697012,7,12.0179,2,8.681e+08,1,0,
80,1,2956587102422,2957039711414,10,-8.95372,4,8.685e+08,1,0,
80,2,2956587102422,2957039711789,10,-7.26095,4,8.685e+08,1,0,
96,1,2994390076484,2994523709005,8,-9.55539,4,8.681e+08,1,0,
75,1,2746235827004,2746482611498,9,0.83487,4,8.681e+08,1,0,
81,1,1558808433365,1558880369774,7,-2.6871,4,8.683e+08,1,0,
81,2,1558808433365,1558880371142,7,-1.29278,4,8.683e+08,1,0,
14,1,735871672235,737682106191,12,-3.37894,2,8.681e+08,0,1,
14,2,735871672235,737682105751,12,-3.37894,2,8.681e+08,1,0,
16,1,1141984736587,1143795170432,12,-2.55466,4,8.683e+08,1,0,
16,2,1141984736587,1143795170403,12,0,4,8.683e+08,0,1,
86,1,733623423391,734076032458,10,-5.66426,4,8.685e+08,1,0,
86,2,733623423391,734076032354,10,-13.2977,4,8.685e+08,1,0,
54,1,744885581510,746696014709,12,-20.3045,4,8.681e+08,1,0,
54,2,744885581510,746696015976,12,-16.6656,4,8.681e+08,1,0,
28,1,758144012426,759954446299,12,-13.3862,2,8.681e+08,1,0,
28,2,758144012426,759954445753,12,4.35723,2,8.681e+08,1,0,
97,2,1898305757056,1898377693261,7,11.9704,2,8.683e+08,1,0,
34,2,2787439867141,2787686651837,9,-6.02992,2,8.683e+08,1,0,
8,1,2839088433102,2840898866880,12,-7.23755,2,8.683e+08,1,0,
8,2,2839088433102,2840898867059,12,-7.23755,2,8.683e+08,0,1,
23,1,2827272496356,2827344433776,7,0.0283822,2,8.683e+08,1,0,
23,2,2827272496356,2827344432624,7,14.5182,2,8.683e+08,1,0,
35,1,2811301206489,2811753816142,10,-16.775,4,8.681e+08,1,0,
83,2,2767050898722,2767122834951,7,1.53204,2,8.685e+08,1,0,
36,1,785085561163,785157498045,7,0.931809,2,8.681e+08,1,0,
36,2,785085561163,785157498844,7,6.54666,2,8.681e+08,1,0,
6,1,1130385195357,1130837804437,10,-12.7538,4,8.683e+08,1,0,
6,2,1130385195357,1130837804167,10,-7.30284,4,8.683e+08,1,0,
23,2,1508247239898,1508319176166,7,8.14917,2,8.685e+08,1,0,
85,1,1575314603217,1577125036833,12,-12.9677,4,8.683e+08,1,0,
7,1,768889969633,770700402770,12,-9.72914,2,8.685e+08,1,0,
7,2,768889969633,770700403427,12,-20.2695,2,8.685e+08,1,0,
35,1,1582355413637,1582808023290,10,-11.2103,2,8.685e+08,1,0,
35,2,1582355413637,1582808022601,10,-15.6178,2,8.685e+08,1,0,
59,1,1593226866592,1593473651173,9,-3.18567,2,8.685e+08,1,0,
59,2,1593226866592,1593473652456,9,-9.27011,2,8.685e+08,1,0,
94,1,782180185499,783167322946,11,-3.54326,2,8.681e+08,1,0,
94,2,782180185499,783167322989,11,-1.92439,2,8.681e+08,1,0,
60,2,785445690403,785579323004,8,-1.70863,4,8.681e+08,1,0,
22,1,789584846630,791395281150,12,-18.4392,2,8.681e+08,1,0,
22,2,789584846630,791395279788,12,-20.5591,2,8.681e+08,1,0,
14,1,916914872245,918725306201,12,-6.57344,2,8.685e+08,0,1,
14,2,916914872245,918725305761,12,-6.57344,2,8.685e+08,1,0,
70,1,1187463828034,1187535764389,7,1.98602,2,8.685e+08,1,0,
5,1,1181082168095,1181534777750,10,-8.60817,2,8.685e+08,1,0,
5,2,1181082168095,1181534777241,10,-9.60493,2,8.685e+08,1,0,
93,1,798820847100,799807984260,11,-11.1252,2,8.681e+08,1,0,
36,1,826298034001,826369970883,7,0.582047,2,8.685e+08,1,0,
94,1,880893785509,881880922956,11,-0.904021,2,8.681e+08,1,0,
94,2,880893785509,881880922999,11,-14.1979,2,8.681e+08,1,0,
100,1,797303424860,799113858525,12,-10.026,4,8.685e+08,1,0,
100,2,797303424860,799113857903,12,-20.7439,4,8.685e+08,1,0,
26,1,807981653850,809792087620,12,-3.63609,2,8.685e+08,1,0,
92,1,796981889581,797969027982,11,-17.4869,4,8.681e+08,1,0,
92,2,796981889581,797969026492,11,-7.80269,4,8.681e+08,1,0,
34,1,807601596716,807848381690,9,-11.8654,2,8.681e+08,1,0,
34,2,807601596716,807848381412,9,-9.03084,2,8.681e+08,1,0,
94,1,1192808889829,1193796027276,11,-4.66261,2,8.685e+08,1,0,
94,2,1192808889829,1193796027319,11,-16.8428,2,8.685e+08,1,0,
20,1,812481860025,812934468686,10,-12.4754,4,8.681e+08,1,0,
93,1,897534447110,898521584270,11,-4.55566,2,8.681e+08,1,0,
93,2,897534447110,898521585141,11,-9.63672,2,8.681e+08,1,0,
4,2,805725651809,807536086129,12,13.574,4,8.681e+08,1,0,
78,1,1887758006743,1887829942850,7,0,4,8.683e+08,0,1,
82,1,1842929607286,1843916745209,11,-3.14354,4,8.683e+08,1,0,
82,2,1842929607286,1843916744468,11,-13.7148,4,8.683e+08,1,0,
15,1,1922947858885,1924758292545,12,-7.574,4,8.683e+08,1,0,
15,2,1922947858885,1924758293147,12,-17.393,4,8.683e+08,1,0,
83,2,1875717577664,1875789513893,7,3.11014,2,8.685e+08,1,0,
72,1,1852826352919,1852959985614,8,3.89661,4,8.683e+08,1,0,
9,1,1855912940256,1856365549183,10,-4.26187,2,8.681e+08,1,0,
62,2,1844315072935,1844448705573,8,23.6128,2,8.685e+08,1,0,
13,1,2820888505184,2821022138598,8,-8.92808,4,8.683e+08,1,0,
13,2,2820888505184,2821022137693,8,0,4,8.683e+08,0,1,
26,1,2723361754352,2725172188122,12,-10.2375,2,8.683e+08,1,0,
16,1,885942891653,887753325498,12,-19.8871,4,8.685e+08,1,0,
41,1,869988857928,870060795221,7,-7.06712,2,8.681e+08,1,0,
41,2,869988857928,870060794323,7,25.1635,2,8.681e+08,1,0,
46,1,821827694239,822280303030,10,8.09688,2,8.685e+08,1,0,
37,2,873142741022,873214677213,7,0.62613,2,8.685e+08,1,0,
54,1,925928781520,927739214719,12,-9.46321,4,8.685e+08,1,0,
64,2,817798079646,817870015997,7,-2.19791,4,8.685e+08,1,0,
60,1,833531215880,833664849823,8,-7.38136,4,8.685e+08,1,0,
60,2,833531215880,833664848481,8,-10.5326,4,8.685e+08,1,0,
92,1,1239606558872,1240593697273,11,-11.9189,4,8.685e+08,1,0,
92,2,1239606558872,1240593695783,11,-16.5986,4,8.685e+08,1,0,
91,1,2630778379345,2630850315761,7,10.7328,4,8.683e+08,1,0,
91,2,2630778379345,2630850317194,7,-0.83612,4,8.683e+08,1,0,
15,1,848335589529,850146023189,12,-15.3206,4,8.685e+08,1,0,
85,1,833447027150,835257460766,12,2.69261,4,8.685e+08,1,0,
85,2,833447027150,835257461239,12,-11.0662,4,8.685e+08,1,0,
14,2,1377189062508,1378999496024,12,-19.8162,2,8.683e+08,1,0,
78,1,1533854022509,1533925958616,7,0,4,8.685e+08,0,1,
43,1,1592138083262,1592590692356,10,-15.8772,2,8.681e+08,1,0,
61,1,1534302084622,1534754693437,10,-4.5881,2,8.681e+08,1,0,
61,2,1534302084622,1534754694259,10,2.02487,2,8.681e+08,1,0,
56,2,2802765864715,2802837801135,7,3.5002,2,8.683e+08,1,0,
56,2,1431875130662,1431947067082,7,-6.83656,2,8.683e+08,1,0,
70,1,1427832166296,1427904102651,7,12.45,2,8.685e+08,1,0,
18,2,1606257468552,1608067901852,12,-20.4735,2,8.683e+08,1,0,
6,2,837137391591,837590000401,10,0,4,8.681e+08,0,1,
11,1,848426446277,848673232023,9,-9.93001,4,8.681e+08,1,0,
11,2,848426446277,848673230934,9,2.61524,4,8.681e+08,1,0,
47,1,881250027935,881702637567,10,-12.1161,2,8.681e+08,1,0,
40,2,880729947668,880801884020,7,16.4189,2,8.685e+08,1,0,
44,1,1240545796883,1242356230599,12,-18.6022,4,8.681e+08,0,1,
44,2,1240545796883,1242356230056,12,-18.6022,4,8.681e+08,1,0,
93,1,1390204051765,1391191188925,11,0,2,8.685e+08,0,1,
49,1,1374804513962,1375257122794,10,-6.06299,4,8.685e+08,1,0,
91,1,1443466059034,1443537995450,7,1.22311,4,8.683e+08,1,0,
91,2,1443466059034,1443537996883,7,-8.45477,4,8.683e+08,1,0,
39,1,1364466945256,1364919554233,10,-8.65546,4,8.685e+08,1,0,
5,2,1368067526906,1368520136052,10,-14.4638,2,8.685e+08,1,0,
21,1,2974393363217,2976203796575,12,-21.4094,2,8.683e+08,1,0,
21,2,2974393363217,2976203797524,12,-3.56341,2,8.683e+08,1,0,
50,1,2942778014329,2944588448934,12,-7.98067,4,8.683e+08,1,0,
50,2,2942778014329,2944588447621,12,-15.1952,4,8.683e+08,1,0,
26,2,2931340877900,2933151311532,12,-10.8577,2,8.685e+08,1,0,
11,2,2946821653929,2947068438586,9,-0.377135,4,8.683e+08,1,0,
10,1,850443009689,851430147621,11,-1.89114,2,8.681e+08,1,0,
10,2,850443009689,851430146911,11,0,2,8.681e+08,0,1,
101,1,855634547025,856087156007,10,-13.5741,4,8.681e+08,1,0,
37,2,858549063291,858620999482,7,17.7081,2,8.683e+08,1,0,
14,1,2824346071680,2826156505636,12,-15.2829,2,8.683e+08,1,0,
14,2,2824346071680,2826156505196,12,-17.5423,2,8.683e+08,1,0,
102,1,1229341838681,1229413774952,7,7.98528,4,8.685e+08,1,0,
62,1,1206070647585,1206204280618,8,3.8156,2,8.681e+08,1,0,
62,2,1206070647585,1206204280223,8,-7.0637,2,8.681e+08,1,0,
77,2,2623041810233,2623288594961,9,1.02049,4,8.681e+08,1,0,
25,2,1484969825289,1485216609988,9,-6.21333,2,8.685e+08,1,0,
76,1,915024847007,916011984027,11,0.903916,4,8.681e+08,1,0,
76,2,915024847007,916011984724,11,-19.2783,4,8.681e+08,1,0,
72,1,887406745000,887540377695,8,-6.1806,4,8.681e+08,1,0,
58,2,962540813145,964351247162,12,-19.0836,4,8.681e+08,1,0,
92,2,910564864452,911552001363,11,-16.7448,4,8.681e+08,1,0,
32,1,893673577003,893920363161,9,-13.0023,4,8.681e+08,1,0,
32,2,893673577003,893920362022,9,-11.9832,4,8.681e+08,1,0,
35,1,922466317708,922918927361,10,-2.34828,2,8.685e+08,1,0,
35,2,922466317708,922918926672,10,5.60378,2,8.685e+08,1,0,
59,1,1176862365598,1177109150179,9,3.06704,2,8.681e+08,1,0,
59,2,1176862365598,1177109151462,9,-7.44835,2,8.681e+08,1,0,
94,1,1714647527860,1715634665307,11,-16.3088,2,8.685e+08,1,0,
89,1,1031372105683,1033182539903,12,-9.45247,2,8.683e+08,0,1,
89,2,1031372105683,1033182539314,12,-9.45247,2,8.683e+08,1,0,
7,1,959917308773,961727741910,12,-6.06259,2,8.685e+08,1,0,
62,1,2812409740723,2812543373756,8,-8.36569,2,8.685e+08,1,0,
62,2,2812409740723,2812543373361,8,7.50913,2,8.685e+08,1,0,
8,2,1521221384999,1523031818956,12,-10.7481,2,8.685e+08,1,0,
18,2,980278678531,982089111831,12,-13.4786,2,8.681e+08,1,0,
33,1,958048265354,959858698919,12,-18.0452,2,8.685e+08,1,0,
33,2,958048265354,959858699608,12,-5.86891,2,8.685e+08,1,0,
86,1,2927939516685,2928392125752,10,-0.282302,4,8.683e+08,1,0,
66,2,3084797710566,3085784847776,11,-13.4498,4,8.683e+08,1,0,
5,1,2693960985827,2694413595482,10,-13.9336,2,8.683e+08,1,0,
5,2,2693960985827,2694413594973,10,-9.435,2,8.683e+08,1,0,
42,1,2829999954033,2830987091379,11,-9.06378,4,8.685e+08,1,0,
59,1,964773641419,965020426000,9,-6.83153,2,8.681e+08,1,0,
66,2,1016727571224,1017714708434,11,-7.10998,4,8.685e+08,1,0,
26,1,989024853860,990835287630,12,-22.0715,2,8.683e+08,1,0,
26,2,989024853860,990835287492,12,7.26614,2,8.683e+08,1,0,
72,1,991474543517,991608176212,8,8.64942,4,8.685e+08,1,0,
72,2,991474543517,991608176775,8,-8.91264,4,8.685e+08,1,0,
64,2,997998181110,998070117461,7,21.3733,4,8.685e+08,1,0,
31,1,1030410976280,1032221409418,12,0,2,8.685e+08,0,1,
20,1,1030144142116,1030596750777,10,-3.40523,4,8.685e+08,1,0,
20,2,1030144142116,1030596751315,10,-7.87375,4,8.685e+08,1,0,
94,1,1401844137610,1402831275057,11,-17.2455,2,8.683e+08,1,0,
51,1,1495825277271,1497635711172,12,0,4,8.683e+08,0,1,
79,1,1422748313442,1423735450147,11,0,2,8.685e+08,0,1,
79,2,1422748313442,1423735451416,11,-8.07574,2,8.685e+08,1,0,
8,2,1008859576026,1010670009983,12,-17.9085,2,8.685e+08,1,0,
85,1,1032185003187,1033995436803,12,-6.26666,4,8.685e+08,1,0,
63,1,1075876662742,1076123447475,9,-2.53007,4,8.685e+08,1,0,
63,2,1075876662742,1076123448222,9,5.07986,4,8.685e+08,1,0,
100,2,1333157118654,1334967551697,12,-12.6123,4,8.683e+08,1,0,
63,1,1387497011910,1387743796643,9,3.20305,4,8.685e+08,1,0,
63,2,1387497011910,1387743797390,9,-9.53639,4,8.685e+08,1,0,
20,1,1075404942126,1075857550787,10,-11.9683,4,8.685e+08,1,0,
66,1,1115441171234,1116428309190,11,-10.8655,4,8.683e+08,1,0,
66,2,1115441171234,1116428308444,11,-13.0808,4,8.683e+08,1,0,
52,1,1019788681772,1020241290648,10,-4.73549,2,8.681e+08,1,0,
52,2,1019788681772,1020241290661,10,-4.73549,2,8.681e+08,0,1,
27,1,2744115793723,2745102931931,11,-16.5509,2,8.683e+08,1,0,
27,2,2744115793723,2745102931058,11,1.96721,2,8.683e+08,1,0,
5,1,1248115555299,1248568164954,10,-14.8153,2,8.683e+08,1,0,
5,2,1248115555299,1248568164445,10,-2.36052,2,8.683e+08,1,0,
6,2,1036969157501,1037421766311,10,-16.4165,4,8.685e+08,1,0,
12,1,1038728090950,1038800027074,7,17.4206,4,8.681e+08,1,0,
11,2,1049761426275,1050008210932,9,3.50577,4,8.685e+08,1,0,
24,1,1346604216834,1347591353864,11,-3.82757,2,8.685e+08,1,0,
24,2,1346604216834,1347591355296,11,-16.1067,2,8.685e+08,1,0,
102,1,1260975039634,1261046975905,7,3.28859,4,8.683e+08,1,0,
76,1,1266843558392,1267830695412,11,-1.82703,4,8.681e+08,1,0,
76,2,1266843558392,1267830696109,11,-10.8598,4,8.681e+08,1,0,
15,2,2869952194767,2871762629029,12,-18.9081,4,8.683e+08,1,0,
27,2,1042454664481,1043441801816,11,-6.74475,2,8.681e+08,1,0,
76,1,2647728830905,2648715967925,11,-14.5393,4,8.681e+08,1,0,
76,2,2647728830905,2648715968622,11,-9.9001,4,8.681e+08,1,0,
39,1,1532112092000,1532564700977,10,-10.5561,4,8.683e+08,1,0,
39,2,1532112092000,1532564701163,10,-15.0933,4,8.683e+08,1,0,
5,2,1574231714228,1574684323374,10,0.765275,2,8.683e+08,1,0,
19,2,1319268970100,1319515755014,9,0,2,8.683e+08,0,1,
19,2,1343947370110,1344194155024,9,-8.05911,2,8.685e+08,1,0,
74,2,1327320731416,1327454364566,8,-10.1461,4,8.685e+08,1,0,
25,1,1332256591264,1332503377291,9,-9.15347,2,8.681e+08,1,0,
65,2,1323464878568,1323917487307,10,0.452927,4,8.685e+08,1,0,
28,1,1041885036260,1043695470133,12,-12.432,2,8.685e+08,1,0,
28,2,1041885036260,1043695469587,12,-9.36554,2,8.685e+08,1,0,
3,1,1303460103004,1305270536652,12,4.80638,2,8.681e+08,1,0,
34,2,2651843782360,2652090567056,9,-2.48198,2,8.685e+08,1,0,
90,1,2780556307718,2780628244110,7,-3.33099,4,8.685e+08,1,0,
71,1,1056910253790,1058720687307,12,-10.2943,4,8.685e+08,1,0,
77,2,1070001381423,1070248166151,9,-0.716781,2,8.685e+08,1,0,
57,1,1057719741517,1058172351210,10,-7.44414,4,8.681e+08,1,0,
22,1,2857635455687,2859445890207,12,-11.2057,4,8.681e+08,1,0,
22,2,2857635455687,2859445888845,12,0.517579,4,8.681e+08,1,0,
95,1,1061041721722,1062852154864,12,0,4,8.685e+08,0,1,
42,1,1061783356193,1062770493539,11,-17.7014,4,8.681e+08,1,0,
81,1,1527499951699,1527571888108,7,-5.59625,4,8.685e+08,1,0,
54,1,2656284540415,2658094973614,12,-20.4981,4,8.683e+08,1,0,
36,1,1217165929567,1217237866449,7,2.65198,2,8.685e+08,1,0,
89,1,1212415305693,1214225739913,12,-4.97502,2,8.685e+08,0,1,
89,2,1212415305693,1214225739324,12,-4.97502,2,8.685e+08,1,0,
80,1,1380786667613,1381239276605,10,-5.23933,4,8.685e+08,1,0,
80,2,1380786667613,1381239276980,10,-4.42979,4,8.685e+08,1,0,
75,1,1467001034980,1467247819474,9,-5.10168,2,8.683e+08,1,0,
49,1,1420065313972,1420517922804,10,-6.81889,4,8.685e+08,1,0,
38,1,1224991782575,1226802216936,12,-21.948,2,8.685e+08,1,0,
38,2,1224991782575,1226802216106,12,-16.7144,2,8.685e+08,1,0,
30,2,1094103210237,1094175146662,7,10.3362,4,8.681e+08,1,0,
66,1,2659044697476,2660031835432,11,-17.5902,4,8.685e+08,1,0,
66,2,2659044697476,2660031834686,11,-3.49649,4,8.685e+08,1,0,
78,1,1089542262577,1089614198684,7,12.6605,4,8.685e+08,1,0,
82,1,1147560317709,1148547455632,11,-16.3617,4,8.685e+08,1,0,
20,2,1120665742136,1121118351335,10,1.76738,4,8.683e+08,1,0,
18,1,3039453704254,3041264138535,12,-5.04974,2,8.683e+08,1,0,
64,1,2775734403287,2775806341071,7,-5.95619,4,8.685e+08,1,0,
85,1,2667303007056,2669113440672,12,0,4,8.681e+08,0,1,
85,2,2667303007056,2669113441145,12,-11.791,4,8.681e+08,1,0,
45,1,1279012367059,1279084303223,7,-8.52893,2,8.681e+08,1,0,
37,2,1240289642566,1240361578757,7,7.46198,2,8.683e+08,1,0,
52,1,1532977469465,1533430078341,10,-9.2039,2,8.685e+08,1,0,
45,1,1516417816783,1516489752947,7,18.9274,2,8.685e+08,1,0,
24,1,1247890616824,1248877753854,11,-3.72913,2,8.685e+08,1,0,
10,1,1125357214090,1126344352022,11,-12.3385,2,8.685e+08,1,0,
10,2,1125357214090,1126344351312,11,-6.03017,2,8.685e+08,1,0,
77,1,1236905318696,1237152103938,9,7.81609,2,8.683e+08,1,0,
61,1,2659841809803,2660294418618,10,-8.06894,2,8.683e+08,1,0,
61,2,2659841809803,2660294419440,10,-14.8133,2,8.683e+08,1,0,
41,1,1414439108786,1414511046079,7,-4.04994,2,8.681e+08,1,0,
41,2,1414439108786,1414511045181,7,5.67662,2,8.681e+08,1,0,
86,2,1109913614053,1110366223016,10,-9.78105,4,8.685e+08,1,0,
46,1,1139475971377,1139928580168,10,-5.97317,2,8.685e+08,1,0,
46,2,1139475971377,1139928581802,10,-14.8198,2,8.685e+08,1,0,
77,1,2789590817023,2789837602265,9,-10.5213,2,8.683e+08,1,0,
27,2,3055593770847,3056580908182,11,-18.821,2,8.683e+08,1,0,
5,2,3055727854269,3056180463415,10,-15.6148,2,8.685e+08,1,0,
24,1,1149177016814,1150164153844,11,6.05471,2,8.681e+08,1,0,
76,1,1951293215695,1952280352715,11,-18.1736,4,8.685e+08,1,0,
96,1,1904463350449,1904596982970,8,6.19705,2,8.685e+08,1,0,
78,1,1979509130704,1979581066811,7,30.9991,4,8.683e+08,1,0,
94,2,1901807195971,1902794333461,11,-3.94031,2,8.683e+08,1,0,
16,1,1987025380008,1988835813853,12,-13.8081,4,8.685e+08,1,0,
16,2,1987025380008,1988835813824,12,-17.8153,4,8.685e+08,1,0,
65,1,1966428403968,1966881013729,10,-7.1374,4,8.683e+08,1,0,
65,2,1966428403968,1966881012707,10,-12.7023,4,8.683e+08,1,0,
50,2,1945722075744,1947532509036,12,16.2946,4,8.685e+08,1,0,
78,1,1956959781278,1957031717385,7,17.7454,4,8.683e+08,1,0,
59,1,1948300186600,1948546971181,9,-10.2955,2,8.685e+08,1,0,
79,1,1936483399013,1937470535718,11,4.25398,2,8.683e+08,1,0,
83,2,2748126437151,2748198373380,7,36.6071,2,8.683e+08,1,0,
62,2,2864743327580,2864876960218,8,-8.50925,2,8.683e+08,1,0,
73,2,1962884767818,1962956704161,7,-7.95372,2,8.681e+08,1,0,
59,1,1986546888618,1986793673199,9,1.93951,2,8.683e+08,1,0,
59,2,1986546888618,1986793674482,9,-4.92151,2,8.683e+08,1,0,
78,1,1972315530694,1972387466801,7,-3.88103,4,8.681e+08,1,0,
86,1,1962954581637,1963407190704,10,-10.7428,4,8.683e+08,1,0,
21,1,1970285265187,1972095698545,12,-6.98553,2,8.685e+08,1,0,
10,2,1991282304653,1992269441875,11,0,2,8.685e+08,0,1,
98,1,2809937910416,2810925047546,11,-3.72418,4,8.685e+08,1,0,
98,2,2809937910416,2810925048782,11,-17.117,4,8.685e+08,1,0,
53,2,2815202643591,2815449428461,9,-12.0144,2,8.685e+08,1,0,
26,2,1991508749384,1993319183016,12,0,2,8.683e+08,0,1,
101,1,1977639563749,1978092172731,10,-12.9971,4,8.683e+08,1,0,
97,2,2881148460068,2881220396273,7,17.0311,2,8.683e+08,1,0,
40,2,2873538378779,2873610315131,7,-9.12704,2,8.685e+08,1,0,
89,1,2698556784544,2700367218764,12,-9.25368,4,8.681e+08,1,0,
89,2,2698556784544,2700367218175,12,-16.6253,4,8.681e+08,1,0,
44,2,2817568465212,2819378898385,12,-6.94878,4,8.683e+08,1,0,
46,1,2881482972044,2881935580835,10,-11.0892,2,8.683e+08,1,0,
91,1,2886999210119,2887071146535,7,10.8468,4,8.685e+08,1,0,
65,1,2825037718700,2825490328461,10,-15.2374,4,8.683e+08,1,0,
23,2,1986907765442,1986979701710,7,12.6014,2,8.683e+08,1,0,
34,2,2013189130922,2013435915618,9,19.9868,2,8.681e+08,1,0,
20,1,1992846365052,1993298973713,10,11.9707,4,8.683e+08,1,0,
20,2,1992846365052,1993298974251,10,-15.5944,4,8.683e+08,1,0,
44,1,1994600331434,1996410765150,12,-9.16061,4,8.683e+08,1,0,
44,2,1994600331434,1996410764607,12,-4.91136,4,8.683e+08,1,0,
76,1,2746442430915,2747429567935,11,-15.4114,4,8.683e+08,1,0,
93,1,2610561944564,2611549081724,11,-4.58382,2,8.683e+08,1,0,
75,2,2005689655204,2005936440529,9,1.55718,2,8.683e+08,1,0,
88,2,2005912311258,2007722744287,12,-4.44736,4,8.683e+08,1,0,
84,2,2037445594724,2037898203645,10,-7.15858,4,8.685e+08,1,0,
95,1,2003526250526,2005336683668,12,-0.805999,4,8.683e+08,1,0,
22,2,2003275121729,2005085554887,12,-20.1138,2,8.685e+08,1,0,
94,1,2002618996759,2003606134206,11,-13.3622,2,8.683e+08,1,0,
94,2,2002618996759,2003606134249,11,-9.42592,2,8.683e+08,1,0,
81,1,2005446149178,2005518085587,7,19.1863,4,8.683e+08,1,0,
40,2,2007718608196,2007790544548,7,3.36585,2,8.685e+08,1,0,
76,2,2166048144501,2167035282218,11,-0.625991,4,8.683e+08,1,0,
38,2,2269089972048,2270900405579,12,-15.253,2,8.683e+08,1,0,
46,2,2017895026930,2018347637355,10,-4.15639,2,8.685e+08,1,0,
37,2,2012552601762,2012624537953,7,-6.50044,4,8.681e+08,1,0,
43,1,2010229894154,2010682503248,10,-10.3491,2,8.685e+08,1,0,
43,2,2010229894154,2010682502971,10,0,2,8.685e+08,0,1,
32,2,2017043629355,2017290414374,9,-11.3196,4,8.685e+08,1,0,
82,2,2040356807306,2041343944488,11,0,4,8.683e+08,0,1,
68,1,2057851347075,2058303957392,10,-13.1571,4,8.685e+08,1,0,
68,2,2057851347075,2058303956034,10,-13.6327,4,8.685e+08,1,0,
23,2,2039766839401,2039838775669,7,2.19362,2,8.685e+08,1,0,
31,1,2049774227367,2051584660505,12,-4.42242,2,8.685e+08,1,0,
31,2,2049774227367,2051584661170,12,-11.4842,2,8.685e+08,1,0,
47,2,2161454023789,2161906632662,10,-2.18927,2,8.685e+08,1,0,
39,1,2059544185931,2059996794908,10,0,4,8.685e+08,0,1,
39,2,2059544185931,2059996795094,10,-11.9825,4,8.685e+08,1,0,
94,1,2101332596769,2102319734216,11,-13.6247,4,8.681e+08,1,0,
61,2,2041837495593,2042290105230,10,-10.8499,2,8.681e+08,1,0,
9,1,2050861181740,2051313790667,10,0.0786294,2,8.685e+08,1,0,
36,1,2075215398833,2075287335715,7,0.157288,2,8.685e+08,1,0,
76,1,2060221584374,2061208721394,11,4.3095,4,8.685e+08,1,0,
49,1,2072242346565,2072694955397,10,-6.22917,4,8.683e+08,1,0,
49,2,2072242346565,2072694957062,10,-12.1284,4,8.683e+08,1,0,
42,1,3058615639472,3059602776818,11,-12.6407,4,8.683e+08,1,0,
90,1,2766982706754,2767054643146,7,10.9722,4,8.683e+08,1,0,
21,2,2151328465197,2153138899504,12,-18.6231,2,8.683e+08,1,0,
86,1,2155396598162,2155849207229,10,0.323289,4,8.681e+08,1,0,
86,2,2155396598162,2155849207125,10,-5.44649,4,8.681e+08,1,0,
9,2,2096667197802,2097119807908,10,-13.5558,2,8.685e+08,1,0,
40,1,2135081470394,2135153408373,7,-7.01569,2,8.683e+08,1,0,
40,2,2135081470394,2135153406746,7,1.27214,2,8.683e+08,1,0,
90,1,2983975937185,2984047873577,7,0.854966,4,8.683e+08,1,0,
25,2,3025237445164,3025484229863,9,0,2,8.685e+08,0,1,
86,2,2110135798152,2110588407115,10,4.8594,4,8.683e+08,1,0,
64,2,2131157145666,2131229082017,7,6.86405,4,8.683e+08,1,0,
96,1,2747726199472,2747859831993,8,-4.32713,2,8.683e+08,1,0,
102,1,2137347922569,2137419858840,7,6.32239,4,8.683e+08,1,0,
102,2,2137347922569,2137419860436,7,-7.08069,4,8.683e+08,1,0,
83,2,2669415175329,2669487111558,7,11.8431,4,8.681e+08,1,0,
35,2,2145369766453,2145822375417,10,-16.4001,2,8.683e+08,1,0,
95,2,2184569450536,2186379884284,12,-18.4744,4,8.683e+08,1,0,
37,2,2149956880633,2150028816824,7,5.76621,2,8.683e+08,1,0,
17,1,2160832268443,2161079053215,9,-1.27144,2,8.685e+08,1,0,
4,2,2835196715756,2837007150076,12,-19.5116,4,8.683e+08,1,0,
65,1,3070818603616,3071271213377,10,-9.53303,4,8.681e+08,1,0,
65,2,3070818603616,3071271212355,10,-15.4725,4,8.681e+08,1,0,
88,2,3073410299174,3075220732203,12,0.769959,4,8.683e+08,1,0,
79,1,2163556369534,2164543506239,11,-7.81422,2,8.685e+08,1,0,
79,2,2163556369534,2164543507508,11,-17.2565,2,8.685e+08,1,0,
29,1,2706601662763,2708412096148,12,-13.4783,4,8.683e+08,1,0,
29,2,2706601662763,2708412096783,12,-15.6078,4,8.683e+08,1,0,
31,1,2887824513683,2889634946821,12,0,2,8.685e+08,0,1,
31,2,2887824513683,2889634947486,12,-19.0489,2,8.685e+08,1,0,
4,1,2171525622588,2173336056135,12,-12.5915,4,8.685e+08,1,0,
4,2,2171525622588,2173336056908,12,-10.546,4,8.685e+08,1,0,
4,2,2352568822598,2354379256918,12,0,4,8.683e+08,0,1,
5,1,2182384192148,2182836801803,10,-15.5622,2,8.683e+08,1,0,
5,2,2182384192148,2182836801294,10,-4.78651,2,8.683e+08,1,0,
59,2,2180118481677,2180365267541,9,-9.13301,2,8.683e+08,1,0,
86,1,2773150106956,2773602716023,10,-14.1835,4,8.681e+08,1,0,
86,2,2773150106956,2773602715919,10,2.67203,4,8.681e+08,1,0,
84,2,2194718475503,2195171084424,10,0.862794,4,8.683e+08,1,0,
17,1,2852785676661,2853032461433,9,-4.24336,2,8.683e+08,1,0,
49,1,2866827658170,2867280267002,10,-1.0108,4,8.683e+08,1,0,
34,2,2730856676582,2731103461278,9,0,2,8.685e+08,0,1,
24,1,2805859093203,2806846230233,11,-6.06894,2,8.683e+08,1,0,
24,2,2805859093203,2806846231665,11,-13.4169,2,8.683e+08,1,0,
42,1,2204388650399,2205375787745,11,-16.0897,4,8.683e+08,1,0,
27,1,2188457666500,2189444804708,11,-16.8232,2,8.685e+08,1,0,
76,1,2264761744511,2265748881531,11,0,4,8.685e+08,0,1,
91,1,2249717590383,2249789526799,7,6.40713,4,8.683e+08,1,0,
102,1,2217174364179,2217246300450,7,5.32161,4,8.683e+08,1,0,
28,2,2241865891357,2243676324684,12,-6.6515,2,8.683e+08,1,0,
13,1,2249538547388,2249672180802,8,-11.1247,4,8.685e+08,1,0,
15,1,2236600320235,2238410753895,12,-16.0244,4,8.685e+08,1,0,
59,1,3059726222456,3059973007037,9,8.72293,4,8.681e+08,1,0,
88,2,2251459293210,2253269726239,12,-10.4738,4,8.685e+08,1,0,
18,1,2260310310338,2262120744619,12,-9.72411,2,8.685e+08,1,0,
83,2,2289206663210,2289278599439,7,13.4781,2,8.683e+08,1,0,
6,1,2263018875556,2263471484636,10,-5.82857,4,8.685e+08,1,0,
6,2,2263018875556,2263471484366,10,-9.57114,4,8.685e+08,1,0,
77,2,2268379466529,2268626251257,9,-11.0346,2,8.683e+08,1,0,
76,1,2363475344521,2364462481541,11,-16.0565,4,8.683e+08,1,0,
76,2,2363475344521,2364462482238,11,-12.5621,4,8.683e+08,1,0,
47,2,2286532254468,2286984863341,10,-13.5186,2,8.683e+08,1,0,
83,2,2279618025163,2279689961392,7,-8.91806,2,8.685e+08,1,0,
54,1,2294198140395,2296008573594,12,-11.0601,4,8.685e+08,1,0,
45,1,2515402593113,2515474529277,7,10.975,2,8.685e+08,1,0,
3,1,2302715555107,2304525988755,12,-8.53636,2,8.683e+08,1,0,
3,2,2302715555107,2304525988460,12,-17.9685,2,8.683e+08,1,0,
49,1,2314301017161,2314753625993,10,-1.85767,4,8.685e+08,1,0,
49,2,2314301017161,2314753627658,10,-15.6708,4,8.685e+08,1,0,
6,1,2425629119152,2426081728232,10,-11.6729,4,8.683e+08,1,0,
6,2,2425629119152,2426081727962,10,-5.62363,4,8.683e+08,1,0,
41,1,2317532483534,2317604420827,7,-5.89401,2,8.685e+08,0,1,
41,2,2317532483534,2317604419929,7,-5.89401,2,8.685e+08,1,0,
84,1,2341790092946,2342242702916,10,-4.29008,4,8.685e+08,1,0,
25,1,2948305307363,2948552093390,9,-8.66646,2,8.683e+08,1,0,
25,2,2948305307363,2948552092062,9,-3.62686,2,8.683e+08,1,0,
74,1,2509799906957,2509933539782,8,-0.985152,4,8.683e+08,1,0,
74,2,2509799906957,2509933540107,8,-4.72194,4,8.683e+08,1,0,
12,1,2326722902503,2326794838627,7,4.91442,4,8.683e+08,1,0,
18,1,2441353510348,2443163944629,12,-18.0498,2,8.683e+08,1,0,
18,2,2441353510348,2443163943648,12,-21.7378,2,8.683e+08,1,0,
44,1,2326714302886,2328524736602,12,-2.19513,4,8.685e+08,1,0,
44,2,2326714302886,2328524736059,12,-9.48247,4,8.685e+08,1,0,
69,2,2372308350206,2372441982798,8,-3.68468,4,8.681e+08,1,0,
41,2,2339320757403,2339392693798,7,1.83041,2,8.683e+08,1,0,
28,1,2422909091367,2424719525240,12,-20.2721,2,8.683e+08,1,0,
28,2,2422909091367,2424719524694,12,-3.99861,2,8.683e+08,1,0,
54,1,2475241340405,2477051773604,12,-13.6546,4,8.683e+08,1,0,
94,2,2345704983502,2346692120992,11,-8.76768,2,8.683e+08,1,0,
45,1,2347289266764,2347361202928,7,3.29536,2,8.685e+08,1,0,
63,1,2350884300380,2351131085113,9,8.28032,4,8.685e+08,1,0,
63,2,2350884300380,2351131085860,9,-13.897,4,8.685e+08,1,0,
93,1,2382116399713,2383103536873,11,-0.80075,2,8.685e+08,1,0,
93,2,2382116399713,2383103537744,11,-0.80075,2,8.685e+08,0,1,
35,1,2528174983456,2528627593109,10,-8.11279,2,8.683e+08,1,0,
35,2,2528174983456,2528627592420,10,-11.1402,2,8.683e+08,1,0,
61,2,2432908466314,2433361075951,10,-16.6273,2,8.685e+08,1,0,
86,1,2377284259446,2377736868513,10,0.0145272,4,8.683e+08,1,0,
86,2,2377284259446,2377736868409,10,-2.09556,4,8.683e+08,1,0,
32,2,2381544442412,2381791227431,9,2.60912,4,8.685e+08,1,0,
85,1,2400791688513,2402602122129,12,-21.7259,4,8.683e+08,1,0,
21,1,2392377424958,2394187858316,12,-22.286,2,8.685e+08,1,0,
45,1,2387419293847,2387491230011,7,3.98452,2,8.683e+08,1,0,
3,2,2483758755117,2485569188470,12,-18.2034,2,8.685e+08,1,0,
61,1,2387647666304,2388100275119,10,-15.9418,2,8.685e+08,1,0,
100,1,2414655912290,2416466345955,12,-18.7171,4,8.685e+08,1,0,
100,2,2414655912290,2416466345333,12,-9.73563,4,8.685e+08,1,0,
19,2,2445296396767,2445543181681,9,-11.7308,2,8.683e+08,1,0,
8,2,2410235367789,2412045801746,12,-22.2063,2,8.685e+08,1,0,
62,1,2479267695341,2479401328374,8,-6.42035,2,8.683e+08,1,0,
62,2,2479267695341,2479401327979,8,-9.50877,2,8.683e+08,1,0,
95,1,2441044844734,2442855277876,12,-10.7849,4,8.681e+08,1,0,
48,2,2428054625417,2428188257972,8,0,4,8.683e+08,0,1,
38,2,2450133172058,2451943605589,12,-4.13101,4,8.681e+08,1,0,
79,1,2477309105227,2478296241932,11,2.73087,2,8.683e+08,1,0,
16,1,2470059192891,2471869626736,12,-21.1507,4,8.683e+08,1,0,
48,2,2445851459636,2445985092191,8,10.3366,4,8.681e+08,1,0,
23,1,2447148046625,2447219984045,7,-7.61111,2,8.683e+08,1,0,
23,2,2447148046625,2447219982893,7,-1.84296,2,8.683e+08,1,0,
83,1,2460184895739,2460256833532,7,0.199754,2,8.683e+08,1,0,
83,2,2460184895739,2460256831968,7,2.88205,2,8.683e+08,1,0,
69,1,2449603044496,2449736678611,8,-5.06749,4,8.685e+08,1,0,
69,2,2449603044496,2449736677088,8,-7.05725,4,8.685e+08,1,0,
86,2,2475194666755,2475647275718,10,-15.4076,4,8.685e+08,1,0,
44,2,2507757502896,2509567936069,12,-12.2915,4,8.683e+08,1,0,
22,2,2495549055667,2497359488825,12,0,2,8.683e+08,0,1,
74,2,2680953336082,2681086969232,8,-2.69635,4,8.683e+08,1,0,
89,2,2517513584534,2519324018165,12,-13.931,2,8.683e+08,1,0,
65,2,2494856613020,2495309221759,10,-13.3591,4,8.681e+08,1,0,
7,1,2502036949817,2503847382954,12,-21.1922,2,8.683e+08,1,0,
7,2,2502036949817,2503847383611,12,-11.2645,2,8.683e+08,1,0,
22,1,2676592255677,2678402690197,12,-11.2131,2,8.683e+08,1,0,
93,1,2502509505690,2503496642850,11,-10.5744,2,8.683e+08,1,0,
93,2,2502509505690,2503496643721,11,-9.62965,2,8.683e+08,1,0,
60,2,2503238275102,2503371907703,8,-8.3853,4,8.683e+08,1,0,
93,1,2709275544574,2710262681734,11,-13.6444,4,8.681e+08,1,0,
12,1,2513851394866,2513923330990,7,23.1713,4,8.683e+08,1,0,
12,2,2513851394866,2513923332657,7,-5.22467,4,8.683e+08,1,0,
63,1,2532851846149,2533098630882,9,1.22408,4,8.683e+08,1,0,
63,2,2532851846149,2533098631629,9,-14.3927,4,8.683e+08,1,0,
73,1,2568052071776,2568124009454,7,-3.80115,2,8.685e+08,1,0,
73,2,2568052071776,2568124008119,7,-0.298217,2,8.685e+08,1,0,
96,2,2560414971767,2560548605925,8,-5.85112,2,8.683e+08,1,0,
3,2,2664801955127,2666612388480,12,9.36042,2,8.683e+08,1,0,
17,1,2579694670078,2579941454850,9,-13.9589,2,8.683e+08,1,0,
17,2,2579694670078,2579941456336,9,6.90614,2,8.683e+08,1,0,
7,1,2683080149827,2684890582964,12,-11.2693,4,8.681e+08,1,0,
7,2,2683080149827,2684890583621,12,-11.2693,4,8.681e+08,0,1,
65,1,2664290215771,2664742825532,10,-9.12746,4,8.685e+08,1,0,
20,1,2539404701110,2539857309771,10,-9.24242,4,8.685e+08,1,0,
20,2,2539404701110,2539857310309,10,-16.8779,4,8.685e+08,1,0,
40,2,2575452725723,2575524662075,7,-7.88965,4,8.681e+08,1,0,
26,1,2542318554342,2544128988112,12,-20.7899,4,8.681e+08,1,0,
14,2,2546154423017,2547964856533,12,-15.2122,2,8.683e+08,1,0,
35,1,2573435783466,2573888393119,10,-10.2609,2,8.683e+08,1,0,
35,2,2573435783466,2573888392430,10,-11.5946,2,8.683e+08,1,0,
13,2,2573154852630,2573288485139,8,-10.6656,4,8.683e+08,1,0,
16,1,2651102392901,2652912826746,12,-7.88319,4,8.683e+08,1,0,
16,2,2651102392901,2652912826717,12,-19.2665,4,8.683e+08,1,0,
98,1,2588203863756,2589191000886,11,-6.67673,4,8.685e+08,1,0,
15,1,2688908994757,2690719428417,12,-17.2421,4,8.683e+08,1,0,
15,2,2688908994757,2690719429019,12,-14.195,4,8.683e+08,1,0,
71,1,2575588462007,2577398895524,12,-5.94975,4,8.685e+08,1,0,
71,2,2575588462007,2577398896382,12,-15.094,4,8.685e+08,1,0,
33,1,2589471994358,2591282427923,12,-12.7401,2,8.685e+08,1,0,
82,1,2586271502190,2587258640113,11,-19.2488,4,8.683e+08,0,1,
82,2,2586271502190,2587258639372,11,-19.2488,4,8.683e+08,1,0,
102,1,2584582648179,2584654584450,7,17.0613,4,8.681e+08,1,0,
60,1,2600171620907,2600305254850,8,-7.4704,4,8.685e+08,1,0,
61,1,2705102609813,2705555218628,10,-16.7863,2,8.685e+08,1,0,
37,2,2591671434497,2591743370688,7,12.7381,2,8.685e+08,1,0,
72,1,3096221777963,3096355410658,8,4.43354,4,8.681e+08,1,0,
45,1,3138757224756,3138829160920,7,2.83467,2,8.683e+08,1,0,
45,2,3138757224756,3138829162550,7,-3.67595,2,8.683e+08,1,0,
94,2,3128089512705,3129076650195,11,-5.51463,2,8.683e+08,1,0,
67,2,3096619673075,3097072281966,10,-4.91872,2,8.685e+08,1,0,
84,2,3221722540332,3222175149253,10,-7.38382,4,8.683e+08,1,0,
13,2,3138076041767,3138209674276,8,-3.11639,4,8.681e+08,1,0,
77,1,3097123698419,3097370483661,9,-10.4736,2,8.685e+08,1,0,
77,2,3097123698419,3097370483147,9,-2.68721,2,8.685e+08,1,0,
19,2,3102044528349,3102291313263,9,-9.87079,2,8.681e+08,1,0,
73,2,3120273910254,3120345846597,7,-0.65454,2,8.685e+08,1,0,
16,1,3186236234296,3188046668141,12,0.424607,4,8.681e+08,1,0,
82,1,3143521709236,3144508847159,11,-2.94324,4,8.681e+08,1,0,
82,2,3143521709236,3144508846418,11,-12.3001,4,8.681e+08,1,0,
100,1,3169823476763,3171633910428,12,-17.273,4,8.683e+08,1,0,
100,2,3169823476763,3171633909806,12,-12.2161,4,8.683e+08,1,0,
73,1,3180144189951,3180216127629,7,-3.15135,2,8.683e+08,1,0,
73,2,3180144189951,3180216126294,7,-0.435088,2,8.683e+08,1,0,
102,1,3172790399924,3172862336195,7,15.5304,4,8.683e+08,1,0,
102,2,3172790399924,3172862337791,7,15.5304,4,8.683e+08,0,1,
67,2,3151047659944,3151500268835,10,0.799943,2,8.683e+08,1,0,
73,2,3352395158123,3352467094466,7,5.30261,2,8.683e+08,1,0,
21,1,3197249050740,3199059484098,12,-20.5664,4,8.681e+08,1,0,
95,1,3179479488322,3181289921464,12,-11.2595,4,8.683e+08,1,0,
95,2,3179479488322,3181289922070,12,-14.4633,4,8.683e+08,1,0,
28,2,3284120940282,3285931373609,12,-8.42328,2,8.685e+08,1,0,
70,1,3203815682289,3203887618644,7,6.27828,4,8.681e+08,1,0,
82,2,3242235309246,3243222446428,11,-15.2148,4,8.683e+08,1,0,
8,1,3220981782371,3222792216149,12,-14.0293,4,8.681e+08,1,0,
81,1,3255544205715,3255616142124,7,22.0275,4,8.683e+08,1,0,
68,2,3206542123403,3206994732362,10,-7.82507,4,8.683e+08,1,0,
21,1,3378292250750,3380102684108,12,2.82875,2,8.683e+08,1,0,
68,1,3251802923413,3252255533730,10,-9.03857,4,8.681e+08,1,0,
4,1,3232143958997,3233954392544,12,-16.3351,4,8.683e+08,1,0,
4,2,3232143958997,3233954393317,12,-8.33348,4,8.683e+08,1,0,
66,2,3227101613780,3228088750990,11,-15.3582,4,8.681e+08,1,0,
42,1,3223704765085,3224691902431,11,0,4,8.683e+08,0,1,
42,2,3223704765085,3224691903764,11,0,4,8.683e+08,0,1,
6,1,3265357812492,3265810421572,10,-5.63487,4,8.683e+08,1,0,
5,1,3236985044546,3237437654201,10,-5.62579,2,8.683e+08,1,0,
5,2,3236985044546,3237437653692,10,0,2,8.683e+08,0,1,
69,2,3243126756035,3243260388627,8,-7.35812,4,8.683e+08,1,0,
60,2,3249987093274,3250120725875,8,-3.93971,4,8.683e+08,1,0,
79,1,3277772503711,3278759640416,11,8.43375,4,8.681e+08,1,0,
79,2,3277772503711,3278759641685,11,-17.98,4,8.681e+08,1,0,
85,2,3292204237171,3294014671260,12,-5.99377,4,8.683e+08,1,0,
37,2,3299321226908,3299393163099,7,20.8234,2,8.683e+08,1,0,
100,1,3350866676773,3352677110438,12,1.1682,4,8.681e+08,0,1,
100,2,3350866676773,3352677109816,12,1.1682,4,8.681e+08,1,0,
67,1,3280104895662,3280557505911,10,-12.2321,2,8.683e+08,1,0,
67,2,3280104895662,3280557504553,10,-1.27731,2,8.683e+08,1,0,
79,1,3376486103721,3377473240426,11,-6.85176,2,8.683e+08,1,0,
30,2,3289321730648,3289393667073,7,19.0072,4,8.683e+08,1,0,
16,1,3367279434306,3369089868151,12,-16.3663,4,8.683e+08,1,0,
73,2,3292957651007,3293029587350,7,-1.55203,2,8.683e+08,1,0,
42,1,3322418365095,3323405502441,11,-18.4251,4,8.681e+08,1,0,
48,2,3311918395149,3312052027704,8,6.71999,4,8.685e+08,1,0,
47,1,3331019789829,3331472399461,10,-10.8999,2,8.685e+08,1,0,
47,2,3331019789829,3331472398702,10,0,2,8.685e+08,0,1,
84,2,3298871883737,3299324492658,10,-9.6624,4,8.681e+08,1,0,
8,1,3402024982381,3403835416159,12,-13.3022,2,8.683e+08,1,0,
98,1,3310681951807,3311669088937,11,-11.6959,4,8.681e+08,1,0,
98,2,3310681951807,3311669090173,11,5.74832,4,8.681e+08,1,0,
92,2,3327802847924,3328789984835,11,-12.8869,4,8.681e+08,1,0,
95,1,3360522688332,3362333121474,12,-15.9459,4,8.685e+08,1,0,
29,1,3345961161706,3347771595091,12,-17.3829,4,8.681e+08,1,0,
82,2,3340948909256,3341936046438,11,-5.16676,4,8.685e+08,1,0,
73,2,3331497023314,3331568959657,7,0,4,8.681e+08,0,1,
24,1,3342019845202,3343006982232,11,-15.138,4,8.681e+08,1,0,
22,1,3371620457376,3373430891896,12,-13.1987,2,8.685e+08,1,0,
22,2,3371620457376,3373430890534,12,-11.1224,2,8.685e+08,1,0,
68,2,3360861454954,3361314063913,10,-16.6423,4,8.683e+08,1,0,
69,1,3414398848105,3414532482220,8,-10.2094,4,8.685e+08,1,0,
69,2,3414398848105,3414532480697,8,13.3332,4,8.685e+08,1,0,
70,1,3380198909369,3380270845724,7,2.66983,2,8.683e+08,1,0,
5,1,3376515322730,3376967932385,10,-6.80435,2,8.681e+08,1,0,
5,2,3376515322730,3376967931876,10,-10.1918,2,8.681e+08,1,0,
35,1,3378555765761,3379008375414,10,-2.86449,2,8.685e+08,1,0,
35,2,3378555765761,3379008374725,10,-16.5377,2,8.685e+08,1,0,
5,2,3470797530950,3471250140096,10,-16.3677,2,8.683e+08,1,0,
55,1,3381100455659,3382910889863,12,-20.5207,4,8.685e+08,1,0,
55,2,3381100455659,3382910889269,12,-11.2117,4,8.685e+08,1,0,
90,1,3384943456028,3385015392420,7,0.0490273,4,8.681e+08,1,0,
28,1,3465164140292,3466974574165,12,-19.6711,2,8.683e+08,1,0,
51,1,3385937655863,3387748089764,12,0,4,8.681e+08,0,1,
51,2,3385937655863,3387748089479,12,0,4,8.681e+08,0,1,
96,1,3407542977587,3407676610108,8,-4.06219,2,8.683e+08,1,0,
85,2,3473247437181,3475057871270,12,-1.3755,4,8.685e+08,1,0,
53,1,3403535317599,3403782104000,9,3.16673,2,8.685e+08,1,0,
55,1,3562143655669,3563954089873,12,-19.9614,4,8.685e+08,1,0,
58,1,3427380025156,3429190458738,12,-17.7981,4,8.685e+08,1,0,
58,2,3427380025156,3429190459173,12,-21.5352,4,8.685e+08,1,0,
47,2,3448066666084,3448519274957,10,-7.84085,2,8.683e+08,1,0,
87,1,3417795958245,3419606393021,12,-8.78702,2,8.685e+08,1,0,
79,1,3475199703731,3476186840436,11,2.47003,2,8.685e+08,1,0,
79,2,3475199703731,3476186841705,11,2.47003,2,8.685e+08,0,1,
43,1,3473768867666,3474221476760,10,-2.96939,2,8.683e+08,1,0,
43,2,3473768867666,3474221476483,10,-12.1033,2,8.683e+08,1,0,
61,1,3456793187108,3457245795923,10,-8.55827,4,8.681e+08,1,0,
6,1,3439872350693,3440324959773,10,-3.81387,4,8.681e+08,1,0,
6,2,3439872350693,3440324959503,10,-9.95395,4,8.681e+08,1,0,
97,2,3486425847186,3486497783391,7,6.21842,2,8.683e+08,1,0,
75,1,3472051029432,3472297813926,9,-5.35474,2,8.683e+08,1,0,
75,2,3472051029432,3472297814757,9,-7.99657,2,8.683e+08,1,0,
4,1,3594230359017,3596040792564,12,-11.0442,4,8.683e+08,1,0,
4,2,3594230359017,3596040793337,12,-0.116164,4,8.683e+08,1,0,
21,1,3559335450760,3561145884118,12,-17.089,2,8.685e+08,1,0,
29,1,3527004361716,3528814795101,12,-16.0597,4,8.683e+08,1,0,
29,2,3527004361716,3528814795736,12,-6.47586,4,8.683e+08,1,0,
11,2,3487741907854,3487988692511,9,-7.91601,4,8.681e+08,1,0,
8,1,3583068182391,3584878616169,12,0,2,8.685e+08,0,1,
14,2,3478081998955,3479892432471,12,-15.7788,4,8.681e+08,1,0,
75,1,3503937417157,3504184201651,9,-6.95656,2,8.685e+08,1,0,
32,1,3491430039682,3491676825840,9,-4.12379,4,8.683e+08,1,0,
32,2,3491430039682,3491676824701,9,-10.9695,4,8.683e+08,1,0,
10,2,3486578537542,3487565674764,11,-11.8689,2,8.683e+08,1,0,
68,2,3495067124366,3495519733325,10,0.0063027,4,8.685e+08,1,0,
76,1,3510483356950,3511470493970,11,-5.11485,4,8.685e+08,1,0,
99,2,3541090595212,3541543205715,10,2.28139,4,8.683e+08,1,0,
71,1,3539929372296,3541739805813,12,-9.87324,4,8.683e+08,1,0,
99,1,3495829795202,3496282404133,10,1.63878,4,8.685e+08,1,0,
65,1,3501791864854,3502244474615,10,-16.6644,4,8.683e+08,1,0,
40,2,3504388766248,3504460702600,7,3.33776,2,8.683e+08,1,0,
54,1,3554418598090,3556229031289,12,-8.82931,4,8.683e+08,1,0,
100,1,3531909876783,3533720310448,12,-5.98794,4,8.683e+08,0,1,
100,2,3531909876783,3533720309826,12,-5.98794,4,8.683e+08,1,0,
11,2,3526676453376,3526923238033,9,-5.31772,4,8.683e+08,1,0,
60,2,3528530746411,3528664379012,8,-11.3086,4,8.683e+08,1,0,
49,1,3528378017004,3528830625836,10,-4.27415,4,8.681e+08,1,0,
86,1,3543102031325,3543554640392,10,-10.9562,4,8.683e+08,1,0,
86,2,3543102031325,3543554640288,10,0,4,8.683e+08,0,1,
101,1,3534970716707,3535423325689,10,-7.63652,4,8.683e+08,1,0,
46,1,3549948682930,3550401291721,10,-15.5087,2,8.683e+08,1,0,
59,1,3550957044337,3551203828918,9,-4.76895,2,8.683e+08,1,0,
20,1,3543938359794,3544390968455,10,0,4,8.683e+08,0,1,
20,2,3543938359794,3544390968993,10,0,4,8.683e+08,0,1,
89,2,3551653553812,3553463987443,12,-9.29986,2,8.681e+08,1,0,
91,1,3566552926029,3566624862445,7,0,4,8.683e+08,0,1,
64,1,3594253386411,3594325324195,7,-9.36026,4,8.683e+08,1,0,
66,1,3563968967173,3564956105129,11,-13.4573,4,8.683e+08,1,0,
6,1,3582887485789,3583340094869,10,-11.2314,4,8.683e+08,0,1,
6,2,3582887485789,3583340094599,10,-11.2314,4,8.683e+08,1,0,
48,1,3571158952461,3571292586078,8,-1.95056,4,8.683e+08,1,0,
48,2,3571158952461,3571292585016,8,0.293794,4,8.683e+08,1,0,
52,2,3581963919674,3582416528563,10,-2.15155,2,8.683e+08,1,0,
80,1,3568297767062,3568750376054,10,-2.94276,4,8.683e+08,1,0,
101,1,3580231516717,3580684125699,10,-13.8911,4,8.685e+08,1,0,
101,2,3580231516717,3580684126884,10,-12.4926,4,8.685e+08,1,0,
78,1,3586603127215,3586675063322,7,28.373,4,8.683e+08,1,0,
83,2,3582117716065,3582189652294,7,5.44254,2,8.683e+08,1,0,
senderId,receiverID, sendTime, receivedTime,SF,SNR,Ftype, Freq,RX
1,80,1158030000000,1159185072992,12,-12.191,3,8.69525e+08,2
1,39,56520000000,57675072977,12,10.6517,3,8.69525e+08,2
1,51,111870000000,113025073901,12,-4.90204,3,8.69525e+08,2
2,68,55790000000,56945072959,12,5.49333,3,8.69525e+08,2
1,99,88700000000,89855072931,12,9.21707,3,8.69525e+08,2
1,71,31990000000,33145072000,12,0,3,8.685e+08,1
2,39,1150310000000,1151465073163,12,-3.77551,3,8.69525e+08,2
2,98,23930000000,24507536000,11,0,3,8.685e+08,1
1,102,21230000000,22385072271,12,18.1614,3,8.69525e+08,2
1,91,16490000000,16531216416,7,9.18043,3,8.685e+08,1
1,16,1145800000000,1146955073845,12,-2.61281,3,8.69525e+08,2
2,88,3077230000000,3078385073029,12,7.39917,3,8.69525e+08,2
2,92,93070000000,93647536000,11,0,3,8.685e+08,1
2,76,1269840000000,1270995073717,12,21.4489,3,8.69525e+08,2
2,86,99520000000,100675072963,12,-6.14407,3,8.69525e+08,2
1,20,1451920000000,1453075072661,12,22.3888,3,8.69525e+08,2
2,66,129280000000,130435073210,12,-2.62944,3,8.69525e+08,2
1,95,164940000000,166095073142,12,-4.7886,3,8.685e+08,1
2,100,171530000000,172685073043,12,-12.2657,3,8.685e+08,1
2,60,156220000000,156302432000,8,0,3,8.685e+08,1
1,81,150030000000,150071216409,7,5.13222,3,8.685e+08,1
2,57,195510000000,196665072753,12,-6.84685,3,8.69525e+08,2
1,48,3082830000000,3083985073617,12,9.0341,3,8.69525e+08,2
1,91,1771740000000,1772895072416,12,3.69702,3,8.69525e+08,2
2,69,1713920000000,1714002432592,8,-1.92464,3,8.681e+08,1
2,50,183130000000,184285073292,12,-3.83913,3,8.69525e+08,2
1,54,1841460000000,1842615073199,12,-5.17126,3,8.683e+08,1
1,13,2822030000000,2822112432000,8,0,3,8.683e+08,1
1,81,1528580000000,1528621216000,7,0,3,8.685e+08,1
2,29,1532680000000,1533835074020,12,-6.8549,3,8.69525e+08,2
2,92,1546130000000,1547285072911,12,8.46411,3,8.69525e+08,2
2,80,1382240000000,1382528769367,10,-13.7085,3,8.685e+08,1
1,63,1389750000000,1390905072733,12,0.546632,3,8.69525e+08,2
1,72,208290000000,209445072000,12,0,3,8.69525e+08,2
2,88,208630000000,209785073029,12,9.42503,3,8.69525e+08,2
2,86,1204960000000,1205248768000,10,0,3,8.683e+08,1
1,65,3072280000000,3072568768000,10,0,3,8.681e+08,1
1,63,1461290000000,1461434384733,9,0.619264,3,8.683e+08,1
2,49,233650000000,234805074497,12,-18.4094,3,8.69525e+08,2
1,80,244160000000,245315072992,12,1.37212,3,8.69525e+08,2
2,74,1254700000000,1255855073150,12,-4.39349,3,8.69525e+08,2
1,92,1241600000000,1242177536000,11,0,3,8.685e+08,1
2,74,256420000000,257575073150,12,2.76006,3,8.69525e+08,2
2,82,276510000000,277665073182,12,13.6875,3,8.69525e+08,2
2,51,291910000000,293065073616,12,-19.447,3,8.681e+08,1
1,65,279310000000,280465073761,12,-7.72159,3,8.69525e+08,2
2,54,1397870000000,1399025074466,12,2.21799,3,8.69525e+08,2
1,48,287220000000,287302432000,8,0,3,8.681e+08,1
1,51,1679680000000,1680835072000,12,0,3,8.685e+08,1
1,90,1644910000000,1644951216392,7,1.14737,3,8.681e+08,1
1,15,1745720000000,1746875073660,12,2.69368,3,8.69525e+08,2
1,90,2985050000000,2985091216392,7,-6.81686,3,8.683e+08,1
1,54,306570000000,307725073199,12,-1.52103,3,8.685e+08,1
2,6,298360000000,299515072810,12,13.1674,3,8.69525e+08,2
2,76,2649720000000,2650297537717,11,-1.63426,3,8.681e+08,1
2,4,2839010000000,2840165072000,12,0,3,8.69525e+08,2
1,12,313330000000,314485072124,12,43.1715,3,8.69525e+08,2
2,86,352770000000,353925072000,12,0,3,8.69525e+08,2
2,16,318760000000,319915073816,12,1.23312,3,8.69525e+08,2
1,55,325740000000,326895072000,12,0,3,8.69525e+08,2
2,11,1879370000000,1879514384000,9,0,3,8.685e+08,1
2,68,335480000000,336635072959,12,-10.7933,3,8.69525e+08,2
2,90,1873050000000,1873091216000,7,0,3,8.685e+08,1
1,58,1815590000000,1816745073582,12,3.85355,3,8.69525e+08,2
1,101,344340000000,345495072982,12,-5.40452,3,8.69525e+08,2
2,30,1742780000000,1742821216425,7,5.27834,3,8.685e+08,1
1,49,2869290000000,2870445072832,12,12.1979,3,8.69525e+08,2
1,11,2893350000000,2893494384000,9,0,3,8.683e+08,1
1,78,359230000000,360385072107,12,19.989,3,8.69525e+08,2
1,78,380630000000,381785072107,12,-1.90478,3,8.69525e+08,2
2,30,384980000000,386135072425,12,13.8409,3,8.69525e+08,2
1,82,418120000000,419275073923,12,13.3776,3,8.69525e+08,2
1,71,395080000000,396235073517,12,-18.4585,3,8.69525e+08,2
1,51,1861730000000,1862885072000,12,0,3,8.69525e+08,2
2,65,412560000000,412848768739,10,-10.6382,3,8.685e+08,1
1,82,1845920000000,1847075073923,12,-3.478,3,8.69525e+08,2
1,42,2831990000000,2832567537346,11,4.72705,3,8.685e+08,1
1,7,2686900000000,2688055073137,12,0.722108,3,8.69525e+08,2
2,66,2662040000000,2663195073210,12,11.2727,3,8.69525e+08,2
1,63,434240000000,434384384733,9,-1.79906,3,8.681e+08,1
2,32,456500000000,456644384000,9,0,3,8.681e+08,1
2,66,479490000000,480067536000,11,0,3,8.681e+08,1
2,99,2924670000000,2925825074503,12,-6.19473,3,8.69525e+08,2
1,102,460620000000,460661216271,7,-6.50273,3,8.685e+08,1
1,98,465530000000,466685073130,12,-12.4848,3,8.69525e+08,2
1,12,1160730000000,1160771216124,7,17.3063,3,8.685e+08,1
1,51,472950000000,474105073901,12,-19.3712,3,8.681e+08,1
2,51,1318600000000,1319755073616,12,0.0375832,3,8.69525e+08,2
2,91,488650000000,489805072000,12,0,3,8.69525e+08,2
2,48,516090000000,517245072555,12,-2.252,3,8.69525e+08,2
2,100,2991600000000,2992755072000,12,0,3,8.683e+08,1
2,54,503290000000,504445072000,12,0,3,8.69525e+08,2
1,29,479980000000,481135073385,12,0.260194,3,8.69525e+08,2
2,44,1773260000000,1774415073173,12,0.301408,3,8.69525e+08,2
1,95,1341460000000,1342615073142,12,-1.24797,3,8.683e+08,1
1,39,501630000000,502785072000,12,0,3,8.69525e+08,2
1,63,522250000000,523405072733,12,6.38414,3,8.69525e+08,2
1,20,1810090000000,1810378768661,10,2.75974,3,8.681e+08,1
1,89,2701370000000,2702525072000,12,0,3,8.681e+08,1
1,44,1440150000000,1441305073716,12,-19.1283,3,8.69525e+08,2
2,95,528030000000,529185073748,12,-17.9356,3,8.69525e+08,2
1,17,2626410000000,2627565072772,12,10.6014,3,8.69525e+08,2
1,13,1170720000000,1170802433414,8,-4.99008,3,8.685e+08,1
1,6,534860000000,536015073080,12,3.36685,3,8.69525e+08,2
2,50,544210000000,545365072000,12,0,3,8.681e+08,1
2,80,555080000000,556235072000,12,0,3,8.69525e+08,2
1,86,736080000000,737235073067,12,12.7128,3,8.69525e+08,2
2,74,3025320000000,3026475073150,12,3.24342,3,8.69525e+08,2
2,66,2759750000000,2760327537210,11,-7.82161,3,8.683e+08,1
1,99,1640490000000,1641645072931,12,6.71433,3,8.69525e+08,2
1,80,2959050000000,2960205072000,12,0,3,8.69525e+08,2
1,16,2654920000000,2656075073845,12,-11.1227,3,8.69525e+08,2
1,100,566500000000,567655073665,12,-9.18582,3,8.69525e+08,2
1,91,554710000000,555865072416,12,10.8366,3,8.69525e+08,2
2,88,570710000000,571865073029,12,1.05948,3,8.69525e+08,2
2,13,585760000000,586915072509,12,5.16266,3,8.69525e+08,2
2,48,632960000000,634115072555,12,6.41321,3,8.69525e+08,2
1,44,637090000000,638245072000,12,0,3,8.681e+08,1
1,51,655000000000,656155073901,12,-0.506103,3,8.69525e+08,2
2,20,1168380000000,1169535073199,12,-13.4847,3,8.69525e+08,2
1,15,671110000000,672265073660,12,-12.4075,3,8.69525e+08,2
1,81,1303130000000,1303171216409,7,5.39721,3,8.681e+08,1
1,91,2889080000000,2890235072416,12,-3.45077,3,8.69525e+08,2
2,64,689090000000,689131216351,7,-5.54362,3,8.681e+08,1
1,86,690820000000,691975073067,12,3.20162,3,8.69525e+08,2
2,50,726260000000,727415073292,12,-5.95628,3,8.69525e+08,2
1,101,1359020000000,1360175072982,12,-4.25497,3,8.69525e+08,2
2,16,707720000000,708875073816,12,-8.12729,3,8.685e+08,1
1,98,3009360000000,3009937536000,11,0,3,8.683e+08,1
1,102,3174870000000,3176025072271,12,18.7251,3,8.69525e+08,2
1,42,3061610000000,3062765073346,12,4.24844,3,8.69525e+08,2
1,88,751760000000,752915074210,12,-2.27765,3,8.69525e+08,2
2,54,748700000000,749855074466,12,2.60869,3,8.69525e+08,2
2,69,2722060000000,2722142432592,8,4.42193,3,8.685e+08,1
2,64,819880000000,821035072351,12,13.0129,3,8.69525e+08,2
1,72,774020000000,774102432000,8,0,3,8.681e+08,1
2,86,2730350000000,2731505072963,12,10.1516,3,8.69525e+08,2
2,81,1559890000000,1559931216000,7,0,3,8.683e+08,1
1,74,1572040000000,1572122432825,8,-4.09105,3,8.683e+08,1
1,20,1213650000000,1214805072661,12,-2.10345,3,8.69525e+08,2
2,44,1243360000000,1244515072000,12,0,3,8.681e+08,1
2,60,787580000000,788735072601,12,-4.85626,3,8.69525e+08,2
1,100,800120000000,801275073665,12,-10.5789,3,8.685e+08,1
1,20,814940000000,816095072661,12,-2.69098,3,8.69525e+08,2
2,92,799970000000,801125072911,12,9.80797,3,8.69525e+08,2
1,15,1926760000000,1927915073660,12,-11.2217,3,8.69525e+08,2
1,29,1875050000000,1876205073385,12,4.77316,3,8.69525e+08,2
1,101,1886720000000,1887875072982,12,-17.5352,3,8.69525e+08,2
2,44,2820380000000,2821535073173,12,-14.9532,3,8.683e+08,1
1,15,852150000000,853305073660,12,12.7283,3,8.69525e+08,2
2,85,836260000000,837415072000,12,0,3,8.685e+08,1
1,60,835670000000,836825072000,12,0,3,8.69525e+08,2
2,86,2775610000000,2776765072963,12,-13.2995,3,8.69525e+08,2
1,78,1283340000000,1284495072107,12,21.2228,3,8.69525e+08,2
2,11,850680000000,851835072657,12,12.8651,3,8.69525e+08,2
1,54,929740000000,930895073199,12,-13.1741,3,8.69525e+08,2
1,90,2782630000000,2783785072392,12,4.93044,3,8.69525e+08,2
1,74,1465140000000,1466295072825,12,3.28439,3,8.69525e+08,2
2,57,1474370000000,1474658768000,10,0,3,8.685e+08,1
2,32,895930000000,897085073019,12,-1.21449,3,8.69525e+08,2
1,72,889550000000,890705072695,12,2.04779,3,8.69525e+08,2
2,92,913560000000,914715072911,12,-1.22571,3,8.69525e+08,2
1,76,917020000000,917597537020,11,-12.5427,3,8.681e+08,1
1,98,2812930000000,2814085073130,12,3.07797,3,8.69525e+08,2
1,49,1377260000000,1378415072832,12,24.803,3,8.69525e+08,2
2,58,965360000000,966515072000,12,0,3,8.681e+08,1
1,72,992610000000,992692432000,8,0,3,8.685e+08,1
1,20,1031600000000,1031888768661,10,-15.4936,3,8.685e+08,1
2,64,1000080000000,1001235072351,12,25.5422,3,8.69525e+08,2
2,91,1444540000000,1444581216000,7,0,3,8.683e+08,1
2,66,1019720000000,1020875072000,12,0,3,8.69525e+08,2
2,100,1336970000000,1338125073043,12,-14.124,3,8.69525e+08,2
1,102,1230420000000,1230461216271,7,11.7184,3,8.685e+08,1
2,6,1039430000000,1040585072810,12,17.3231,3,8.69525e+08,2
1,102,1263050000000,1264205072271,12,15.817,3,8.69525e+08,2
2,22,2861450000000,2862605073158,12,-8.43851,3,8.69525e+08,2
2,72,1616000000000,1616082433258,8,6.29415,3,8.685e+08,1
1,13,1632120000000,1632202432000,8,0,3,8.683e+08,1
1,85,1579130000000,1580285073616,12,-9.82095,3,8.69525e+08,2
1,85,1036000000000,1037155073616,12,-4.99826,3,8.69525e+08,2
2,92,1755870000000,1756447536911,11,-0.898406,3,8.685e+08,1
2,11,1052010000000,1053165072657,12,-9.59901,3,8.69525e+08,2
1,57,1060180000000,1061335073693,12,-6.03313,3,8.69525e+08,2
2,85,1217040000000,1218195074089,12,-14.7626,3,8.69525e+08,2
1,78,1091620000000,1092775072107,12,28.3548,3,8.69525e+08,2
1,49,1192000000000,1192288768832,10,-8.81033,3,8.681e+08,1
1,42,1063780000000,1064357537346,11,-7.58394,3,8.681e+08,1
2,68,1527190000000,1527478768000,10,0,3,8.685e+08,1
1,39,1533570000000,1533858768977,10,-15.2508,3,8.683e+08,1
2,15,2873770000000,2874925074262,12,-10.6726,3,8.69525e+08,2
2,86,1111370000000,1111658768000,10,0,3,8.685e+08,1
1,20,1077860000000,1079015072000,12,0,3,8.69525e+08,2
2,63,1078130000000,1079285072000,12,0,3,8.69525e+08,2
1,81,1497070000000,1498225072409,12,4.42803,3,8.69525e+08,2
1,6,1131840000000,1132128768000,10,0,3,8.683e+08,1
2,30,1095180000000,1095221216425,7,-2.46518,3,8.681e+08,1
1,101,1404280000000,1405435072982,12,-11.1657,3,8.69525e+08,2
1,39,1488310000000,1488598768977,10,9.86273,3,8.685e+08,1
1,49,1422520000000,1423675072832,12,7.22102,3,8.69525e+08,2
1,66,1118430000000,1119585073956,12,-10.8534,3,8.69525e+08,2
2,92,1142890000000,1143467536911,11,-14.5279,3,8.685e+08,1
2,68,2624180000000,2625335072000,12,0,3,8.69525e+08,2
2,20,1123120000000,1124275073199,12,-13.8907,3,8.69525e+08,2
1,81,1902080000000,1903235072409,12,14.7542,3,8.69525e+08,2
2,50,1948540000000,1949695072000,12,0,3,8.685e+08,1
1,76,1954290000000,1955445073020,12,-7.87912,3,8.69525e+08,2
1,86,1964410000000,1964698769067,10,4.68361,3,8.683e+08,1
1,65,1968890000000,1970045072000,12,0,3,8.69525e+08,2
2,11,2949070000000,2950225072657,12,13.4168,3,8.69525e+08,2
1,50,2946590000000,2947745072000,12,0,3,8.69525e+08,2
1,78,1958040000000,1958081216000,7,0,3,8.683e+08,1
1,78,1981590000000,1982745072107,12,42.6694,3,8.69525e+08,2
1,20,1994300000000,1994588768661,10,-2.22185,3,8.683e+08,1
1,86,2930400000000,2931555073067,12,14.2244,3,8.69525e+08,2
2,16,1990840000000,1991995073816,12,-3.42895,3,8.69525e+08,2
2,74,2683090000000,2684245073150,12,2.53433,3,8.69525e+08,2
1,44,1998420000000,1999575073716,12,-7.16995,3,8.69525e+08,2
2,88,2009730000000,2010885073029,12,10.3949,3,8.69525e+08,2
1,68,2059310000000,2059598768000,10,0,3,8.685e+08,1
2,84,2039900000000,2041055072921,12,12.9395,3,8.69525e+08,2
2,39,2062000000000,2063155073163,12,13.9335,3,8.69525e+08,2
2,49,2073700000000,2073988768000,10,0,3,8.683e+08,1
1,76,2063210000000,2064365073020,12,-11.0841,3,8.69525e+08,2
1,3,3030700000000,3031855073648,12,-3.45357,3,8.69525e+08,2
1,29,2710420000000,2711575073385,12,-16.9067,3,8.69525e+08,2
1,94,2103330000000,2103907537447,11,-9.50336,3,8.681e+08,1
1,65,2827500000000,2828655073761,12,-17.4712,3,8.69525e+08,2
2,64,2133230000000,2134385072351,12,14.5108,3,8.69525e+08,2
1,102,2139420000000,2140575072271,12,31.2024,3,8.69525e+08,2
2,86,2111590000000,2111878768963,10,-11.7251,3,8.683e+08,1
2,39,2938680000000,2938968769163,10,-13.4265,3,8.683e+08,1
1,102,2219250000000,2220405072271,12,17.5171,3,8.69525e+08,2
1,101,2844660000000,2845815072982,12,8.46213,3,8.69525e+08,2
2,95,2188390000000,2189545073748,12,-11.5247,3,8.69525e+08,2
1,65,2666750000000,2667905073761,12,23.6593,3,8.69525e+08,2
2,76,2168040000000,2168617536000,11,0,3,8.683e+08,1
1,86,2157850000000,2159005073067,12,0.906983,3,8.69525e+08,2
1,75,2748490000000,2749645072494,12,8.19092,3,8.69525e+08,2
1,101,2799400000000,2800555072982,12,-4.14835,3,8.69525e+08,2
2,4,2175340000000,2176495074320,12,-15.8021,3,8.69525e+08,2
1,98,2910640000000,2911217537130,11,-0.959212,3,8.683e+08,1
1,15,2240420000000,2241575073660,12,-2.33552,3,8.69525e+08,2
1,42,2206380000000,2206957536000,11,0,3,8.683e+08,1
1,6,2264480000000,2264768768000,10,0,3,8.685e+08,1
2,88,2254270000000,2255425073029,12,-8.85533,3,8.685e+08,1
1,90,2769060000000,2770215072392,12,26.647,3,8.69525e+08,2
1,96,2995530000000,2995612432000,8,0,3,8.681e+08,1
1,54,2297010000000,2298165073199,12,-11.2427,3,8.685e+08,1
1,49,2316760000000,2317915072832,12,12.4768,3,8.69525e+08,2
1,84,2344250000000,2345405073970,12,-7.51662,3,8.69525e+08,2
2,44,2330530000000,2331685073173,12,22.0867,3,8.69525e+08,2
1,12,2328800000000,2329955072124,12,-0.0900413,3,8.69525e+08,2
1,86,2379740000000,2380895073067,12,-16.2268,3,8.69525e+08,2
1,85,2404610000000,2405765073616,12,2.4986,3,8.69525e+08,2
2,63,2353140000000,2354295073480,12,-9.59636,3,8.69525e+08,2
2,76,2366470000000,2367625073717,12,-6.66067,3,8.69525e+08,2
2,32,2382800000000,2382944385019,9,-10.0026,3,8.685e+08,1
2,69,2373450000000,2373532432000,8,0,3,8.681e+08,1
2,6,2428090000000,2429245072810,12,-6.27899,3,8.69525e+08,2
1,95,2443860000000,2445015072000,12,0,3,8.681e+08,1
2,100,2417470000000,2418625072000,12,0,3,8.685e+08,1
2,48,2447990000000,2449145072555,12,-5.73534,3,8.69525e+08,2
1,69,2451740000000,2452895074115,12,-9.35771,3,8.69525e+08,2
2,86,2477650000000,2478805072963,12,14.1575,3,8.69525e+08,2
1,16,2473880000000,2475035073845,12,-12.965,3,8.69525e+08,2
2,65,2497310000000,2498465072739,12,11.3148,3,8.69525e+08,2
2,44,2511570000000,2512725073173,12,0.299653,3,8.69525e+08,2
1,74,2511940000000,2513095072825,12,-0.983413,3,8.69525e+08,2
1,63,2535100000000,2536255072733,12,9.43915,3,8.69525e+08,2
2,20,2540860000000,2541148768000,10,0,3,8.685e+08,1
1,60,2602310000000,2603465073943,12,-7.2792,3,8.69525e+08,2
1,71,2578400000000,2579555073517,12,-2.6604,3,8.685e+08,1
2,65,2606020000000,2607175072739,12,-8.38403,3,8.69525e+08,2
2,13,2574290000000,2574372432509,8,20.276,3,8.683e+08,1
2,40,2577530000000,2578685072352,12,18.1524,3,8.69525e+08,2
1,102,2586660000000,2587815072271,12,11.0864,3,8.69525e+08,2
2,82,2588260000000,2588837537182,11,1.60675,3,8.683e+08,1
1,70,3204890000000,3204931216355,7,-5.77635,3,8.681e+08,1
1,72,3098360000000,3099515072695,12,-10.5714,3,8.69525e+08,2
2,100,3172640000000,3173795072000,12,0,3,8.683e+08,1
1,82,3145510000000,3146087537923,11,-9.86328,3,8.681e+08,1
2,13,3139220000000,3139302432000,8,0,3,8.681e+08,1
1,16,3190050000000,3191205073845,12,-2.34898,3,8.69525e+08,2
2,30,3290400000000,3290441216425,7,-3.89206,3,8.683e+08,1
2,84,3224180000000,3225335072921,12,6.43951,3,8.69525e+08,2
2,95,3183300000000,3184455073748,12,-2.90886,3,8.69525e+08,2
2,4,3235960000000,3237115074320,12,5.18494,3,8.69525e+08,2
2,68,3209000000000,3210155072959,12,-5.20285,3,8.69525e+08,2
1,8,3223800000000,3224955073778,12,-6.65735,3,8.681e+08,1
1,68,3254260000000,3255415074317,12,-10.8865,3,8.69525e+08,2
2,60,3252130000000,3253285072601,12,27.2665,3,8.69525e+08,2
2,98,3313670000000,3314825074366,12,-6.72218,3,8.69525e+08,2
1,6,3267820000000,3268975073080,12,0.704835,3,8.69525e+08,2
1,79,3280770000000,3281925072705,12,1.51288,3,8.69525e+08,2
1,29,3349780000000,3350935073385,12,1.31038,3,8.69525e+08,2
2,85,3295020000000,3296175074089,12,-18.0278,3,8.683e+08,1
2,84,3301330000000,3302485072000,12,0,3,8.69525e+08,2
2,92,3330800000000,3331955072911,12,21.1012,3,8.69525e+08,2
1,42,3325410000000,3326565073346,12,2.35967,3,8.69525e+08,2
2,68,3363320000000,3364475072959,12,12.1384,3,8.69525e+08,2
2,82,3343940000000,3345095073182,12,11.1323,3,8.69525e+08,2
1,24,3344010000000,3344587537030,11,5.82279,3,8.681e+08,1
1,95,3364340000000,3365495073142,12,-0.662826,3,8.69525e+08,2
2,55,3384920000000,3386075073610,12,-4.99953,3,8.69525e+08,2
2,69,3415540000000,3415622432000,8,0,3,8.685e+08,1
2,14,3481900000000,3483055073516,12,-0.402801,3,8.69525e+08,2
1,90,3387020000000,3388175072392,12,10.89,3,8.69525e+08,2
1,6,3442330000000,3443485073080,12,-6.10799,3,8.69525e+08,2
1,58,3430200000000,3431355073582,12,-7.42363,3,8.685e+08,1
1,61,3459250000000,3460405072815,12,-5.17342,3,8.69525e+08,2
2,85,3476060000000,3477215072000,12,0,3,8.685e+08,1
2,99,3543550000000,3544705072000,12,0,3,8.69525e+08,2
1,76,3513480000000,3514635073020,12,-4.08527,3,8.69525e+08,2
1,32,3493680000000,3494835074158,12,2.96185,3,8.69525e+08,2
2,68,3497530000000,3498685072000,12,0,3,8.69525e+08,2
1,55,3565960000000,3567115074204,12,-3.74403,3,8.69525e+08,2
2,11,3528930000000,3530085072657,12,12.3707,3,8.69525e+08,2
1,29,3530820000000,3531975073385,12,2.88786,3,8.69525e+08,2
1,71,3543740000000,3544895073517,12,0.818803,3,8.69525e+08,2
1,54,3557230000000,3558385073199,12,-6.06305,3,8.683e+08,1
1,101,3582690000000,3583845072982,12,-0.568481,3,8.69525e+08,2
2,48,3573300000000,3574455072555,12,-0.547698,3,8.69525e+08,2
2,4,3597050000000,3598205072000,12,0,3,8.683e+08,1
2,6,3585350000000,3586505072810,12,6.9045,3,8.69525e+08,2
1,64,3596330000000,3597485073784,12,-12.6308,3,8.69525e+08,2
