timestamp,results
2025-03-31 07:36:28,"{""gw-2"": {""1"": ""conflict"", ""2"": ""conflict""}}"
2025-03-31 07:36:31,"{""gw-2"": {""1"": ""blocked"", ""2"": ""blocked""}}"
2025-03-31 07:36:35,"{""gw-2"": {""1"": ""blocked"", ""2"": ""blocked""}, ""gw-3"": {""1"": ""conflict"", ""2"": ""blocked""}, ""gw-1"": {""1"": ""conflict"", ""2"": ""blocked""}}"
2025-03-31 07:36:35,"{""gw-3"": {""1"": ""conflict"", ""2"": ""blocked""}}"
2025-03-31 07:36:50,"{""gw-1"": {""1"": ""blocked"", ""2"": ""blocked""}}"
2025-03-31 07:36:57,"{""gw-1"": {""1"": ""blocked"", ""2"": ""blocked""}}"
2025-03-31 07:37:24,"{""gw-2"": {""1"": ""blocked"", ""2"": ""blocked""}}"
2025-03-31 07:37:32,"{""gw-1"": {""1"": ""blocked"", ""2"": ""blocked""}}"
2025-03-31 07:37:37,"{""gw-3"": {""1"": ""blocked"", ""2"": ""blocked""}}"
2025-03-31 07:37:39,"{""gw-3"": {""1"": ""blocked"", ""2"": ""blocked""}}"
2025-03-31 07:38:08,"{""gw-3"": {""1"": ""blocked"", ""2"": ""blocked""}, ""gw-1"": {""1"": ""conflict"", ""2"": ""blocked""}}"
2025-03-31 07:38:31,"{""gw-2"": {""1"": ""blocked"", ""2"": ""blocked""}, ""gw-1"": {""1"": ""conflict"", ""2"": ""blocked""}}"
2025-03-31 07:38:52,"{""gw-1"": {""1"": ""blocked"", ""2"": ""blocked""}}"
2025-03-31 07:38:56,"{""gw-2"": {""1"": ""blocked"", ""2"": ""blocked""}}"
2025-03-31 07:38:57,"{""gw-3"": {""1"": ""blocked"", ""2"": ""conflict""}, ""gw-1"": {""1"": ""blocked"", ""2"": ""blocked""}}"
2025-03-31 07:38:58,"{""gw-2"": {""1"": ""blocked"", ""2"": ""blocked""}}"
2025-03-31 07:38:59,"{""gw-3"": {""1"": ""conflict"", ""2"": ""blocked""}, ""gw-2"": {""1"": ""blocked"", ""2"": ""blocked""}}"
2025-03-31 07:39:00,"{""gw-2"": {""1"": ""blocked"", ""2"": ""blocked""}}"
2025-03-31 07:39:00,"{""gw-2"": {""2"": ""blocked""}}"
2025-03-31 07:39:04,"{""gw-3"": {""1"": ""blocked"", ""2"": ""blocked""}}"
2025-03-31 07:39:05,"{""gw-1"": {""1"": ""blocked"", ""2"": ""blocked""}}"
2025-03-31 07:39:12,"{""gw-2"": {""1"": ""blocked"", ""2"": ""blocked""}}"
2025-03-31 07:39:21,"{""gw-1"": {""1"": ""blocked"", ""2"": ""blocked""}}"
2025-03-31 07:39:24,"{""gw-1"": {""1"": ""blocked"", ""2"": ""blocked""}, ""gw-2"": {""1"": ""blocked"", ""2"": ""blocked""}}"
2025-03-31 07:39:25,"{""gw-2"": {""1"": ""blocked"", ""2"": ""blocked""}}"
2025-03-31 07:39:27,"{""gw-2"": {""1"": ""blocked"", ""2"": ""blocked""}}"
2025-03-31 07:39:27,"{""gw-2"": {""1"": ""blocked"", ""2"": ""blocked""}, ""gw-1"": {""1"": ""blocked"", ""2"": ""blocked""}}"
2025-03-31 07:39:31,"{""gw-1"": {""1"": ""blocked"", ""2"": ""conflict""}, ""gw-3"": {""1"": ""blocked"", ""2"": ""blocked""}}"
2025-03-31 07:39:32,"{""gw-2"": {""1"": ""blocked"", ""2"": ""blocked""}, ""gw-3"": {""1"": ""blocked"", ""2"": ""blocked""}}"
2025-03-31 07:39:36,"{""gw-3"": {""1"": ""blocked"", ""2"": ""blocked""}, ""gw-2"": {""1"": ""blocked"", ""2"": ""blocked""}}"
2025-03-31 07:39:37,"{""gw-2"": {""1"": ""blocked"", ""2"": ""blocked""}}"
2025-03-31 07:39:38,"{""gw-3"": {""1"": ""conflict"", ""2"": ""blocked""}}"
2025-03-31 07:39:38,"{""gw-1"": {""1"": ""blocked"", ""2"": ""blocked""}}"
2025-03-31 07:39:46,"{""gw-3"": {""1"": ""blocked"", ""2"": ""blocked""}}"
2025-03-31 07:39:50,"{""gw-3"": {""1"": ""conflict"", ""2"": ""conflict""}}"
2025-03-31 07:39:52,"{""gw-2"": {""1"": ""blocked"", ""2"": ""blocked""}}"
2025-03-31 07:39:57,"{""gw-2"": {""1"": ""conflict"", ""2"": ""blocked""}}"
2025-03-31 07:39:58,"{""gw-1"": {""1"": ""blocked"", ""2"": ""blocked""}, ""gw-2"": {""1"": ""conflict"", ""2"": ""blocked""}}"
2025-03-31 07:39:59,"{""gw-1"": {""1"": ""blocked"", ""2"": ""blocked""}, ""gw-3"": {""1"": ""blocked"", ""2"": ""blocked""}}"
2025-03-31 07:40:02,"{""gw-1"": {""1"": ""conflict"", ""2"": ""blocked""}, ""gw-2"": {""1"": ""blocked"", ""2"": ""blocked""}}"
2025-03-31 07:40:02,"{""gw-2"": {""1"": ""blocked"", ""2"": ""blocked""}, ""gw-1"": {""1"": ""conflict"", ""2"": ""blocked""}}"
2025-03-31 07:40:02,"{""gw-3"": {""1"": ""conflict"", ""2"": ""blocked""}}"
2025-03-31 07:40:09,"{""gw-3"": {""1"": ""blocked"", ""2"": ""blocked""}, ""gw-1"": {""1"": ""blocked"", ""2"": ""blocked""}}"
2025-03-31 07:40:09,"{""gw-3"": {""1"": ""blocked"", ""2"": ""blocked""}}"
2025-03-31 07:40:10,"{""gw-3"": {""1"": ""blocked"", ""2"": ""blocked""}, ""gw-1"": {""1"": ""blocked"", ""2"": ""blocked""}}"
2025-03-31 07:40:10,"{""gw-3"": {""1"": ""blocked"", ""2"": ""blocked""}}"
2025-03-31 07:40:22,"{""gw-2"": {""1"": ""blocked"", ""2"": ""blocked""}}"
2025-03-31 07:40:23,"{""gw-2"": {""1"": ""blocked"", ""2"": ""blocked""}}"
2025-03-31 07:40:24,"{""gw-2"": {""1"": ""blocked"", ""2"": ""blocked""}}"
2025-03-31 07:40:24,"{""gw-2"": {""1"": ""blocked"", ""2"": ""blocked""}, ""gw-3"": {""1"": ""blocked"", ""2"": ""blocked""}}"
2025-03-31 07:40:34,"{""gw-2"": {""1"": ""blocked"", ""2"": ""blocked""}}"
2025-03-31 07:40:34,"{""gw-2"": {""1"": ""blocked"", ""2"": ""blocked""}, ""gw-1"": {""1"": ""blocked"", ""2"": ""blocked""}}"
2025-03-31 07:40:35,"{""gw-2"": {""1"": ""blocked"", ""2"": ""blocked""}, ""gw-1"": {""1"": ""blocked"", ""2"": ""blocked""}}"
2025-03-31 07:40:41,"{""gw-3"": {""1"": ""conflict"", ""2"": ""conflict""}}"
2025-03-31 07:40:42,"{""gw-3"": {""1"": ""conflict"", ""2"": ""conflict""}, ""gw-2"": {""1"": ""conflict"", ""2"": ""blocked""}}"
2025-03-31 07:40:45,"{""gw-2"": {""1"": ""blocked"", ""2"": ""blocked""}}"
2025-03-31 07:40:46,"{""gw-3"": {""1"": ""blocked"", ""2"": ""blocked""}, ""gw-2"": {""1"": ""blocked"", ""2"": ""blocked""}}"
2025-03-31 07:40:47,"{""gw-2"": {""1"": ""blocked"", ""2"": ""blocked""}, ""gw-3"": {""1"": ""blocked"", ""2"": ""blocked""}}"
2025-03-31 07:40:49,"{""gw-3"": {""1"": ""blocked"", ""2"": ""blocked""}}"
2025-03-31 07:40:51,"{""gw-3"": {""1"": ""blocked"", ""2"": ""blocked""}}"
2025-03-31 07:40:52,"{""gw-1"": {""1"": ""conflict"", ""2"": ""conflict""}}"
2025-03-31 07:40:57,"{""gw-1"": {""1"": ""blocked"", ""2"": ""blocked""}}"
2025-03-31 07:40:58,"{""gw-1"": {""1"": ""blocked"", ""2"": ""blocked""}}"
2025-03-31 07:40:58,"{""gw-2"": {""1"": ""conflict"", ""2"": ""blocked""}}"
2025-03-31 07:41:02,"{""gw-3"": {""1"": ""blocked"", ""2"": ""blocked""}, ""gw-2"": {""1"": ""blocked"", ""2"": ""blocked""}, ""gw-1"": {""1"": ""blocked"", ""2"": ""blocked""}}"
2025-03-31 07:41:03,"{""gw-3"": {""1"": ""blocked"", ""2"": ""blocked""}}"
2025-03-31 07:41:04,"{""gw-3"": {""1"": ""blocked"", ""2"": ""blocked""}}"
2025-03-31 07:41:06,"{""gw-3"": {""1"": ""blocked"", ""2"": ""blocked""}, ""gw-1"": {""1"": ""conflict"", ""2"": ""blocked""}}"
2025-03-31 07:41:07,"{""gw-3"": {""1"": ""blocked"", ""2"": ""blocked""}}"
2025-03-31 07:41:11,"{""gw-3"": {""1"": ""conflict"", ""2"": ""conflict""}, ""gw-1"": {""1"": ""blocked"", ""2"": ""blocked""}}"
2025-03-31 07:41:13,"{""gw-1"": {""1"": ""blocked"", ""2"": ""blocked""}}"
2025-03-31 07:41:16,"{""gw-1"": {""1"": ""blocked"", ""2"": ""blocked""}}"
2025-03-31 07:41:32,"{""gw-2"": {""1"": ""blocked"", ""2"": ""blocked""}}"
2025-03-31 07:41:35,"{""gw-1"": {""1"": ""conflict"", ""2"": ""conflict""}}"
2025-03-31 07:41:35,"{""gw-2"": {""1"": ""blocked"", ""2"": ""blocked""}}"
2025-03-31 07:41:36,"{""gw-2"": {""1"": ""blocked"", ""2"": ""blocked""}}"
2025-03-31 07:41:36,"{""gw-2"": {""1"": ""blocked"", ""2"": ""blocked""}}"
2025-03-31 07:41:37,"{""gw-2"": {""1"": ""blocked"", ""2"": ""blocked""}}"
2025-03-31 07:41:38,"{""gw-3"": {""1"": ""blocked"", ""2"": ""blocked""}}"
2025-03-31 07:41:38,"{""gw-1"": {""1"": ""blocked"", ""2"": ""blocked""}}"
2025-03-31 07:41:40,"{""gw-1"": {""1"": ""blocked"", ""2"": ""blocked""}, ""gw-2"": {""1"": ""blocked"", ""2"": ""conflict""}}"
2025-03-31 07:41:43,"{""gw-3"": {""1"": ""blocked"", ""2"": ""blocked""}}"
2025-03-31 07:41:44,"{""gw-3"": {""1"": ""blocked"", ""2"": ""blocked""}, ""gw-1"": {""1"": ""blocked"", ""2"": ""blocked""}, ""gw-2"": {""1"": ""blocked"", ""2"": ""blocked""}}"
2025-03-31 07:41:45,"{""gw-2"": {""1"": ""blocked"", ""2"": ""blocked""}}"
2025-03-31 07:41:51,"{""gw-3"": {""1"": ""blocked"", ""2"": ""blocked""}}"
2025-03-31 07:41:53,"{""gw-2"": {""1"": ""blocked"", ""2"": ""conflict""}}"
2025-03-31 07:41:54,"{""gw-2"": {""1"": ""conflict"", ""2"": ""conflict""}}"
2025-03-31 07:41:58,"{""gw-2"": {""1"": ""blocked"", ""2"": ""blocked""}}"
2025-03-31 07:41:58,"{""gw-1"": {""1"": ""blocked"", ""2"": ""blocked""}, ""gw-2"": {""1"": ""blocked"", ""2"": ""blocked""}, ""gw-3"": {""1"": ""blocked"", ""2"": ""blocked""}}"
2025-03-31 07:41:58,"{""gw-2"": {""1"": ""blocked"", ""2"": ""blocked""}}"
2025-03-31 07:41:59,"{""gw-1"": {""1"": ""blocked"", ""2"": ""blocked""}}"
2025-03-31 07:41:59,"{""gw-1"": {""1"": ""blocked"", ""2"": ""blocked""}, ""gw-3"": {""1"": ""blocked"", ""2"": ""blocked""}, ""gw-2"": {""1"": ""blocked"", ""2"": ""blocked""}}"
2025-03-31 07:42:00,"{""gw-1"": {""1"": ""blocked"", ""2"": ""blocked""}, ""gw-2"": {""1"": ""blocked"", ""2"": ""blocked""}}"
2025-03-31 07:42:04,"{""gw-2"": {""1"": ""blocked"", ""2"": ""blocked""}}"
2025-03-31 07:42:04,"{""gw-1"": {""1"": ""blocked"", ""2"": ""conflict""}}"
2025-03-31 07:42:05,"{""gw-3"": {""1"": ""blocked"", ""2"": ""blocked""}, ""gw-1"": {""1"": ""blocked"", ""2"": ""conflict""}}"
2025-03-31 07:42:06,"{""gw-3"": {""1"": ""blocked"", ""2"": ""blocked""}}"
2025-03-31 07:42:08,"{""gw-3"": {""1"": ""blocked"", ""2"": ""blocked""}}"
2025-03-31 07:42:09,"{""gw-1"": {""1"": ""blocked"", ""2"": ""blocked""}, ""gw-3"": {""1"": ""blocked"", ""2"": ""blocked""}}"
2025-03-31 07:42:11,"{""gw-1"": {""1"": ""blocked"", ""2"": ""blocked""}, ""gw-2"": {""1"": ""blocked"", ""2"": ""conflict""}}"
2025-03-31 07:42:11,"{""gw-1"": {""1"": ""blocked"", ""2"": ""blocked""}, ""gw-3"": {""1"": ""conflict"", ""2"": ""conflict""}, ""gw-2"": {""1"": ""conflict"", ""2"": ""conflict""}}"
2025-03-31 07:42:11,"{""gw-2"": {""1"": ""conflict"", ""2"": ""conflict""}, ""gw-3"": {""1"": ""blocked"", ""2"": ""conflict""}}"
2025-03-31 07:42:11,"{""gw-1"": {""1"": ""blocked"", ""2"": ""blocked""}, ""gw-3"": {""1"": ""blocked"", ""2"": ""conflict""}}"
2025-03-31 07:42:12,"{""gw-3"": {""1"": ""conflict"", ""2"": ""conflict""}, ""gw-1"": {""1"": ""blocked"", ""2"": ""blocked""}}"
2025-03-31 07:42:13,"{""gw-1"": {""1"": ""conflict"", ""2"": ""blocked""}}"
2025-03-31 07:42:14,"{""gw-2"": {""1"": ""blocked"", ""2"": ""blocked""}}"
2025-03-31 07:42:14,"{""gw-2"": {""1"": ""blocked"", ""2"": ""blocked""}, ""gw-3"": {""1"": ""blocked"", ""2"": ""blocked""}}"
2025-03-31 07:42:15,"{""gw-1"": {""1"": ""blocked"", ""2"": ""blocked""}}"
2025-03-31 07:42:15,"{""gw-1"": {""1"": ""blocked"", ""2"": ""blocked""}, ""gw-3"": {""1"": ""blocked"", ""2"": ""blocked""}}"
2025-03-31 07:42:16,"{""gw-2"": {""1"": ""blocked"", ""2"": ""blocked""}}"
2025-03-31 07:42:16,"{""gw-1"": {""1"": ""blocked"", ""2"": ""blocked""}}"
2025-03-31 07:42:16,"{""gw-2"": {""1"": ""blocked"", ""2"": ""blocked""}, ""gw-3"": {""1"": ""blocked"", ""2"": ""blocked""}}"
2025-03-31 07:42:18,"{""gw-3"": {""1"": ""blocked"", ""2"": ""blocked""}}"
2025-03-31 07:42:19,"{""gw-2"": {""1"": ""blocked"", ""2"": ""blocked""}}"
2025-03-31 07:42:20,"{""gw-2"": {""1"": ""blocked"", ""2"": ""blocked""}}"
2025-03-31 07:42:21,"{""gw-3"": {""1"": ""blocked"", ""2"": ""blocked""}, ""gw-2"": {""1"": ""conflict"", ""2"": ""blocked""}}"
2025-03-31 07:42:37,"{""gw-3"": {""1"": ""blocked"", ""2"": ""blocked""}}"
2025-03-31 07:42:41,"{""gw-3"": {""1"": ""blocked"", ""2"": ""blocked""}, ""gw-2"": {""1"": ""conflict"", ""2"": ""blocked""}}"
2025-03-31 07:42:42,"{""gw-3"": {""1"": ""blocked"", ""2"": ""blocked""}}"
2025-03-31 07:42:43,"{""gw-3"": {""1"": ""blocked"", ""2"": ""blocked""}}"
2025-03-31 07:42:46,"{""gw-2"": {""1"": ""blocked"", ""2"": ""blocked""}}"
2025-03-31 07:42:49,"{""gw-2"": {""1"": ""blocked"", ""2"": ""blocked""}}"
2025-03-31 07:42:50,"{""gw-1"": {""1"": ""blocked"", ""2"": ""blocked""}, ""gw-2"": {""1"": ""blocked"", ""2"": ""blocked""}}"
2025-03-31 07:42:50,"{""gw-1"": {""1"": ""blocked"", ""2"": ""blocked""}, ""gw-2"": {""1"": ""blocked"", ""2"": ""blocked""}}"
2025-03-31 07:43:00,"{""gw-1"": {""1"": ""blocked"", ""2"": ""blocked""}}"
2025-03-31 07:43:01,"{""gw-3"": {""1"": ""conflict"", ""2"": ""blocked""}, ""gw-1"": {""1"": ""blocked"", ""2"": ""blocked""}, ""gw-2"": {""1"": ""blocked"", ""2"": ""conflict""}}"
2025-03-31 07:43:01,"{""gw-1"": {""1"": ""blocked"", ""2"": ""blocked""}, ""gw-2"": {""1"": ""conflict"", ""2"": ""conflict""}}"
2025-03-31 07:43:05,"{""gw-3"": {""1"": ""blocked"", ""2"": ""blocked""}}"
2025-03-31 07:43:05,"{""gw-2"": {""1"": ""blocked"", ""2"": ""blocked""}}"
2025-03-31 07:43:19,"{""gw-3"": {""1"": ""blocked"", ""2"": ""conflict""}}"
2025-03-31 07:43:20,"{""gw-1"": {""1"": ""blocked"", ""2"": ""blocked""}}"
2025-03-31 07:43:37,"{""gw-1"": {""1"": ""blocked"", ""2"": ""blocked""}}"
2025-03-31 07:43:37,"{""gw-1"": {""1"": ""blocked"", ""2"": ""blocked""}}"
2025-03-31 07:43:57,"{""gw-1"": {""1"": ""blocked"", ""2"": ""blocked""}}"
2025-03-31 07:44:00,"{""gw-3"": {""1"": ""blocked"", ""2"": ""blocked""}, ""gw-1"": {""1"": ""blocked"", ""2"": ""blocked""}}"
2025-03-31 07:44:22,"{""gw-3"": {""1"": ""blocked"", ""2"": ""blocked""}}"
2025-03-31 07:44:27,"{""gw-3"": {""1"": ""blocked"", ""2"": ""blocked""}, ""gw-1"": {""1"": ""blocked"", ""2"": ""blocked""}, ""gw-2"": {""1"": ""conflict"", ""2"": ""conflict""}}"
2025-03-31 07:44:28,"{""gw-1"": {""1"": ""blocked"", ""2"": ""blocked""}}"
2025-03-31 07:44:29,"{""gw-3"": {""1"": ""blocked"", ""2"": ""blocked""}}"
2025-03-31 07:44:31,"{""gw-1"": {""1"": ""blocked"", ""2"": ""blocked""}}"
2025-03-31 07:44:37,"{""gw-2"": {""1"": ""blocked"", ""2"": ""blocked""}, ""gw-3"": {""1"": ""conflict"", ""2"": ""blocked""}}"
2025-03-31 07:44:38,"{""gw-2"": {""1"": ""blocked"", ""2"": ""blocked""}}"
2025-03-31 07:44:43,"{""gw-1"": {""1"": ""blocked"", ""2"": ""blocked""}}"
2025-03-31 07:44:43,"{""gw-1"": {""1"": ""blocked"", ""2"": ""blocked""}}"
2025-03-31 07:44:44,"{""gw-1"": {""1"": ""blocked"", ""2"": ""blocked""}}"
2025-03-31 07:44:52,"{""gw-2"": {""1"": ""blocked"", ""2"": ""blocked""}}"
2025-03-31 07:45:07,"{""gw-3"": {""1"": ""conflict"", ""2"": ""blocked""}}"
2025-03-31 07:45:08,"{""gw-1"": {""1"": ""blocked"", ""2"": ""blocked""}, ""gw-2"": {""1"": ""blocked"", ""2"": ""blocked""}}"
2025-03-31 07:45:08,"{""gw-1"": {""1"": ""blocked"", ""2"": ""blocked""}, ""gw-2"": {""1"": ""blocked"", ""2"": ""blocked""}}"
2025-03-31 07:45:18,"{""gw-1"": {""1"": ""blocked"", ""2"": ""blocked""}}"
2025-03-31 07:45:18,"{""gw-1"": {""1"": ""blocked"", ""2"": ""blocked""}, ""gw-2"": {""1"": ""blocked"", ""2"": ""blocked""}}"
2025-03-31 07:45:19,"{""gw-2"": {""1"": ""blocked"", ""2"": ""blocked""}, ""gw-3"": {""1"": ""blocked"", ""2"": ""blocked""}}"
2025-03-31 07:45:31,"{""gw-3"": {""1"": ""blocked"", ""2"": ""blocked""}}"
2025-03-31 07:45:42,"{""gw-2"": {""1"": ""blocked"", ""2"": ""blocked""}}"
2025-03-31 07:45:42,"{""gw-2"": {""1"": ""blocked"", ""2"": ""blocked""}}"
2025-03-31 07:45:45,"{""gw-2"": {""1"": ""blocked"", ""2"": ""blocked""}, ""gw-3"": {""1"": ""blocked"", ""2"": ""blocked""}}"
2025-03-31 07:45:47,"{""gw-1"": {""1"": ""blocked"", ""2"": ""blocked""}}"
2025-03-31 07:45:49,"{""gw-3"": {""1"": ""blocked"", ""2"": ""blocked""}}"
2025-03-31 07:45:57,"{""gw-2"": {""1"": ""blocked"", ""2"": ""blocked""}}"
2025-03-31 07:46:02,"{""gw-2"": {""1"": ""blocked"", ""2"": ""blocked""}}"
2025-03-31 07:46:08,"{""gw-1"": {""1"": ""blocked"", ""2"": ""conflict""}}"
2025-03-31 07:46:10,"{""gw-2"": {""1"": ""blocked"", ""2"": ""blocked""}}"
2025-03-31 07:46:10,"{""gw-3"": {""1"": ""blocked"", ""2"": ""blocked""}}"
2025-03-31 07:46:12,"{""gw-1"": {""1"": ""blocked"", ""2"": ""blocked""}, ""gw-3"": {""1"": ""blocked"", ""2"": ""blocked""}}"
2025-03-31 07:46:27,"{""gw-2"": {""1"": ""blocked"", ""2"": ""blocked""}}"
2025-03-31 07:46:28,"{""gw-3"": {""1"": ""blocked"", ""2"": ""blocked""}, ""gw-1"": {""1"": ""blocked"", ""2"": ""blocked""}}"
2025-03-31 07:46:28,"{""gw-1"": {""1"": ""blocked"", ""2"": ""blocked""}}"
2025-03-31 07:46:30,"{""gw-2"": {""1"": ""blocked"", ""2"": ""blocked""}, ""gw-1"": {""1"": ""blocked"", ""2"": ""blocked""}}"
2025-03-31 07:46:34,"{""gw-1"": {""1"": ""blocked"", ""2"": ""blocked""}}"
2025-03-31 07:46:35,"{""gw-1"": {""1"": ""blocked"", ""2"": ""blocked""}, ""gw-3"": {""1"": ""conflict"", ""2"": ""blocked""}}"
2025-03-31 07:46:40,"{""gw-3"": {""1"": ""blocked"", ""2"": ""blocked""}}"
2025-03-31 07:46:41,"{""gw-1"": {""1"": ""blocked"", ""2"": ""blocked""}, ""gw-3"": {""1"": ""blocked"", ""2"": ""blocked""}}"
2025-03-31 07:46:42,"{""gw-3"": {""1"": ""blocked"", ""2"": ""blocked""}}"
2025-03-31 07:46:45,"{""gw-1"": {""1"": ""blocked"", ""2"": ""blocked""}}"
2025-03-31 07:46:55,"{""gw-2"": {""1"": ""conflict"", ""2"": ""conflict""}}"
2025-03-31 07:46:56,"{""gw-1"": {""1"": ""blocked"", ""2"": ""blocked""}}"
2025-03-31 07:46:59,"{""gw-1"": {""1"": ""blocked"", ""2"": ""blocked""}, ""gw-2"": {""1"": ""blocked"", ""2"": ""blocked""}}"
2025-03-31 07:47:02,"{""gw-2"": {""1"": ""blocked"", ""2"": ""blocked""}, ""gw-3"": {""1"": ""blocked"", ""2"": ""blocked""}}"
2025-03-31 07:47:13,"{""gw-1"": {""1"": ""conflict"", ""2"": ""blocked""}, ""gw-2"": {""1"": ""blocked"", ""2"": ""conflict""}}"
2025-03-31 07:47:17,"{""gw-2"": {""1"": ""blocked"", ""2"": ""blocked""}}"
2025-03-31 07:47:20,"{""gw-2"": {""1"": ""blocked"", ""2"": ""blocked""}}"
2025-03-31 07:47:32,"{""gw-2"": {""1"": ""blocked"", ""2"": ""blocked""}}"
2025-03-31 07:47:32,"{""gw-2"": {""1"": ""blocked"", ""2"": ""blocked""}}"
2025-03-31 07:47:33,"{""gw-2"": {""1"": ""blocked"", ""2"": ""blocked""}}"
2025-03-31 07:47:36,"{""gw-1"": {""1"": ""blocked"", ""2"": ""blocked""}}"
2025-03-31 07:47:40,"{""gw-2"": {""1"": ""conflict"", ""2"": ""conflict""}}"
2025-03-31 07:47:41,"{""gw-2"": {""1"": ""conflict"", ""2"": ""blocked""}}"
2025-03-31 07:47:45,"{""gw-3"": {""1"": ""blocked"", ""2"": ""blocked""}}"
2025-03-31 07:47:47,"{""gw-1"": {""1"": ""blocked"", ""2"": ""blocked""}}"
2025-03-31 07:47:48,"{""gw-1"": {""1"": ""blocked"", ""2"": ""blocked""}}"
2025-03-31 07:47:48,"{""gw-1"": {""1"": ""blocked"", ""2"": ""blocked""}}"
2025-03-31 07:47:52,"{""gw-3"": {""1"": ""conflict"", ""2"": ""blocked""}, ""gw-2"": {""1"": ""conflict"", ""2"": ""blocked""}}"
2025-03-31 07:47:57,"{""gw-3"": {""1"": ""blocked"", ""2"": ""blocked""}}"
2025-03-31 07:48:31,"{""gw-2"": {""1"": ""blocked"", ""2"": ""blocked""}, ""gw-3"": {""1"": ""blocked"", ""2"": ""blocked""}}"
2025-03-31 07:48:34,"{""gw-1"": {""1"": ""blocked"", ""2"": ""conflict""}, ""gw-3"": {""1"": ""blocked"", ""2"": ""blocked""}}"
2025-03-31 07:48:34,"{""gw-3"": {""1"": ""blocked"", ""2"": ""blocked""}, ""gw-1"": {""1"": ""blocked"", ""2"": ""conflict""}, ""gw-2"": {""1"": ""blocked"", ""2"": ""blocked""}}"
2025-03-31 07:48:35,"{""gw-1"": {""1"": ""blocked"", ""2"": ""conflict""}}"
2025-03-31 07:48:46,"{""gw-2"": {""1"": ""blocked"", ""2"": ""blocked""}}"
2025-03-31 07:48:55,"{""gw-1"": {""1"": ""blocked"", ""2"": ""blocked""}}"
2025-03-31 07:49:04,"{""gw-2"": {""1"": ""blocked"", ""2"": ""conflict""}}"
2025-03-31 07:49:04,"{""gw-3"": {""1"": ""blocked"", ""2"": ""blocked""}, ""gw-1"": {""1"": ""conflict"", ""2"": ""blocked""}}"
2025-03-31 07:49:07,"{""gw-1"": {""1"": ""blocked"", ""2"": ""blocked""}}"
2025-03-31 07:49:09,"{""gw-3"": {""1"": ""blocked"", ""2"": ""blocked""}}"
2025-03-31 07:49:09,"{""gw-1"": {""1"": ""blocked"", ""2"": ""blocked""}}"
2025-03-31 07:49:11,"{""gw-2"": {""1"": ""blocked"", ""2"": ""blocked""}, ""gw-3"": {""1"": ""blocked"", ""2"": ""blocked""}}"
2025-03-31 07:49:20,"{""gw-1"": {""1"": ""blocked"", ""2"": ""blocked""}, ""gw-3"": {""1"": ""blocked"", ""2"": ""blocked""}}"
2025-03-31 07:49:24,"{""gw-1"": {""1"": ""blocked"", ""2"": ""blocked""}, ""gw-2"": {""1"": ""blocked"", ""2"": ""blocked""}, ""gw-3"": {""1"": ""blocked"", ""2"": ""blocked""}}"
2025-03-31 07:49:26,"{""gw-1"": {""1"": ""blocked"", ""2"": ""blocked""}}"
2025-03-31 07:49:26,"{""gw-2"": {""1"": ""blocked"", ""2"": ""blocked""}, ""gw-1"": {""1"": ""blocked"", ""2"": ""blocked""}}"
2025-03-31 07:49:29,"{""gw-3"": {""1"": ""blocked"", ""2"": ""conflict""}}"
2025-03-31 07:49:46,"{""gw-3"": {""1"": ""blocked"", ""2"": ""conflict""}}"
2025-03-31 07:49:46,"{""gw-1"": {""1"": ""blocked"", ""2"": ""conflict""}}"
2025-03-31 07:49:48,"{""gw-2"": {""1"": ""blocked"", ""2"": ""blocked""}}"
2025-03-31 07:49:55,"{""gw-1"": {""1"": ""blocked"", ""2"": ""blocked""}}"
2025-03-31 07:50:00,"{""gw-2"": {""1"": ""blocked"", ""2"": ""blocked""}}"
2025-03-31 07:50:10,"{""gw-1"": {""1"": ""blocked"", ""2"": ""blocked""}}"
2025-03-31 07:50:13,"{""gw-2"": {""1"": ""blocked"", ""2"": ""blocked""}, ""gw-1"": {""1"": ""blocked"", ""2"": ""blocked""}}"
2025-03-31 07:50:18,"{""gw-1"": {""1"": ""conflict"", ""2"": ""blocked""}}"
2025-03-31 07:50:22,"{""gw-3"": {""1"": ""blocked"", ""2"": ""blocked""}, ""gw-1"": {""1"": ""blocked"", ""2"": ""blocked""}}"
2025-03-31 07:50:27,"{""gw-1"": {""1"": ""blocked"", ""2"": ""blocked""}, ""gw-3"": {""1"": ""conflict"", ""2"": ""blocked""}}"
2025-03-31 07:50:33,"{""gw-3"": {""1"": ""blocked"", ""2"": ""blocked""}, ""gw-2"": {""1"": ""blocked"", ""2"": ""blocked""}}"
2025-03-31 07:50:34,"{""gw-1"": {""1"": ""conflict"", ""2"": ""conflict""}, ""gw-3"": {""1"": ""blocked"", ""2"": ""blocked""}, ""gw-2"": {""1"": ""blocked"", ""2"": ""blocked""}}"
2025-03-31 07:50:35,"{""gw-2"": {""1"": ""blocked"", ""2"": ""blocked""}}"
2025-03-31 07:50:36,"{""gw-2"": {""1"": ""blocked"", ""2"": ""blocked""}}"
2025-03-31 07:50:40,"{""gw-1"": {""1"": ""blocked"", ""2"": ""blocked""}}"
2025-03-31 07:50:54,"{""gw-3"": {""1"": ""conflict"", ""2"": ""blocked""}, ""gw-1"": {""1"": ""blocked"", ""2"": ""blocked""}}"
2025-03-31 07:50:54,"{""gw-1"": {""1"": ""blocked"", ""2"": ""blocked""}}"
2025-03-31 07:50:58,"{""gw-3"": {""1"": ""blocked"", ""2"": ""blocked""}}"
2025-03-31 07:51:30,"{""gw-3"": {""1"": ""blocked"", ""2"": ""blocked""}}"
2025-03-31 07:51:35,"{""gw-2"": {""1"": ""blocked"", ""2"": ""blocked""}}"
2025-03-31 07:51:49,"{""gw-3"": {""1"": ""blocked"", ""2"": ""blocked""}}"
2025-03-31 07:51:54,"{""gw-3"": {""1"": ""blocked"", ""2"": ""blocked""}}"
2025-03-31 07:51:57,"{""gw-2"": {""1"": ""blocked"", ""2"": ""blocked""}}"
2025-03-31 07:51:57,"{""gw-2"": {""1"": ""blocked"", ""2"": ""blocked""}}"
2025-03-31 07:51:59,"{""gw-3"": {""1"": ""conflict"", ""2"": ""blocked""}}"
2025-03-31 07:52:00,"{""gw-1"": {""1"": ""blocked"", ""2"": ""blocked""}}"
2025-03-31 07:52:00,"{""gw-2"": {""1"": ""blocked"", ""2"": ""blocked""}}"
2025-03-31 07:52:01,"{""gw-1"": {""1"": ""blocked"", ""2"": ""blocked""}}"
2025-03-31 07:52:02,"{""gw-2"": {""1"": ""blocked"", ""2"": ""blocked""}, ""gw-1"": {""1"": ""blocked"", ""2"": ""blocked""}}"
2025-03-31 07:52:03,"{""gw-1"": {""1"": ""blocked"", ""2"": ""blocked""}}"
2025-03-31 07:52:05,"{""gw-1"": {""1"": ""blocked"", ""2"": ""blocked""}}"
2025-03-31 07:52:18,"{""gw-2"": {""1"": ""blocked"", ""2"": ""blocked""}}"
2025-03-31 07:52:20,"{""gw-1"": {""1"": ""conflict"", ""2"": ""conflict""}, ""gw-2"": {""1"": ""blocked"", ""2"": ""blocked""}, ""gw-3"": {""1"": ""blocked"", ""2"": ""blocked""}}"
2025-03-31 07:52:21,"{""gw-1"": {""1"": ""conflict"", ""2"": ""blocked""}}"
2025-03-31 07:52:38,"{""gw-1"": {""1"": ""blocked"", ""2"": ""blocked""}}"
2025-03-31 07:52:39,"{""gw-1"": {""1"": ""blocked"", ""2"": ""blocked""}}"
2025-03-31 07:52:41,"{""gw-1"": {""1"": ""blocked"", ""2"": ""blocked""}}"
2025-03-31 07:52:43,"{""gw-1"": {""1"": ""blocked"", ""2"": ""blocked""}, ""gw-3"": {""1"": ""blocked"", ""2"": ""blocked""}}"
2025-03-31 07:52:46,"{""gw-3"": {""1"": ""blocked"", ""2"": ""blocked""}, ""gw-1"": {""1"": ""blocked"", ""2"": ""conflict""}}"
2025-03-31 07:52:49,"{""gw-3"": {""1"": ""blocked"", ""2"": ""blocked""}}"
2025-03-31 07:52:52,"{""gw-1"": {""1"": ""blocked"", ""2"": ""blocked""}}"
2025-03-31 07:52:53,"{""gw-1"": {""1"": ""blocked"", ""2"": ""blocked""}}"
2025-03-31 07:53:04,"{""gw-1"": {""1"": ""blocked"", ""2"": ""blocked""}, ""gw-2"": {""1"": ""blocked"", ""2"": ""conflict""}}"
2025-03-31 07:53:06,"{""gw-3"": {""1"": ""blocked"", ""2"": ""blocked""}}"
2025-03-31 07:53:07,"{""gw-3"": {""1"": ""blocked"", ""2"": ""blocked""}, ""gw-2"": {""1"": ""blocked"", ""2"": ""blocked""}}"
2025-03-31 07:53:09,"{""gw-3"": {""1"": ""blocked"", ""2"": ""blocked""}, ""gw-1"": {""1"": ""blocked"", ""2"": ""blocked""}}"
2025-03-31 07:53:14,"{""gw-2"": {""1"": ""blocked"", ""2"": ""blocked""}}"
2025-03-31 07:53:16,"{""gw-3"": {""1"": ""blocked"", ""2"": ""blocked""}}"
2025-03-31 07:53:21,"{""gw-1"": {""1"": ""blocked"", ""2"": ""blocked""}}"
2025-03-31 07:53:27,"{""gw-1"": {""1"": ""blocked"", ""2"": ""blocked""}}"
2025-03-31 07:53:28,"{""gw-2"": {""1"": ""blocked"", ""2"": ""blocked""}, ""gw-1"": {""1"": ""blocked"", ""2"": ""blocked""}}"
2025-03-31 07:53:28,"{""gw-2"": {""1"": ""blocked"", ""2"": ""blocked""}}"
2025-03-31 07:53:32,"{""gw-2"": {""1"": ""blocked"", ""2"": ""blocked""}}"
2025-03-31 07:53:52,"{""gw-1"": {""1"": ""conflict"", ""2"": ""blocked""}}"
2025-03-31 07:54:03,"{""gw-2"": {""1"": ""blocked"", ""2"": ""conflict""}}"
2025-03-31 07:54:06,"{""gw-1"": {""1"": ""conflict"", ""2"": ""blocked""}}"
2025-03-31 07:54:13,"{""gw-1"": {""1"": ""blocked"", ""2"": ""blocked""}, ""gw-2"": {""1"": ""blocked"", ""2"": ""blocked""}}"
2025-03-31 07:54:14,"{""gw-1"": {""1"": ""blocked"", ""2"": ""blocked""}}"
2025-03-31 07:54:17,"{""gw-1"": {""1"": ""blocked"", ""2"": ""conflict""}, ""gw-3"": {""1"": ""blocked"", ""2"": ""blocked""}}"
2025-03-31 07:54:17,"{""gw-3"": {""1"": ""blocked"", ""2"": ""blocked""}}"
2025-03-31 07:54:21,"{""gw-1"": {""1"": ""blocked"", ""2"": ""blocked""}, ""gw-3"": {""1"": ""conflict"", ""2"": ""conflict""}, ""gw-2"": {""1"": ""blocked"", ""2"": ""blocked""}}"
2025-03-31 07:54:21,"{""gw-1"": {""1"": ""blocked"", ""2"": ""blocked""}, ""gw-2"": {""1"": ""blocked"", ""2"": ""blocked""}}"
2025-03-31 07:54:28,"{""gw-3"": {""1"": ""blocked"", ""2"": ""blocked""}}"
2025-03-31 07:54:36,"{""gw-1"": {""1"": ""blocked"", ""2"": ""blocked""}}"
2025-03-31 07:54:37,"{""gw-1"": {""1"": ""blocked"", ""2"": ""blocked""}}"
2025-03-31 07:54:50,"{""gw-2"": {""1"": ""blocked"", ""2"": ""blocked""}}"
2025-03-31 07:55:01,"{""gw-3"": {""1"": ""blocked"", ""2"": ""conflict""}}"
2025-03-31 07:55:02,"{""gw-3"": {""1"": ""conflict"", ""2"": ""blocked""}}"
2025-03-31 07:55:06,"{""gw-3"": {""1"": ""blocked"", ""2"": ""blocked""}}"
2025-03-31 07:55:10,"{""gw-2"": {""1"": ""blocked"", ""2"": ""conflict""}}"
2025-03-31 07:55:11,"{""gw-3"": {""1"": ""blocked"", ""2"": ""blocked""}}"
2025-03-31 07:55:12,"{""gw-3"": {""1"": ""blocked"", ""2"": ""blocked""}}"
2025-03-31 07:55:14,"{""gw-1"": {""1"": ""conflict"", ""2"": ""blocked""}}"
2025-03-31 07:55:18,"{""gw-3"": {""1"": ""blocked"", ""2"": ""blocked""}}"
2025-03-31 07:55:19,"{""gw-2"": {""1"": ""blocked"", ""2"": ""blocked""}, ""gw-1"": {""1"": ""blocked"", ""2"": ""blocked""}}"
2025-03-31 07:55:46,"{""gw-1"": {""1"": ""blocked"", ""2"": ""blocked""}}"
2025-03-31 07:55:46,"{""gw-1"": {""1"": ""blocked"", ""2"": ""blocked""}}"
2025-03-31 07:55:52,"{""gw-2"": {""1"": ""blocked"", ""2"": ""blocked""}}"
2025-03-31 07:55:52,"{""gw-3"": {""1"": ""blocked"", ""2"": ""blocked""}}"
2025-03-31 07:56:13,"{""gw-2"": {""1"": ""blocked"", ""2"": ""blocked""}}"
2025-03-31 07:56:17,"{""gw-1"": {""1"": ""blocked"", ""2"": ""blocked""}}"
2025-03-31 07:56:26,"{""gw-2"": {""1"": ""conflict"", ""2"": ""blocked""}, ""gw-3"": {""1"": ""blocked"", ""2"": ""blocked""}}"
2025-03-31 07:56:26,"{""gw-2"": {""1"": ""conflict"", ""2"": ""blocked""}, ""gw-1"": {""1"": ""blocked"", ""2"": ""blocked""}, ""gw-3"": {""1"": ""blocked"", ""2"": ""blocked""}}"
2025-03-31 07:56:26,"{""gw-2"": {""1"": ""conflict"", ""2"": ""blocked""}, ""gw-1"": {""1"": ""blocked"", ""2"": ""blocked""}, ""gw-3"": {""1"": ""blocked"", ""2"": ""blocked""}}"
2025-03-31 07:56:30,"{""gw-1"": {""1"": ""blocked"", ""2"": ""blocked""}, ""gw-3"": {""1"": ""blocked"", ""2"": ""blocked""}}"
2025-03-31 07:56:31,"{""gw-3"": {""1"": ""blocked"", ""2"": ""blocked""}}"
2025-03-31 07:56:32,"{""gw-2"": {""1"": ""blocked"", ""2"": ""blocked""}}"
2025-03-31 07:56:51,"{""gw-3"": {""1"": ""conflict"", ""2"": ""conflict""}, ""gw-1"": {""1"": ""blocked"", ""2"": ""blocked""}}"
2025-03-31 07:56:55,"{""gw-1"": {""1"": ""conflict"", ""2"": ""blocked""}}"
2025-03-31 07:57:01,"{""gw-1"": {""1"": ""blocked"", ""2"": ""blocked""}, ""gw-3"": {""1"": ""blocked"", ""2"": ""blocked""}}"
2025-03-31 07:57:07,"{""gw-2"": {""1"": ""blocked"", ""2"": ""blocked""}}"
2025-03-31 07:57:20,"{""gw-1"": {""1"": ""blocked"", ""2"": ""blocked""}}"
2025-03-31 07:57:28,"{""gw-2"": {""1"": ""blocked"", ""2"": ""blocked""}}"
2025-03-31 07:57:36,"{""gw-2"": {""1"": ""conflict"", ""2"": ""blocked""}}"
2025-03-31 07:57:40,"{""gw-1"": {""1"": ""blocked"", ""2"": ""blocked""}}"
2025-03-31 07:57:56,"{""gw-2"": {""1"": ""blocked"", ""2"": ""blocked""}, ""gw-3"": {""1"": ""blocked"", ""2"": ""blocked""}, ""gw-1"": {""1"": ""blocked"", ""2"": ""conflict""}}"
2025-03-31 07:58:02,"{""gw-1"": {""1"": ""blocked"", ""2"": ""blocked""}}"
2025-03-31 07:58:02,"{""gw-3"": {""1"": ""blocked"", ""2"": ""blocked""}}"
2025-03-31 07:58:04,"{""gw-1"": {""1"": ""blocked"", ""2"": ""blocked""}}"
2025-03-31 07:58:05,"{""gw-3"": {""1"": ""blocked"", ""2"": ""blocked""}, ""gw-1"": {""1"": ""blocked"", ""2"": ""blocked""}}"
2025-03-31 07:58:06,"{""gw-1"": {""1"": ""blocked"", ""2"": ""blocked""}, ""gw-3"": {""1"": ""blocked"", ""2"": ""blocked""}}"
2025-03-31 07:58:14,"{""gw-3"": {""1"": ""conflict"", ""2"": ""blocked""}}"
2025-03-31 07:58:16,"{""gw-3"": {""1"": ""blocked"", ""2"": ""blocked""}}"
2025-03-31 07:58:17,"{""gw-1"": {""1"": ""blocked"", ""2"": ""blocked""}}"
2025-03-31 07:58:28,"{""gw-1"": {""1"": ""conflict"", ""2"": ""conflict""}, ""gw-2"": {""1"": ""blocked"", ""2"": ""blocked""}}"
2025-03-31 07:58:29,"{""gw-1"": {""1"": ""conflict"", ""2"": ""blocked""}}"
2025-03-31 07:58:32,"{""gw-1"": {""1"": ""blocked"", ""2"": ""blocked""}}"
2025-03-31 07:58:44,"{""gw-1"": {""1"": ""blocked"", ""2"": ""blocked""}, ""gw-3"": {""1"": ""blocked"", ""2"": ""conflict""}}"
2025-03-31 07:58:47,"{""gw-1"": {""1"": ""blocked"", ""2"": ""blocked""}}"
2025-03-31 07:58:52,"{""gw-3"": {""1"": ""blocked"", ""2"": ""blocked""}, ""gw-2"": {""1"": ""conflict"", ""2"": ""blocked""}}"
2025-03-31 07:58:57,"{""gw-1"": {""1"": ""blocked"", ""2"": ""conflict""}}"
2025-03-31 07:59:00,"{""gw-2"": {""1"": ""blocked"", ""2"": ""blocked""}, ""gw-3"": {""1"": ""blocked"", ""2"": ""conflict""}}"
2025-03-31 07:59:01,"{""gw-2"": {""1"": ""blocked"", ""2"": ""blocked""}}"
2025-03-31 07:59:07,"{""gw-3"": {""1"": ""blocked"", ""2"": ""blocked""}}"
2025-03-31 07:59:10,"{""gw-3"": {""1"": ""blocked"", ""2"": ""blocked""}}"
2025-03-31 07:59:15,"{""gw-1"": {""1"": ""conflict"", ""2"": ""blocked""}}"
2025-03-31 07:59:25,"{""gw-2"": {""1"": ""blocked"", ""2"": ""conflict""}}"
2025-03-31 07:59:29,"{""gw-2"": {""1"": ""blocked"", ""2"": ""blocked""}}"
2025-03-31 07:59:32,"{""gw-1"": {""1"": ""blocked"", ""2"": ""blocked""}}"
2025-03-31 07:59:33,"{""gw-2"": {""1"": ""blocked"", ""2"": ""blocked""}, ""gw-1"": {""1"": ""blocked"", ""2"": ""blocked""}}"
2025-03-31 07:59:34,"{""gw-2"": {""1"": ""blocked"", ""2"": ""blocked""}}"
2025-03-31 07:59:35,"{""gw-1"": {""1"": ""blocked"", ""2"": ""blocked""}, ""gw-3"": {""1"": ""conflict"", ""2"": ""conflict""}}"
2025-03-31 07:59:36,"{""gw-3"": {""1"": ""conflict"", ""2"": ""blocked""}}"
2025-03-31 07:59:37,"{""gw-1"": {""1"": ""blocked"", ""2"": ""blocked""}}"
2025-03-31 07:59:42,"{""gw-1"": {""1"": ""conflict"", ""2"": ""blocked""}, ""gw-3"": {""1"": ""blocked"", ""2"": ""blocked""}}"
2025-03-31 07:59:56,"{""gw-2"": {""1"": ""blocked"", ""2"": ""conflict""}}"
2025-03-31 07:59:58,"{""gw-1"": {""1"": ""blocked"", ""2"": ""blocked""}}"
2025-03-31 08:00:06,"{""gw-2"": {""1"": ""blocked"", ""2"": ""blocked""}}"
2025-03-31 08:00:08,"{""gw-1"": {""1"": ""conflict"", ""2"": ""conflict""}, ""gw-3"": {""1"": ""blocked"", ""2"": ""blocked""}}"
2025-03-31 08:00:10,"{""gw-3"": {""1"": ""blocked"", ""2"": ""blocked""}}"
2025-03-31 08:00:11,"{""gw-3"": {""1"": ""blocked"", ""2"": ""blocked""}}"
2025-03-31 08:00:19,"{""gw-2"": {""1"": ""blocked"", ""2"": ""blocked""}}"
2025-03-31 08:00:19,"{""gw-3"": {""1"": ""blocked"", ""2"": ""blocked""}}"
2025-03-31 08:00:20,"{""gw-3"": {""1"": ""blocked"", ""2"": ""blocked""}, ""gw-2"": {""1"": ""blocked"", ""2"": ""conflict""}}"
2025-03-31 08:00:24,"{""gw-2"": {""1"": ""blocked"", ""2"": ""blocked""}, ""gw-3"": {""1"": ""blocked"", ""2"": ""blocked""}}"
2025-03-31 08:00:25,"{""gw-1"": {""1"": ""blocked"", ""2"": ""blocked""}}"
2025-03-31 08:00:39,"{""gw-3"": {""1"": ""blocked"", ""2"": ""blocked""}}"
2025-03-31 08:00:44,"{""gw-1"": {""1"": ""blocked"", ""2"": ""blocked""}, ""gw-2"": {""1"": ""blocked"", ""2"": ""blocked""}}"
2025-03-31 08:00:48,"{""gw-3"": {""1"": ""blocked"", ""2"": ""blocked""}, ""gw-1"": {""1"": ""blocked"", ""2"": ""blocked""}}"
2025-03-31 08:00:49,"{""gw-2"": {""1"": ""conflict"", ""2"": ""conflict""}}"
2025-03-31 08:01:00,"{""gw-2"": {""1"": ""blocked"", ""2"": ""blocked""}}"
2025-03-31 08:01:00,"{""gw-2"": {""1"": ""blocked"", ""2"": ""blocked""}}"
2025-03-31 08:01:03,"{""gw-1"": {""1"": ""blocked"", ""2"": ""blocked""}}"
2025-03-31 08:01:03,"{""gw-2"": {""1"": ""conflict"", ""2"": ""conflict""}}"
2025-03-31 08:01:03,"{""gw-1"": {""1"": ""blocked"", ""2"": ""blocked""}}"
2025-03-31 08:01:04,"{""gw-1"": {""1"": ""blocked"", ""2"": ""blocked""}}"
2025-03-31 08:01:07,"{""gw-1"": {""1"": ""blocked"", ""2"": ""blocked""}}"
2025-03-31 08:01:09,"{""gw-3"": {""1"": ""blocked"", ""2"": ""blocked""}, ""gw-2"": {""1"": ""blocked"", ""2"": ""blocked""}, ""gw-1"": {""1"": ""blocked"", ""2"": ""blocked""}}"
2025-03-31 08:01:18,"{""gw-1"": {""1"": ""conflict"", ""2"": ""blocked""}, ""gw-2"": {""1"": ""blocked"", ""2"": ""blocked""}}"
2025-03-31 08:01:22,"{""gw-1"": {""1"": ""blocked"", ""2"": ""blocked""}, ""gw-2"": {""1"": ""blocked"", ""2"": ""blocked""}}"
2025-03-31 08:01:22,"{""gw-2"": {""1"": ""blocked"", ""2"": ""blocked""}}"
2025-03-31 08:01:28,"{""gw-2"": {""1"": ""conflict"", ""2"": ""conflict""}}"
2025-03-31 08:01:31,"{""gw-3"": {""1"": ""blocked"", ""2"": ""blocked""}, ""gw-1"": {""1"": ""conflict"", ""2"": ""blocked""}}"
2025-03-31 08:01:37,"{""gw-1"": {""1"": ""blocked"", ""2"": ""blocked""}}"
2025-03-31 08:01:38,"{""gw-3"": {""1"": ""blocked"", ""2"": ""blocked""}}"
2025-03-31 08:01:42,"{""gw-3"": {""1"": ""blocked"", ""2"": ""blocked""}, ""gw-2"": {""1"": ""blocked"", ""2"": ""conflict""}}"
2025-03-31 08:01:43,"{""gw-3"": {""1"": ""blocked"", ""2"": ""blocked""}}"
2025-03-31 08:01:43,"{""gw-3"": {""1"": ""blocked"", ""2"": ""blocked""}}"
2025-03-31 08:01:46,"{""gw-1"": {""1"": ""blocked"", ""2"": ""conflict""}, ""gw-2"": {""1"": ""blocked"", ""2"": ""blocked""}}"
2025-03-31 08:01:46,"{""gw-3"": {""1"": ""conflict"", ""2"": ""conflict""}, ""gw-2"": {""1"": ""blocked"", ""2"": ""blocked""}}"
2025-03-31 08:01:47,"{""gw-2"": {""1"": ""blocked"", ""2"": ""blocked""}}"
2025-03-31 08:01:55,"{""gw-1"": {""1"": ""blocked"", ""2"": ""blocked""}, ""gw-3"": {""1"": ""blocked"", ""2"": ""blocked""}}"
2025-03-31 08:01:56,"{""gw-2"": {""1"": ""blocked"", ""2"": ""conflict""}}"
2025-03-31 08:01:59,"{""gw-1"": {""1"": ""conflict"", ""2"": ""blocked""}, ""gw-2"": {""1"": ""blocked"", ""2"": ""blocked""}}"
2025-03-31 08:01:59,"{""gw-2"": {""1"": ""blocked"", ""2"": ""blocked""}}"
2025-03-31 08:02:00,"{""gw-2"": {""1"": ""blocked"", ""2"": ""blocked""}}"
2025-03-31 08:02:04,"{""gw-3"": {""1"": ""conflict"", ""2"": ""blocked""}}"
2025-03-31 08:02:13,"{""gw-3"": {""1"": ""blocked"", ""2"": ""blocked""}}"
2025-03-31 08:02:19,"{""gw-2"": {""1"": ""blocked"", ""2"": ""blocked""}}"
2025-03-31 08:02:23,"{""gw-1"": {""1"": ""blocked"", ""2"": ""blocked""}}"
2025-03-31 08:02:26,"{""gw-1"": {""1"": ""blocked"", ""2"": ""blocked""}}"
2025-03-31 08:02:28,"{""gw-3"": {""1"": ""blocked"", ""2"": ""blocked""}}"
2025-03-31 08:02:34,"{""gw-3"": {""1"": ""conflict"", ""2"": ""conflict""}}"
2025-03-31 08:02:53,"{""gw-1"": {""1"": ""blocked"", ""2"": ""blocked""}}"
2025-03-31 08:03:06,"{""gw-1"": {""1"": ""blocked"", ""2"": ""blocked""}, ""gw-2"": {""1"": ""conflict"", ""2"": ""blocked""}}"
2025-03-31 08:03:08,"{""gw-1"": {""1"": ""blocked"", ""2"": ""blocked""}}"
2025-03-31 08:03:23,"{""gw-1"": {""1"": ""blocked"", ""2"": ""blocked""}}"
2025-03-31 08:03:25,"{""gw-2"": {""1"": ""blocked"", ""2"": ""blocked""}}"
2025-03-31 08:03:25,"{""gw-2"": {""1"": ""blocked"", ""2"": ""blocked""}, ""gw-1"": {""1"": ""blocked"", ""2"": ""blocked""}}"
2025-03-31 08:03:34,"{""gw-1"": {""1"": ""conflict"", ""2"": ""blocked""}}"
2025-03-31 08:03:41,"{""gw-2"": {""1"": ""blocked"", ""2"": ""blocked""}}"
2025-03-31 08:03:43,"{""gw-2"": {""1"": ""blocked"", ""2"": ""blocked""}}"
2025-03-31 08:03:44,"{""gw-1"": {""1"": ""blocked"", ""2"": ""blocked""}}"
2025-03-31 08:03:46,"{""gw-2"": {""1"": ""blocked"", ""2"": ""blocked""}}"
2025-03-31 08:03:53,"{""gw-2"": {""1"": ""conflict"", ""2"": ""blocked""}}"
2025-03-31 08:04:01,"{""gw-3"": {""1"": ""conflict"", ""2"": ""conflict""}, ""gw-2"": {""1"": ""blocked"", ""2"": ""blocked""}}"
2025-03-31 08:04:02,"{""gw-2"": {""1"": ""blocked"", ""2"": ""blocked""}}"
2025-03-31 08:04:03,"{""gw-1"": {""1"": ""blocked"", ""2"": ""conflict""}}"
2025-03-31 08:04:06,"{""gw-1"": {""1"": ""blocked"", ""2"": ""blocked""}}"
2025-03-31 08:04:07,"{""gw-3"": {""1"": ""blocked"", ""2"": ""blocked""}}"
2025-03-31 08:04:08,"{""gw-2"": {""1"": ""conflict"", ""2"": ""blocked""}}"
2025-03-31 08:04:08,"{""gw-1"": {""1"": ""blocked"", ""2"": ""blocked""}, ""gw-2"": {""1"": ""conflict"", ""2"": ""blocked""}}"
2025-03-31 08:04:09,"{""gw-1"": {""1"": ""blocked"", ""2"": ""blocked""}, ""gw-3"": {""1"": ""blocked"", ""2"": ""blocked""}}"
2025-03-31 08:04:11,"{""gw-1"": {""1"": ""blocked"", ""2"": ""blocked""}, ""gw-3"": {""1"": ""blocked"", ""2"": ""blocked""}}"
2025-03-31 08:04:13,"{""gw-2"": {""1"": ""blocked"", ""2"": ""blocked""}, ""gw-1"": {""1"": ""blocked"", ""2"": ""blocked""}}"
2025-03-31 08:04:20,"{""gw-1"": {""1"": ""conflict"", ""2"": ""blocked""}}"
2025-03-31 08:04:27,"{""gw-2"": {""1"": ""blocked"", ""2"": ""blocked""}, ""gw-3"": {""1"": ""blocked"", ""2"": ""blocked""}, ""gw-1"": {""1"": ""blocked"", ""2"": ""blocked""}}"
2025-03-31 08:04:28,"{""gw-1"": {""1"": ""blocked"", ""2"": ""blocked""}}"
2025-03-31 08:04:29,"{""gw-1"": {""1"": ""blocked"", ""2"": ""blocked""}}"
2025-03-31 08:04:29,"{""gw-3"": {""1"": ""blocked"", ""2"": ""blocked""}, ""gw-2"": {""1"": ""blocked"", ""2"": ""blocked""}}"
2025-03-31 08:04:34,"{""gw-3"": {""1"": ""conflict"", ""2"": ""blocked""}, ""gw-2"": {""1"": ""conflict"", ""2"": ""conflict""}}"
2025-03-31 08:04:38,"{""gw-2"": {""1"": ""blocked"", ""2"": ""blocked""}, ""gw-3"": {""1"": ""blocked"", ""2"": ""blocked""}}"
2025-03-31 08:04:39,"{""gw-1"": {""1"": ""blocked"", ""2"": ""blocked""}, ""gw-3"": {""1"": ""blocked"", ""2"": ""blocked""}}"
2025-03-31 08:04:41,"{""gw-3"": {""1"": ""blocked"", ""2"": ""blocked""}}"
2025-03-31 08:04:41,"{""gw-1"": {""1"": ""blocked"", ""2"": ""blocked""}}"
2025-03-31 08:04:43,"{""gw-1"": {""1"": ""blocked"", ""2"": ""blocked""}, ""gw-2"": {""1"": ""blocked"", ""2"": ""blocked""}}"
2025-03-31 08:04:45,"{""gw-1"": {""1"": ""blocked"", ""2"": ""blocked""}}"
2025-03-31 08:04:50,"{""gw-2"": {""1"": ""blocked"", ""2"": ""blocked""}}"
2025-03-31 08:04:52,"{""gw-1"": {""1"": ""conflict"", ""2"": ""conflict""}}"
2025-03-31 08:04:54,"{""gw-3"": {""1"": ""conflict"", ""2"": ""conflict""}, ""gw-2"": {""1"": ""blocked"", ""2"": ""blocked""}}"
2025-03-31 08:04:55,"{""gw-2"": {""1"": ""blocked"", ""2"": ""blocked""}, ""gw-1"": {""1"": ""blocked"", ""2"": ""blocked""}}"
2025-03-31 08:04:59,"{""gw-3"": {""1"": ""blocked"", ""2"": ""blocked""}}"
2025-03-31 08:05:00,"{""gw-2"": {""1"": ""conflict"", ""2"": ""blocked""}}"
2025-03-31 08:05:05,"{""gw-1"": {""1"": ""conflict"", ""2"": ""conflict""}, ""gw-3"": {""1"": ""blocked"", ""2"": ""blocked""}}"
2025-03-31 08:05:10,"{""gw-1"": {""1"": ""blocked"", ""2"": ""blocked""}}"
2025-03-31 08:05:10,"{""gw-2"": {""1"": ""blocked"", ""2"": ""blocked""}}"
2025-03-31 08:05:15,"{""gw-1"": {""1"": ""blocked"", ""2"": ""blocked""}, ""gw-3"": {""1"": ""blocked"", ""2"": ""blocked""}}"
2025-03-31 08:05:16,"{""gw-3"": {""1"": ""blocked"", ""2"": ""blocked""}}"
2025-03-31 08:05:41,"{""gw-2"": {""1"": ""conflict"", ""2"": ""conflict""}}"
2025-03-31 08:05:42,"{""gw-1"": {""1"": ""conflict"", ""2"": ""blocked""}}"
2025-03-31 08:05:43,"{""gw-2"": {""1"": ""conflict"", ""2"": ""blocked""}}"
2025-03-31 08:05:43,"{""gw-3"": {""1"": ""conflict"", ""2"": ""blocked""}}"
2025-03-31 08:05:55,"{""gw-3"": {""1"": ""conflict"", ""2"": ""blocked""}}"
2025-03-31 08:05:56,"{""gw-3"": {""1"": ""conflict"", ""2"": ""blocked""}, ""gw-2"": {""1"": ""conflict"", ""2"": ""blocked""}}"
2025-03-31 08:05:56,"{""gw-2"": {""1"": ""conflict"", ""2"": ""blocked""}}"
2025-03-31 08:06:00,"{""gw-1"": {""1"": ""blocked"", ""2"": ""blocked""}}"
2025-03-31 08:06:08,"{""gw-1"": {""1"": ""conflict"", ""2"": ""conflict""}, ""gw-2"": {""1"": ""conflict"", ""2"": ""blocked""}}"
2025-03-31 08:06:15,"{""gw-3"": {""1"": ""blocked"", ""2"": ""blocked""}, ""gw-2"": {""1"": ""blocked"", ""2"": ""blocked""}}"
2025-03-31 08:06:18,"{""gw-2"": {""1"": ""blocked"", ""2"": ""blocked""}}"
2025-03-31 08:06:19,"{""gw-3"": {""1"": ""blocked"", ""2"": ""blocked""}}"
2025-03-31 08:06:26,"{""gw-2"": {""1"": ""blocked"", ""2"": ""blocked""}}"
2025-03-31 08:06:27,"{""gw-1"": {""1"": ""blocked"", ""2"": ""blocked""}}"
2025-03-31 08:06:27,"{""gw-2"": {""1"": ""blocked"", ""2"": ""blocked""}}"
2025-03-31 08:06:27,"{""gw-1"": {""1"": ""blocked"", ""2"": ""blocked""}}"
2025-03-31 08:06:38,"{""gw-1"": {""1"": ""blocked"", ""2"": ""conflict""}, ""gw-2"": {""1"": ""blocked"", ""2"": ""blocked""}, ""gw-3"": {""1"": ""blocked"", ""2"": ""blocked""}}"
2025-03-31 08:06:39,"{""gw-1"": {""1"": ""conflict"", ""2"": ""conflict""}}"
2025-03-31 08:06:39,"{""gw-1"": {""1"": ""conflict"", ""2"": ""blocked""}}"
2025-03-31 08:07:01,"{""gw-2"": {""1"": ""blocked"", ""2"": ""conflict""}, ""gw-1"": {""1"": ""blocked"", ""2"": ""blocked""}}"
2025-03-31 08:07:11,"{""gw-3"": {""1"": ""conflict"", ""2"": ""conflict""}}"
2025-03-31 08:07:14,"{""gw-3"": {""1"": ""blocked"", ""2"": ""blocked""}}"
2025-03-31 08:07:32,"{""gw-2"": {""1"": ""conflict"", ""2"": ""conflict""}, ""gw-3"": {""1"": ""blocked"", ""2"": ""blocked""}}"
2025-03-31 08:07:34,"{""gw-1"": {""1"": ""blocked"", ""2"": ""blocked""}}"
2025-03-31 08:07:47,"{""gw-1"": {""1"": ""blocked"", ""2"": ""blocked""}}"
2025-03-31 08:08:03,"{""gw-1"": {""1"": ""blocked"", ""2"": ""blocked""}}"
2025-03-31 08:08:04,"{""gw-1"": {""1"": ""blocked"", ""2"": ""blocked""}}"
2025-03-31 08:08:07,"{""gw-2"": {""1"": ""blocked"", ""2"": ""blocked""}}"
2025-03-31 08:08:33,"{""gw-1"": {""1"": ""blocked"", ""2"": ""blocked""}}"
2025-03-31 08:08:35,"{""gw-2"": {""1"": ""blocked"", ""2"": ""blocked""}}"
2025-03-31 08:08:35,"{""gw-2"": {""1"": ""blocked"", ""2"": ""blocked""}, ""gw-3"": {""1"": ""blocked"", ""2"": ""blocked""}}"
2025-03-31 08:08:36,"{""gw-2"": {""1"": ""blocked"", ""2"": ""blocked""}}"
2025-03-31 08:08:45,"{""gw-1"": {""1"": ""conflict"", ""2"": ""blocked""}}"
2025-03-31 08:08:57,"{""gw-3"": {""1"": ""conflict"", ""2"": ""blocked""}}"
2025-03-31 08:08:57,"{""gw-3"": {""1"": ""conflict"", ""2"": ""blocked""}}"
2025-03-31 08:09:04,"{""gw-2"": {""1"": ""blocked"", ""2"": ""blocked""}}"
2025-03-31 08:09:06,"{""gw-2"": {""1"": ""conflict"", ""2"": ""conflict""}, ""gw-3"": {""1"": ""blocked"", ""2"": ""blocked""}}"
2025-03-31 08:09:27,"{""gw-1"": {""1"": ""blocked"", ""2"": ""conflict""}}"
2025-03-31 08:09:28,"{""gw-1"": {""1"": ""conflict"", ""2"": ""blocked""}, ""gw-2"": {""1"": ""conflict"", ""2"": ""conflict""}}"
2025-03-31 08:09:28,"{""gw-1"": {""1"": ""conflict"", ""2"": ""blocked""}, ""gw-3"": {""1"": ""blocked"", ""2"": ""conflict""}}"
2025-03-31 08:09:29,"{""gw-2"": {""1"": ""conflict"", ""2"": ""blocked""}}"
2025-03-31 08:09:53,"{""gw-1"": {""1"": ""conflict"", ""2"": ""blocked""}}"
2025-03-31 08:09:57,"{""gw-3"": {""1"": ""blocked"", ""2"": ""conflict""}}"
2025-03-31 08:10:01,"{""gw-1"": {""1"": ""blocked"", ""2"": ""blocked""}, ""gw-3"": {""1"": ""blocked"", ""2"": ""blocked""}}"
2025-03-31 08:10:17,"{""gw-2"": {""1"": ""blocked"", ""2"": ""blocked""}}"
2025-03-31 08:10:23,"{""gw-2"": {""1"": ""blocked"", ""2"": ""blocked""}}"
2025-03-31 08:10:33,"{""gw-3"": {""1"": ""blocked"", ""2"": ""blocked""}, ""gw-2"": {""1"": ""blocked"", ""2"": ""blocked""}}"
2025-03-31 08:10:35,"{""gw-2"": {""1"": ""blocked"", ""2"": ""blocked""}}"
2025-03-31 08:10:41,"{""gw-1"": {""1"": ""blocked"", ""2"": ""blocked""}}"
2025-03-31 08:10:42,"{""gw-1"": {""1"": ""blocked"", ""2"": ""blocked""}, ""gw-3"": {""1"": ""blocked"", ""2"": ""blocked""}, ""gw-2"": {""1"": ""blocked"", ""2"": ""blocked""}}"
2025-03-31 08:10:47,"{""gw-2"": {""1"": ""blocked"", ""2"": ""blocked""}, ""gw-1"": {""1"": ""blocked"", ""2"": ""blocked""}}"
2025-03-31 08:11:08,"{""gw-3"": {""1"": ""blocked"", ""2"": ""conflict""}}"
2025-03-31 08:11:09,"{""gw-3"": {""1"": ""conflict"", ""2"": ""blocked""}}"
2025-03-31 08:11:10,"{""gw-2"": {""1"": ""blocked"", ""2"": ""blocked""}, ""gw-3"": {""1"": ""conflict"", ""2"": ""blocked""}}"
2025-03-31 08:11:18,"{""gw-3"": {""1"": ""blocked"", ""2"": ""blocked""}}"
2025-03-31 08:11:18,"{""gw-3"": {""1"": ""blocked"", ""2"": ""blocked""}, ""gw-1"": {""1"": ""blocked"", ""2"": ""blocked""}}"
2025-03-31 08:11:21,"{""gw-2"": {""1"": ""blocked"", ""2"": ""blocked""}}"
2025-03-31 08:11:23,"{""gw-2"": {""1"": ""blocked"", ""2"": ""blocked""}, ""gw-1"": {""1"": ""blocked"", ""2"": ""blocked""}}"
2025-03-31 08:11:24,"{""gw-1"": {""1"": ""blocked"", ""2"": ""blocked""}, ""gw-2"": {""1"": ""blocked"", ""2"": ""blocked""}}"
2025-03-31 08:11:25,"{""gw-3"": {""1"": ""conflict"", ""2"": ""conflict""}}"
2025-03-31 08:11:35,"{""gw-2"": {""1"": ""blocked"", ""2"": ""blocked""}, ""gw-1"": {""1"": ""blocked"", ""2"": ""blocked""}}"
2025-03-31 08:11:36,"{""gw-2"": {""1"": ""blocked"", ""2"": ""blocked""}}"
2025-03-31 08:11:38,"{""gw-2"": {""1"": ""blocked"", ""2"": ""blocked""}, ""gw-1"": {""1"": ""blocked"", ""2"": ""blocked""}}"
2025-03-31 08:11:41,"{""gw-3"": {""1"": ""blocked"", ""2"": ""blocked""}, ""gw-2"": {""1"": ""blocked"", ""2"": ""blocked""}}"
2025-03-31 08:11:51,"{""gw-2"": {""1"": ""blocked"", ""2"": ""blocked""}}"
2025-03-31 08:11:52,"{""gw-3"": {""1"": ""blocked"", ""2"": ""conflict""}}"
2025-03-31 08:11:54,"{""gw-1"": {""1"": ""blocked"", ""2"": ""blocked""}, ""gw-2"": {""1"": ""blocked"", ""2"": ""blocked""}}"
2025-03-31 08:11:57,"{""gw-2"": {""1"": ""blocked"", ""2"": ""blocked""}, ""gw-1"": {""1"": ""blocked"", ""2"": ""blocked""}}"
2025-03-31 08:11:59,"{""gw-3"": {""1"": ""blocked"", ""2"": ""blocked""}}"
2025-03-31 08:12:01,"{""gw-3"": {""1"": ""blocked"", ""2"": ""blocked""}}"
2025-03-31 08:12:01,"{""gw-3"": {""1"": ""blocked"", ""2"": ""blocked""}}"
2025-03-31 08:12:02,"{""gw-2"": {""1"": ""blocked"", ""2"": ""blocked""}, ""gw-3"": {""1"": ""blocked"", ""2"": ""blocked""}}"
2025-03-31 08:12:03,"{""gw-2"": {""1"": ""blocked"", ""2"": ""blocked""}, ""gw-3"": {""1"": ""blocked"", ""2"": ""blocked""}}"
2025-03-31 08:12:06,"{""gw-2"": {""1"": ""blocked"", ""2"": ""blocked""}, ""gw-1"": {""1"": ""blocked"", ""2"": ""blocked""}}"
2025-03-31 08:12:06,"{""gw-1"": {""1"": ""blocked"", ""2"": ""blocked""}}"
2025-03-31 08:12:20,"{""gw-1"": {""1"": ""blocked"", ""2"": ""blocked""}}"
2025-03-31 08:12:22,"{""gw-3"": {""1"": ""blocked"", ""2"": ""blocked""}}"
2025-03-31 08:12:31,"{""gw-2"": {""1"": ""blocked"", ""2"": ""blocked""}}"
2025-03-31 08:12:34,"{""gw-2"": {""1"": ""blocked"", ""2"": ""blocked""}}"
2025-03-31 08:12:37,"{""gw-1"": {""1"": ""blocked"", ""2"": ""blocked""}}"
2025-03-31 08:12:38,"{""gw-3"": {""1"": ""blocked"", ""2"": ""blocked""}}"
2025-03-31 08:12:40,"{""gw-2"": {""1"": ""blocked"", ""2"": ""conflict""}}"
2025-03-31 08:12:55,"{""gw-3"": {""1"": ""blocked"", ""2"": ""blocked""}}"
2025-03-31 08:13:15,"{""gw-1"": {""1"": ""blocked"", ""2"": ""blocked""}}"
2025-03-31 08:13:34,"{""gw-3"": {""1"": ""blocked"", ""2"": ""blocked""}, ""gw-2"": {""1"": ""blocked"", ""2"": ""blocked""}}"
2025-03-31 08:13:34,"{""gw-2"": {""1"": ""blocked"", ""2"": ""blocked""}, ""gw-1"": {""1"": ""blocked"", ""2"": ""blocked""}, ""gw-3"": {""1"": ""blocked"", ""2"": ""blocked""}}"
2025-03-31 08:13:36,"{""gw-2"": {""1"": ""blocked"", ""2"": ""blocked""}}"
2025-03-31 08:13:36,"{""gw-2"": {""1"": ""blocked"", ""2"": ""blocked""}, ""gw-3"": {""1"": ""blocked"", ""2"": ""blocked""}}"
2025-03-31 08:13:43,"{""gw-3"": {""1"": ""blocked"", ""2"": ""blocked""}}"
2025-03-31 08:13:46,"{""gw-2"": {""1"": ""blocked"", ""2"": ""blocked""}}"
2025-03-31 08:13:46,"{""gw-3"": {""1"": ""blocked"", ""2"": ""blocked""}, ""gw-2"": {""1"": ""blocked"", ""2"": ""blocked""}}"
2025-03-31 08:13:50,"{""gw-3"": {""1"": ""blocked"", ""2"": ""blocked""}, ""gw-2"": {""1"": ""blocked"", ""2"": ""blocked""}}"
2025-03-31 08:14:10,"{""gw-3"": {""1"": ""blocked"", ""2"": ""conflict""}}"
2025-03-31 08:14:12,"{""gw-1"": {""1"": ""conflict"", ""2"": ""conflict""}, ""gw-2"": {""1"": ""blocked"", ""2"": ""blocked""}}"
2025-03-31 08:14:14,"{""gw-2"": {""1"": ""blocked"", ""2"": ""blocked""}}"
2025-03-31 08:14:39,"{""gw-2"": {""1"": ""conflict"", ""2"": ""conflict""}}"
2025-03-31 08:14:46,"{""gw-2"": {""1"": ""blocked"", ""2"": ""blocked""}, ""gw-1"": {""1"": ""blocked"", ""2"": ""blocked""}, ""gw-3"": {""1"": ""blocked"", ""2"": ""blocked""}}"
2025-03-31 08:14:47,"{""gw-3"": {""1"": ""blocked"", ""2"": ""blocked""}, ""gw-1"": {""1"": ""blocked"", ""2"": ""blocked""}}"
2025-03-31 08:14:50,"{""gw-1"": {""1"": ""blocked"", ""2"": ""conflict""}}"
2025-03-31 08:14:57,"{""gw-1"": {""1"": ""blocked"", ""2"": ""blocked""}}"
2025-03-31 08:14:59,"{""gw-1"": {""1"": ""conflict"", ""2"": ""blocked""}}"
2025-03-31 08:14:59,"{""gw-1"": {""1"": ""conflict"", ""2"": ""blocked""}, ""gw-3"": {""1"": ""blocked"", ""2"": ""blocked""}, ""gw-2"": {""1"": ""blocked"", ""2"": ""blocked""}}"
2025-03-31 08:15:00,"{""gw-2"": {""1"": ""blocked"", ""2"": ""blocked""}, ""gw-3"": {""1"": ""blocked"", ""2"": ""blocked""}}"
2025-03-31 08:15:02,"{""gw-2"": {""1"": ""blocked"", ""2"": ""blocked""}}"
2025-03-31 08:15:07,"{""gw-1"": {""1"": ""blocked"", ""2"": ""blocked""}}"
2025-03-31 08:15:13,"{""gw-2"": {""1"": ""blocked"", ""2"": ""blocked""}, ""gw-3"": {""1"": ""blocked"", ""2"": ""blocked""}}"
2025-03-31 08:15:13,"{""gw-1"": {""1"": ""blocked"", ""2"": ""blocked""}}"
2025-03-31 08:15:14,"{""gw-3"": {""1"": ""blocked"", ""2"": ""blocked""}, ""gw-1"": {""1"": ""blocked"", ""2"": ""blocked""}}"
2025-03-31 08:15:15,"{""gw-3"": {""1"": ""blocked"", ""2"": ""blocked""}}"
2025-03-31 08:15:15,"{""gw-3"": {""1"": ""blocked"", ""2"": ""blocked""}}"
2025-03-31 08:15:17,"{""gw-3"": {""1"": ""blocked"", ""2"": ""blocked""}}"
2025-03-31 08:15:19,"{""gw-1"": {""1"": ""blocked"", ""2"": ""blocked""}}"
2025-03-31 08:15:22,"{""gw-1"": {""1"": ""blocked"", ""2"": ""blocked""}}"
2025-03-31 08:15:29,"{""gw-1"": {""1"": ""conflict"", ""2"": ""conflict""}}"
2025-03-31 08:15:33,"{""gw-1"": {""1"": ""blocked"", ""2"": ""blocked""}}"
2025-03-31 08:15:38,"{""gw-1"": {""1"": ""blocked"", ""2"": ""blocked""}}"
2025-03-31 08:15:39,"{""gw-1"": {""1"": ""blocked"", ""2"": ""blocked""}}"
2025-03-31 08:15:40,"{""gw-3"": {""1"": ""blocked"", ""2"": ""blocked""}}"
2025-03-31 08:15:50,"{""gw-1"": {""1"": ""blocked"", ""2"": ""blocked""}}"
2025-03-31 08:15:54,"{""gw-2"": {""1"": ""blocked"", ""2"": ""blocked""}}"
2025-03-31 08:15:55,"{""gw-1"": {""1"": ""blocked"", ""2"": ""blocked""}}"
2025-03-31 08:15:55,"{""gw-2"": {""1"": ""blocked"", ""2"": ""blocked""}}"
2025-03-31 08:15:56,"{""gw-2"": {""1"": ""blocked"", ""2"": ""blocked""}}"
2025-03-31 08:15:57,"{""gw-1"": {""1"": ""blocked"", ""2"": ""conflict""}}"
2025-03-31 08:16:02,"{""gw-2"": {""1"": ""conflict"", ""2"": ""blocked""}, ""gw-3"": {""1"": ""conflict"", ""2"": ""blocked""}}"
2025-03-31 08:16:04,"{""gw-3"": {""1"": ""blocked"", ""2"": ""blocked""}}"
2025-03-31 08:16:08,"{""gw-1"": {""1"": ""blocked"", ""2"": ""blocked""}}"
2025-03-31 08:16:11,"{""gw-3"": {""1"": ""blocked"", ""2"": ""blocked""}, ""gw-1"": {""1"": ""conflict"", ""2"": ""blocked""}}"
2025-03-31 08:16:11,"{""gw-1"": {""1"": ""conflict"", ""2"": ""blocked""}}"
2025-03-31 08:16:15,"{""gw-2"": {""1"": ""conflict"", ""2"": ""blocked""}, ""gw-3"": {""1"": ""conflict"", ""2"": ""blocked""}, ""gw-1"": {""1"": ""blocked"", ""2"": ""blocked""}}"
2025-03-31 08:16:16,"{""gw-1"": {""1"": ""blocked"", ""2"": ""blocked""}}"
2025-03-31 08:16:17,"{""gw-1"": {""1"": ""blocked"", ""2"": ""blocked""}}"
2025-03-31 08:16:19,"{""gw-1"": {""1"": ""blocked"", ""2"": ""blocked""}}"
2025-03-31 08:16:20,"{""gw-2"": {""1"": ""blocked"", ""2"": ""blocked""}}"
2025-03-31 08:16:22,"{""gw-2"": {""1"": ""blocked"", ""2"": ""blocked""}}"
2025-03-31 08:16:25,"{""gw-1"": {""1"": ""blocked"", ""2"": ""blocked""}}"
2025-03-31 08:16:38,"{""gw-2"": {""1"": ""conflict"", ""2"": ""blocked""}}"
2025-03-31 08:16:41,"{""gw-2"": {""1"": ""blocked"", ""2"": ""conflict""}}"
2025-03-31 08:16:41,"{""gw-1"": {""1"": ""blocked"", ""2"": ""blocked""}, ""gw-3"": {""1"": ""blocked"", ""2"": ""conflict""}, ""gw-2"": {""1"": ""conflict"", ""2"": ""conflict""}}"
2025-03-31 08:16:43,"{""gw-3"": {""1"": ""conflict"", ""2"": ""blocked""}, ""gw-1"": {""1"": ""blocked"", ""2"": ""blocked""}}"
2025-03-31 08:16:45,"{""gw-2"": {""1"": ""blocked"", ""2"": ""blocked""}}"
2025-03-31 08:16:51,"{""gw-3"": {""1"": ""blocked"", ""2"": ""blocked""}, ""gw-2"": {""1"": ""blocked"", ""2"": ""blocked""}}"
2025-03-31 08:16:54,"{""gw-2"": {""1"": ""blocked"", ""2"": ""conflict""}}"
2025-03-31 08:16:58,"{""gw-3"": {""1"": ""conflict"", ""2"": ""conflict""}}"
2025-03-31 08:17:02,"{""gw-2"": {""1"": ""blocked"", ""2"": ""blocked""}}"
2025-03-31 08:17:04,"{""gw-3"": {""1"": ""blocked"", ""2"": ""blocked""}}"
2025-03-31 08:17:04,"{""gw-2"": {""1"": ""blocked"", ""2"": ""blocked""}}"
2025-03-31 08:17:29,"{""gw-2"": {""1"": ""blocked"", ""2"": ""blocked""}}"
2025-03-31 08:17:42,"{""gw-1"": {""1"": ""blocked"", ""2"": ""blocked""}}"
2025-03-31 08:17:45,"{""gw-3"": {""1"": ""blocked"", ""2"": ""blocked""}, ""gw-1"": {""1"": ""blocked"", ""2"": ""blocked""}}"
2025-03-31 08:17:45,"{""gw-2"": {""1"": ""blocked"", ""2"": ""conflict""}}"
2025-03-31 08:17:46,"{""gw-2"": {""1"": ""conflict"", ""2"": ""blocked""}, ""gw-1"": {""1"": ""blocked"", ""2"": ""blocked""}}"
2025-03-31 08:17:46,"{""gw-2"": {""1"": ""conflict"", ""2"": ""blocked""}}"
2025-03-31 08:17:47,"{""gw-1"": {""1"": ""blocked"", ""2"": ""blocked""}}"
2025-03-31 08:17:51,"{""gw-3"": {""1"": ""blocked"", ""2"": ""blocked""}}"
2025-03-31 08:17:56,"{""gw-1"": {""1"": ""blocked"", ""2"": ""blocked""}, ""gw-2"": {""1"": ""blocked"", ""2"": ""blocked""}}"
2025-03-31 08:17:57,"{""gw-1"": {""1"": ""blocked"", ""2"": ""blocked""}}"
2025-03-31 08:18:04,"{""gw-3"": {""1"": ""blocked"", ""2"": ""blocked""}}"
2025-03-31 08:18:11,"{""gw-2"": {""1"": ""blocked"", ""2"": ""blocked""}, ""gw-1"": {""1"": ""conflict"", ""2"": ""conflict""}}"
2025-03-31 08:18:12,"{""gw-1"": {""1"": ""conflict"", ""2"": ""blocked""}, ""gw-2"": {""1"": ""blocked"", ""2"": ""blocked""}}"
2025-03-31 08:18:25,"{""gw-2"": {""1"": ""blocked"", ""2"": ""blocked""}}"
2025-03-31 08:18:28,"{""gw-3"": {""1"": ""conflict"", ""2"": ""blocked""}}"
2025-03-31 08:18:29,"{""gw-1"": {""1"": ""blocked"", ""2"": ""blocked""}}"
2025-03-31 08:18:29,"{""gw-1"": {""1"": ""blocked"", ""2"": ""blocked""}, ""gw-2"": {""1"": ""blocked"", ""2"": ""conflict""}}"
2025-03-31 08:18:30,"{""gw-2"": {""1"": ""conflict"", ""2"": ""conflict""}}"
2025-03-31 08:18:31,"{""gw-1"": {""1"": ""blocked"", ""2"": ""blocked""}, ""gw-3"": {""1"": ""blocked"", ""2"": ""blocked""}}"
2025-03-31 08:18:32,"{""gw-3"": {""1"": ""blocked"", ""2"": ""blocked""}}"
2025-03-31 08:19:01,"{""gw-2"": {""1"": ""blocked"", ""2"": ""blocked""}}"
2025-03-31 08:19:07,"{""gw-2"": {""1"": ""blocked"", ""2"": ""blocked""}}"
2025-03-31 08:19:12,"{""gw-3"": {""1"": ""conflict"", ""2"": ""conflict""}}"
2025-03-31 08:19:18,"{""gw-1"": {""1"": ""blocked"", ""2"": ""blocked""}}"
2025-03-31 08:19:19,"{""gw-2"": {""1"": ""blocked"", ""2"": ""conflict""}, ""gw-1"": {""1"": ""blocked"", ""2"": ""blocked""}}"
2025-03-31 08:19:20,"{""gw-3"": {""1"": ""blocked"", ""2"": ""blocked""}, ""gw-2"": {""1"": ""conflict"", ""2"": ""blocked""}}"
2025-03-31 08:19:21,"{""gw-1"": {""1"": ""blocked"", ""2"": ""blocked""}}"
2025-03-31 08:19:21,"{""gw-3"": {""1"": ""blocked"", ""2"": ""blocked""}}"
2025-03-31 08:19:22,"{""gw-3"": {""1"": ""blocked"", ""2"": ""blocked""}, ""gw-1"": {""1"": ""blocked"", ""2"": ""blocked""}}"
2025-03-31 08:19:27,"{""gw-1"": {""1"": ""blocked"", ""2"": ""conflict""}}"
2025-03-31 08:19:28,"{""gw-2"": {""1"": ""blocked"", ""2"": ""blocked""}}"
2025-03-31 08:19:31,"{""gw-3"": {""1"": ""conflict"", ""2"": ""blocked""}, ""gw-1"": {""1"": ""blocked"", ""2"": ""blocked""}, ""gw-2"": {""1"": ""blocked"", ""2"": ""conflict""}}"
2025-03-31 08:19:37,"{""gw-3"": {""1"": ""blocked"", ""2"": ""blocked""}, ""gw-2"": {""1"": ""blocked"", ""2"": ""blocked""}}"
2025-03-31 08:19:38,"{""gw-1"": {""1"": ""blocked"", ""2"": ""blocked""}}"
2025-03-31 08:19:40,"{""gw-3"": {""1"": ""blocked"", ""2"": ""blocked""}}"
2025-03-31 08:19:47,"{""gw-2"": {""1"": ""conflict"", ""2"": ""blocked""}, ""gw-3"": {""1"": ""conflict"", ""2"": ""conflict""}}"
2025-03-31 08:19:47,"{""gw-2"": {""1"": ""conflict"", ""2"": ""blocked""}}"
2025-03-31 08:19:49,"{""gw-1"": {""1"": ""blocked"", ""2"": ""blocked""}}"
2025-03-31 08:19:51,"{""gw-3"": {""1"": ""blocked"", ""2"": ""blocked""}}"
2025-03-31 08:19:54,"{""gw-2"": {""1"": ""blocked"", ""2"": ""blocked""}}"
2025-03-31 08:19:56,"{""gw-1"": {""1"": ""blocked"", ""2"": ""blocked""}, ""gw-2"": {""1"": ""blocked"", ""2"": ""blocked""}}"
2025-03-31 08:19:56,"{""gw-1"": {""1"": ""blocked"", ""2"": ""blocked""}, ""gw-2"": {""1"": ""blocked"", ""2"": ""blocked""}}"
2025-03-31 08:20:05,"{""gw-2"": {""1"": ""blocked"", ""2"": ""conflict""}}"
2025-03-31 08:20:15,"{""gw-1"": {""1"": ""blocked"", ""2"": ""blocked""}}"
2025-03-31 08:20:16,"{""gw-2"": {""1"": ""blocked"", ""2"": ""blocked""}}"
2025-03-31 08:20:25,"{""gw-2"": {""1"": ""blocked"", ""2"": ""blocked""}}"
2025-03-31 08:20:26,"{""gw-2"": {""1"": ""blocked"", ""2"": ""blocked""}}"
2025-03-31 08:20:26,"{""gw-3"": {""1"": ""blocked"", ""2"": ""blocked""}}"
2025-03-31 08:20:28,"{""gw-2"": {""1"": ""blocked"", ""2"": ""blocked""}}"
2025-03-31 08:20:39,"{""gw-1"": {""1"": ""blocked"", ""2"": ""blocked""}}"
2025-03-31 08:20:42,"{""gw-3"": {""1"": ""blocked"", ""2"": ""blocked""}}"
2025-03-31 08:20:42,"{""gw-1"": {""1"": ""blocked"", ""2"": ""blocked""}, ""gw-2"": {""1"": ""blocked"", ""2"": ""blocked""}, ""gw-3"": {""1"": ""blocked"", ""2"": ""blocked""}}"
2025-03-31 08:20:43,"{""gw-2"": {""1"": ""blocked"", ""2"": ""blocked""}, ""gw-1"": {""1"": ""blocked"", ""2"": ""blocked""}}"
2025-03-31 08:20:43,"{""gw-3"": {""1"": ""conflict"", ""2"": ""blocked""}}"
2025-03-31 08:20:55,"{""gw-3"": {""1"": ""blocked"", ""2"": ""blocked""}}"
2025-03-31 08:20:55,"{""gw-2"": {""1"": ""blocked"", ""2"": ""blocked""}}"
2025-03-31 08:20:56,"{""gw-1"": {""1"": ""blocked"", ""2"": ""blocked""}, ""gw-3"": {""1"": ""blocked"", ""2"": ""blocked""}}"
2025-03-31 08:20:57,"{""gw-1"": {""1"": ""blocked"", ""2"": ""blocked""}, ""gw-2"": {""1"": ""blocked"", ""2"": ""blocked""}}"
2025-03-31 08:21:00,"{""gw-1"": {""1"": ""blocked"", ""2"": ""blocked""}, ""gw-2"": {""1"": ""blocked"", ""2"": ""blocked""}}"
2025-03-31 08:21:03,"{""gw-2"": {""1"": ""blocked"", ""2"": ""blocked""}, ""gw-1"": {""1"": ""blocked"", ""2"": ""blocked""}}"
2025-03-31 08:21:11,"{""gw-3"": {""1"": ""blocked"", ""2"": ""blocked""}}"
2025-03-31 08:21:14,"{""gw-1"": {""1"": ""blocked"", ""2"": ""blocked""}}"
2025-03-31 08:21:16,"{""gw-2"": {""1"": ""blocked"", ""2"": ""blocked""}}"
2025-03-31 08:21:22,"{""gw-1"": {""1"": ""blocked"", ""2"": ""conflict""}, ""gw-3"": {""1"": ""blocked"", ""2"": ""blocked""}}"
2025-03-31 08:21:44,"{""gw-2"": {""1"": ""conflict"", ""2"": ""blocked""}, ""gw-1"": {""1"": ""blocked"", ""2"": ""conflict""}}"
2025-03-31 08:21:45,"{""gw-1"": {""1"": ""conflict"", ""2"": ""conflict""}}"
2025-03-31 08:21:51,"{""gw-2"": {""1"": ""blocked"", ""2"": ""blocked""}}"
2025-03-31 08:21:54,"{""gw-2"": {""1"": ""blocked"", ""2"": ""conflict""}}"
2025-03-31 08:21:56,"{""gw-3"": {""1"": ""conflict"", ""2"": ""blocked""}}"
2025-03-31 08:21:59,"{""gw-2"": {""1"": ""blocked"", ""2"": ""blocked""}}"
2025-03-31 08:22:00,"{""gw-2"": {""1"": ""blocked"", ""2"": ""blocked""}, ""gw-1"": {""1"": ""conflict"", ""2"": ""blocked""}}"
2025-03-31 08:22:02,"{""gw-3"": {""1"": ""blocked"", ""2"": ""blocked""}}"
2025-03-31 08:22:12,"{""gw-3"": {""1"": ""conflict"", ""2"": ""conflict""}}"
2025-03-31 08:22:14,"{""gw-2"": {""1"": ""conflict"", ""2"": ""conflict""}}"
2025-03-31 08:22:17,"{""gw-2"": {""1"": ""blocked"", ""2"": ""blocked""}}"
2025-03-31 08:22:25,"{""gw-3"": {""1"": ""conflict"", ""2"": ""conflict""}, ""gw-1"": {""1"": ""blocked"", ""2"": ""blocked""}}"
2025-03-31 08:22:29,"{""gw-3"": {""1"": ""blocked"", ""2"": ""blocked""}}"
2025-03-31 08:22:31,"{""gw-2"": {""1"": ""conflict"", ""2"": ""blocked""}, ""gw-3"": {""1"": ""blocked"", ""2"": ""blocked""}}"
2025-03-31 08:22:34,"{""gw-3"": {""1"": ""blocked"", ""2"": ""blocked""}, ""gw-2"": {""1"": ""blocked"", ""2"": ""blocked""}}"
2025-03-31 08:22:35,"{""gw-3"": {""1"": ""blocked"", ""2"": ""blocked""}}"
2025-03-31 08:22:35,"{""gw-2"": {""1"": ""blocked"", ""2"": ""blocked""}}"
2025-03-31 08:23:02,"{""gw-3"": {""1"": ""blocked"", ""2"": ""conflict""}}"
2025-03-31 08:23:10,"{""gw-3"": {""1"": ""blocked"", ""2"": ""blocked""}}"
2025-03-31 08:23:25,"{""gw-2"": {""1"": ""blocked"", ""2"": ""blocked""}}"
2025-03-31 08:23:26,"{""gw-1"": {""1"": ""blocked"", ""2"": ""blocked""}}"
2025-03-31 08:23:29,"{""gw-3"": {""1"": ""blocked"", ""2"": ""blocked""}, ""gw-1"": {""1"": ""blocked"", ""2"": ""blocked""}}"
2025-03-31 08:23:30,"{""gw-1"": {""1"": ""blocked"", ""2"": ""blocked""}, ""gw-3"": {""1"": ""blocked"", ""2"": ""blocked""}}"
2025-03-31 08:23:32,"{""gw-3"": {""1"": ""blocked"", ""2"": ""blocked""}}"
2025-03-31 08:23:35,"{""gw-3"": {""1"": ""blocked"", ""2"": ""blocked""}, ""gw-1"": {""1"": ""conflict"", ""2"": ""blocked""}}"
2025-03-31 08:23:38,"{""gw-1"": {""1"": ""blocked"", ""2"": ""blocked""}}"
2025-03-31 08:23:39,"{""gw-2"": {""1"": ""blocked"", ""2"": ""blocked""}}"
2025-03-31 08:23:44,"{""gw-2"": {""1"": ""blocked"", ""2"": ""blocked""}}"
2025-03-31 08:23:44,"{""gw-2"": {""1"": ""blocked"", ""2"": ""blocked""}}"
2025-03-31 08:23:47,"{""gw-2"": {""1"": ""conflict"", ""2"": ""blocked""}}"
2025-03-31 08:23:53,"{""gw-2"": {""1"": ""blocked"", ""2"": ""blocked""}, ""gw-3"": {""1"": ""blocked"", ""2"": ""blocked""}}"
2025-03-31 08:24:07,"{""gw-2"": {""1"": ""conflict"", ""2"": ""conflict""}}"
2025-03-31 08:24:07,"{""gw-3"": {""1"": ""blocked"", ""2"": ""blocked""}}"
2025-03-31 08:24:08,"{""gw-2"": {""1"": ""conflict"", ""2"": ""blocked""}, ""gw-1"": {""1"": ""blocked"", ""2"": ""blocked""}}"
2025-03-31 08:24:08,"{""gw-1"": {""1"": ""blocked"", ""2"": ""blocked""}, ""gw-3"": {""1"": ""blocked"", ""2"": ""blocked""}}"
2025-03-31 08:24:12,"{""gw-1"": {""1"": ""blocked"", ""2"": ""blocked""}}"
2025-03-31 08:24:12,"{""gw-1"": {""1"": ""blocked"", ""2"": ""blocked""}, ""gw-2"": {""1"": ""blocked"", ""2"": ""blocked""}}"
2025-03-31 08:24:24,"{""gw-1"": {""1"": ""blocked"", ""2"": ""blocked""}}"
2025-03-31 08:24:25,"{""gw-1"": {""1"": ""blocked"", ""2"": ""blocked""}, ""gw-2"": {""1"": ""blocked"", ""2"": ""blocked""}}"
2025-03-31 08:24:28,"{""gw-2"": {""1"": ""blocked"", ""2"": ""blocked""}, ""gw-1"": {""1"": ""blocked"", ""2"": ""blocked""}}"
2025-03-31 08:24:40,"{""gw-2"": {""1"": ""blocked"", ""2"": ""blocked""}}"
2025-03-31 08:24:41,"{""gw-2"": {""1"": ""blocked"", ""2"": ""blocked""}}"
2025-03-31 08:24:42,"{""gw-2"": {""1"": ""blocked"", ""2"": ""blocked""}}"
2025-03-31 08:24:42,"{""gw-2"": {""1"": ""blocked"", ""2"": ""blocked""}}"
2025-03-31 08:24:48,"{""gw-3"": {""1"": ""blocked"", ""2"": ""blocked""}}"
2025-03-31 08:24:49,"{""gw-2"": {""1"": ""blocked"", ""2"": ""conflict""}, ""gw-3"": {""1"": ""blocked"", ""2"": ""blocked""}, ""gw-1"": {""1"": ""blocked"", ""2"": ""blocked""}}"
2025-03-31 08:24:55,"{""gw-2"": {""1"": ""blocked"", ""2"": ""blocked""}}"
2025-03-31 08:24:57,"{""gw-1"": {""1"": ""blocked"", ""2"": ""blocked""}}"
2025-03-31 08:25:00,"{""gw-2"": {""1"": ""blocked"", ""2"": ""blocked""}, ""gw-1"": {""1"": ""blocked"", ""2"": ""blocked""}}"
2025-03-31 08:25:03,"{""gw-1"": {""1"": ""blocked"", ""2"": ""blocked""}}"
2025-03-31 08:25:08,"{""gw-3"": {""1"": ""blocked"", ""2"": ""blocked""}}"
2025-03-31 08:25:09,"{""gw-3"": {""1"": ""blocked"", ""2"": ""blocked""}}"
2025-03-31 08:25:10,"{""gw-1"": {""1"": ""blocked"", ""2"": ""blocked""}}"
2025-03-31 08:25:12,"{""gw-1"": {""1"": ""blocked"", ""2"": ""blocked""}}"
2025-03-31 08:25:16,"{""gw-2"": {""1"": ""conflict"", ""2"": ""conflict""}}"
2025-03-31 08:25:17,"{""gw-1"": {""1"": ""blocked"", ""2"": ""blocked""}}"
2025-03-31 08:25:17,"{""gw-1"": {""1"": ""blocked"", ""2"": ""blocked""}, ""gw-2"": {""1"": ""conflict"", ""2"": ""blocked""}}"
2025-03-31 08:25:17,"{""gw-2"": {""1"": ""conflict"", ""2"": ""blocked""}}"
2025-03-31 08:25:23,"{""gw-1"": {""1"": ""conflict"", ""2"": ""conflict""}}"
2025-03-31 08:25:30,"{""gw-3"": {""1"": ""blocked"", ""2"": ""blocked""}}"
2025-03-31 08:25:30,"{""gw-1"": {""1"": ""blocked"", ""2"": ""blocked""}, ""gw-3"": {""1"": ""blocked"", ""2"": ""blocked""}}"
2025-03-31 08:25:42,"{""gw-3"": {""1"": ""blocked"", ""2"": ""blocked""}}"
2025-03-31 08:25:45,"{""gw-3"": {""1"": ""blocked"", ""2"": ""blocked""}}"
2025-03-31 08:25:46,"{""gw-3"": {""1"": ""blocked"", ""2"": ""blocked""}}"
2025-03-31 08:25:50,"{""gw-1"": {""1"": ""blocked"", ""2"": ""blocked""}, ""gw-2"": {""1"": ""blocked"", ""2"": ""blocked""}}"
2025-03-31 08:25:56,"{""gw-3"": {""1"": ""blocked"", ""2"": ""blocked""}}"
2025-03-31 08:25:56,"{""gw-3"": {""1"": ""blocked"", ""2"": ""blocked""}}"
2025-03-31 08:25:56,"{""gw-3"": {""1"": ""blocked"", ""2"": ""blocked""}}"
2025-03-31 08:26:05,"{""gw-2"": {""1"": ""blocked"", ""2"": ""blocked""}}"
2025-03-31 08:26:05,"{""gw-2"": {""1"": ""blocked"", ""2"": ""blocked""}}"
2025-03-31 08:26:13,"{""gw-1"": {""1"": ""conflict"", ""2"": ""blocked""}, ""gw-3"": {""1"": ""blocked"", ""2"": ""blocked""}}"
2025-03-31 08:26:15,"{""gw-1"": {""1"": ""blocked"", ""2"": ""blocked""}, ""gw-3"": {""1"": ""blocked"", ""2"": ""blocked""}}"
2025-03-31 08:26:15,"{""gw-3"": {""1"": ""blocked"", ""2"": ""blocked""}, ""gw-2"": {""1"": ""conflict"", ""2"": ""conflict""}}"
2025-03-31 08:26:16,"{""gw-2"": {""1"": ""conflict"", ""2"": ""blocked""}, ""gw-3"": {""1"": ""blocked"", ""2"": ""blocked""}, ""gw-1"": {""1"": ""blocked"", ""2"": ""blocked""}}"
2025-03-31 08:26:21,"{""gw-2"": {""1"": ""blocked"", ""2"": ""blocked""}}"
2025-03-31 08:26:38,"{""gw-2"": {""1"": ""blocked"", ""2"": ""blocked""}, ""gw-3"": {""1"": ""blocked"", ""2"": ""blocked""}}"
2025-03-31 08:26:38,"{""gw-3"": {""1"": ""blocked"", ""2"": ""blocked""}, ""gw-2"": {""1"": ""blocked"", ""2"": ""blocked""}}"
2025-03-31 08:26:46,"{""gw-1"": {""1"": ""blocked"", ""2"": ""blocked""}}"
2025-03-31 08:26:49,"{""gw-3"": {""1"": ""blocked"", ""2"": ""blocked""}}"
2025-03-31 08:26:54,"{""gw-3"": {""1"": ""blocked"", ""2"": ""blocked""}}"
2025-03-31 08:27:14,"{""gw-2"": {""1"": ""blocked"", ""2"": ""blocked""}}"
2025-03-31 08:27:16,"{""gw-1"": {""1"": ""blocked"", ""2"": ""blocked""}}"
2025-03-31 08:27:25,"{""gw-2"": {""1"": ""blocked"", ""2"": ""blocked""}, ""gw-3"": {""1"": ""blocked"", ""2"": ""blocked""}}"
2025-03-31 08:27:25,"{""gw-3"": {""1"": ""blocked"", ""2"": ""blocked""}, ""gw-2"": {""1"": ""blocked"", ""2"": ""blocked""}}"
2025-03-31 08:27:26,"{""gw-1"": {""1"": ""conflict"", ""2"": ""blocked""}}"
2025-03-31 08:27:28,"{""gw-2"": {""1"": ""blocked"", ""2"": ""blocked""}}"
2025-03-31 08:27:30,"{""gw-1"": {""1"": ""blocked"", ""2"": ""blocked""}}"
2025-03-31 08:27:41,"{""gw-3"": {""1"": ""conflict"", ""2"": ""conflict""}, ""gw-1"": {""1"": ""blocked"", ""2"": ""conflict""}}"
2025-03-31 08:27:46,"{""gw-2"": {""1"": ""conflict"", ""2"": ""blocked""}, ""gw-3"": {""1"": ""blocked"", ""2"": ""blocked""}}"
2025-03-31 08:27:50,"{""gw-3"": {""1"": ""blocked"", ""2"": ""blocked""}}"
2025-03-31 08:27:56,"{""gw-2"": {""1"": ""blocked"", ""2"": ""blocked""}}"
2025-03-31 08:28:02,"{""gw-3"": {""1"": ""blocked"", ""2"": ""blocked""}}"
2025-03-31 08:28:03,"{""gw-3"": {""1"": ""blocked"", ""2"": ""blocked""}}"
2025-03-31 08:28:04,"{""gw-2"": {""1"": ""blocked"", ""2"": ""blocked""}, ""gw-3"": {""1"": ""blocked"", ""2"": ""blocked""}}"
2025-03-31 08:28:05,"{""gw-3"": {""1"": ""blocked"", ""2"": ""blocked""}}"
2025-03-31 08:28:08,"{""gw-2"": {""1"": ""blocked"", ""2"": ""blocked""}}"
2025-03-31 08:28:13,"{""gw-3"": {""1"": ""conflict"", ""2"": ""blocked""}, ""gw-1"": {""1"": ""blocked"", ""2"": ""blocked""}}"
2025-03-31 08:28:33,"{""gw-3"": {""1"": ""blocked"", ""2"": ""blocked""}}"
2025-03-31 08:28:38,"{""gw-2"": {""1"": ""blocked"", ""2"": ""blocked""}, ""gw-3"": {""1"": ""blocked"", ""2"": ""blocked""}}"
2025-03-31 08:28:38,"{""gw-2"": {""1"": ""blocked"", ""2"": ""blocked""}, ""gw-3"": {""1"": ""blocked"", ""2"": ""blocked""}, ""gw-1"": {""1"": ""blocked"", ""2"": ""blocked""}}"
2025-03-31 08:28:39,"{""gw-1"": {""1"": ""blocked"", ""2"": ""blocked""}}"
2025-03-31 08:28:51,"{""gw-2"": {""1"": ""blocked"", ""2"": ""blocked""}}"
2025-03-31 08:28:51,"{""gw-3"": {""1"": ""blocked"", ""2"": ""blocked""}}"
2025-03-31 08:28:52,"{""gw-1"": {""1"": ""blocked"", ""2"": ""blocked""}}"
2025-03-31 08:28:52,"{""gw-2"": {""1"": ""blocked"", ""2"": ""blocked""}}"
2025-03-31 08:28:55,"{""gw-1"": {""1"": ""blocked"", ""2"": ""blocked""}}"
2025-03-31 08:29:11,"{""gw-1"": {""1"": ""blocked"", ""2"": ""blocked""}}"
2025-03-31 08:29:14,"{""gw-1"": {""1"": ""blocked"", ""2"": ""blocked""}}"
2025-03-31 08:29:22,"{""gw-1"": {""1"": ""blocked"", ""2"": ""blocked""}, ""gw-2"": {""1"": ""blocked"", ""2"": ""blocked""}}"
2025-03-31 08:29:26,"{""gw-2"": {""1"": ""conflict"", ""2"": ""conflict""}}"
2025-03-31 08:29:26,"{""gw-2"": {""1"": ""blocked"", ""2"": ""conflict""}}"
2025-03-31 08:29:30,"{""gw-1"": {""1"": ""conflict"", ""2"": ""blocked""}}"
2025-03-31 08:29:32,"{""gw-2"": {""1"": ""blocked"", ""2"": ""blocked""}}"
2025-03-31 08:29:33,"{""gw-1"": {""1"": ""blocked"", ""2"": ""blocked""}}"
2025-03-31 08:29:42,"{""gw-2"": {""1"": ""conflict"", ""2"": ""blocked""}}"
2025-03-31 08:29:50,"{""gw-2"": {""1"": ""blocked"", ""2"": ""blocked""}, ""gw-1"": {""1"": ""blocked"", ""2"": ""blocked""}}"
2025-03-31 08:29:55,"{""gw-2"": {""1"": ""blocked"", ""2"": ""conflict""}}"
2025-03-31 08:30:18,"{""gw-1"": {""1"": ""blocked"", ""2"": ""conflict""}}"
2025-03-31 08:30:20,"{""gw-1"": {""1"": ""conflict"", ""2"": ""blocked""}}"
2025-03-31 08:30:23,"{""gw-3"": {""1"": ""blocked"", ""2"": ""blocked""}, ""gw-1"": {""1"": ""blocked"", ""2"": ""blocked""}}"
2025-03-31 08:30:23,"{""gw-1"": {""1"": ""blocked"", ""2"": ""blocked""}}"
2025-03-31 08:30:23,"{""gw-2"": {""1"": ""conflict"", ""2"": ""conflict""}}"
2025-03-31 08:30:24,"{""gw-1"": {""1"": ""blocked"", ""2"": ""blocked""}, ""gw-2"": {""1"": ""conflict"", ""2"": ""blocked""}, ""gw-3"": {""1"": ""blocked"", ""2"": ""blocked""}}"
2025-03-31 08:30:26,"{""gw-2"": {""1"": ""blocked"", ""2"": ""blocked""}, ""gw-1"": {""1"": ""blocked"", ""2"": ""blocked""}}"
2025-03-31 08:30:28,"{""gw-2"": {""1"": ""blocked"", ""2"": ""blocked""}}"
2025-03-31 08:30:31,"{""gw-3"": {""1"": ""conflict"", ""2"": ""conflict""}, ""gw-2"": {""1"": ""blocked"", ""2"": ""blocked""}}"
2025-03-31 08:30:46,"{""gw-2"": {""1"": ""blocked"", ""2"": ""blocked""}}"
2025-03-31 08:30:48,"{""gw-2"": {""1"": ""blocked"", ""2"": ""blocked""}, ""gw-3"": {""1"": ""blocked"", ""2"": ""blocked""}}"
2025-03-31 08:30:56,"{""gw-1"": {""1"": ""blocked"", ""2"": ""blocked""}}"
2025-03-31 08:30:56,"{""gw-2"": {""1"": ""blocked"", ""2"": ""conflict""}}"
2025-03-31 08:30:56,"{""gw-2"": {""1"": ""blocked"", ""2"": ""conflict""}}"
2025-03-31 08:30:58,"{""gw-3"": {""1"": ""conflict"", ""2"": ""conflict""}}"
2025-03-31 08:30:59,"{""gw-2"": {""1"": ""blocked"", ""2"": ""blocked""}}"
2025-03-31 08:31:03,"{""gw-3"": {""1"": ""blocked"", ""2"": ""blocked""}, ""gw-1"": {""1"": ""blocked"", ""2"": ""blocked""}, ""gw-2"": {""1"": ""blocked"", ""2"": ""blocked""}}"
2025-03-31 08:31:05,"{""gw-2"": {""1"": ""blocked"", ""2"": ""blocked""}}"
2025-03-31 08:31:09,"{""gw-1"": {""1"": ""blocked"", ""2"": ""blocked""}}"
2025-03-31 08:31:09,"{""gw-2"": {""1"": ""blocked"", ""2"": ""conflict""}}"
2025-03-31 08:31:14,"{""gw-3"": {""1"": ""blocked"", ""2"": ""blocked""}, ""gw-2"": {""1"": ""blocked"", ""2"": ""blocked""}}"
2025-03-31 08:31:15,"{""gw-1"": {""1"": ""blocked"", ""2"": ""blocked""}}"
2025-03-31 08:31:19,"{""gw-1"": {""1"": ""blocked"", ""2"": ""blocked""}, ""gw-3"": {""1"": ""blocked"", ""2"": ""blocked""}}"
2025-03-31 08:31:20,"{""gw-1"": {""1"": ""blocked"", ""2"": ""blocked""}, ""gw-2"": {""1"": ""blocked"", ""2"": ""blocked""}}"
2025-03-31 08:31:24,"{""gw-1"": {""1"": ""conflict"", ""2"": ""blocked""}}"
2025-03-31 08:31:28,"{""gw-1"": {""1"": ""blocked"", ""2"": ""blocked""}}"
2025-03-31 08:31:33,"{""gw-2"": {""1"": ""conflict"", ""2"": ""blocked""}}"
2025-03-31 08:31:34,"{""gw-1"": {""1"": ""blocked"", ""2"": ""blocked""}}"
2025-03-31 08:31:38,"{""gw-1"": {""1"": ""conflict"", ""2"": ""conflict""}}"
2025-03-31 08:31:38,"{""gw-1"": {""1"": ""conflict"", ""2"": ""conflict""}}"
2025-03-31 08:31:39,"{""gw-1"": {""1"": ""conflict"", ""2"": ""blocked""}}"
2025-03-31 08:31:40,"{""gw-2"": {""1"": ""conflict"", ""2"": ""conflict""}}"
2025-03-31 08:31:49,"{""gw-2"": {""1"": ""blocked"", ""2"": ""blocked""}}"
2025-03-31 08:31:51,"{""gw-3"": {""1"": ""blocked"", ""2"": ""blocked""}}"
2025-03-31 08:31:53,"{""gw-2"": {""1"": ""blocked"", ""2"": ""conflict""}, ""gw-3"": {""1"": ""blocked"", ""2"": ""blocked""}}"
2025-03-31 08:31:56,"{""gw-2"": {""1"": ""blocked"", ""2"": ""blocked""}, ""gw-3"": {""1"": ""blocked"", ""2"": ""blocked""}}"
2025-03-31 08:31:56,"{""gw-2"": {""1"": ""blocked"", ""2"": ""blocked""}, ""gw-3"": {""1"": ""blocked"", ""2"": ""blocked""}}"
2025-03-31 08:32:01,"{""gw-2"": {""1"": ""blocked"", ""2"": ""blocked""}, ""gw-1"": {""1"": ""blocked"", ""2"": ""blocked""}, ""gw-3"": {""1"": ""conflict"", ""2"": ""blocked""}}"
2025-03-31 08:32:08,"{""gw-3"": {""1"": ""blocked"", ""2"": ""blocked""}, ""gw-2"": {""1"": ""blocked"", ""2"": ""blocked""}}"
2025-03-31 08:32:09,"{""gw-3"": {""1"": ""blocked"", ""2"": ""blocked""}, ""gw-2"": {""1"": ""blocked"", ""2"": ""blocked""}}"
2025-03-31 08:32:21,"{""gw-3"": {""1"": ""blocked"", ""2"": ""blocked""}}"
2025-03-31 08:32:21,"{""gw-3"": {""1"": ""blocked"", ""2"": ""blocked""}, ""gw-1"": {""1"": ""blocked"", ""2"": ""conflict""}}"
2025-03-31 08:32:22,"{""gw-1"": {""1"": ""blocked"", ""2"": ""conflict""}}"
2025-03-31 08:32:38,"{""gw-1"": {""1"": ""conflict"", ""2"": ""blocked""}}"
2025-03-31 08:32:42,"{""gw-1"": {""1"": ""conflict"", ""2"": ""blocked""}}"
2025-03-31 08:32:52,"{""gw-1"": {""1"": ""blocked"", ""2"": ""blocked""}, ""gw-2"": {""1"": ""blocked"", ""2"": ""conflict""}}"
2025-03-31 08:32:53,"{""gw-1"": {""1"": ""blocked"", ""2"": ""blocked""}}"
2025-03-31 08:32:57,"{""gw-2"": {""1"": ""blocked"", ""2"": ""blocked""}, ""gw-1"": {""1"": ""blocked"", ""2"": ""blocked""}, ""gw-3"": {""1"": ""blocked"", ""2"": ""blocked""}}"
2025-03-31 08:33:02,"{""gw-3"": {""1"": ""blocked"", ""2"": ""blocked""}}"
2025-03-31 08:33:04,"{""gw-2"": {""1"": ""conflict"", ""2"": ""blocked""}}"
2025-03-31 08:33:07,"{""gw-1"": {""1"": ""blocked"", ""2"": ""blocked""}}"
2025-03-31 08:33:08,"{""gw-2"": {""1"": ""blocked"", ""2"": ""blocked""}, ""gw-1"": {""1"": ""blocked"", ""2"": ""blocked""}}"
2025-03-31 08:33:09,"{""gw-1"": {""1"": ""blocked"", ""2"": ""blocked""}}"
2025-03-31 08:33:12,"{""gw-3"": {""1"": ""blocked"", ""2"": ""blocked""}, ""gw-2"": {""1"": ""blocked"", ""2"": ""blocked""}}"
2025-03-31 08:33:24,"{""gw-3"": {""1"": ""blocked"", ""2"": ""conflict""}, ""gw-1"": {""1"": ""blocked"", ""2"": ""blocked""}}"
2025-03-31 08:33:24,"{""gw-2"": {""1"": ""conflict"", ""2"": ""conflict""}}"
2025-03-31 08:33:27,"{""gw-2"": {""1"": ""blocked"", ""2"": ""blocked""}}"
2025-03-31 08:33:29,"{""gw-1"": {""1"": ""blocked"", ""2"": ""blocked""}}"
2025-03-31 08:33:31,"{""gw-3"": {""1"": ""blocked"", ""2"": ""blocked""}}"
2025-03-31 08:33:36,"{""gw-2"": {""1"": ""conflict"", ""2"": ""blocked""}}"
2025-03-31 08:33:37,"{""gw-3"": {""1"": ""conflict"", ""2"": ""blocked""}}"
2025-03-31 08:33:40,"{""gw-2"": {""1"": ""blocked"", ""2"": ""blocked""}}"
2025-03-31 08:33:41,"{""gw-2"": {""1"": ""blocked"", ""2"": ""blocked""}}"
2025-03-31 08:33:44,"{""gw-3"": {""1"": ""blocked"", ""2"": ""blocked""}}"
2025-03-31 08:33:54,"{""gw-3"": {""1"": ""blocked"", ""2"": ""blocked""}, ""gw-2"": {""1"": ""conflict"", ""2"": ""blocked""}}"
2025-03-31 08:33:57,"{""gw-3"": {""1"": ""blocked"", ""2"": ""blocked""}, ""gw-2"": {""1"": ""blocked"", ""2"": ""blocked""}}"
2025-03-31 08:33:57,"{""gw-1"": {""1"": ""blocked"", ""2"": ""blocked""}}"
2025-03-31 08:33:57,"{""gw-3"": {""1"": ""blocked"", ""2"": ""blocked""}, ""gw-2"": {""1"": ""blocked"", ""2"": ""blocked""}}"
2025-03-31 08:33:58,"{""gw-2"": {""1"": ""blocked"", ""2"": ""blocked""}, ""gw-3"": {""1"": ""blocked"", ""2"": ""blocked""}}"
2025-03-31 08:33:59,"{""gw-3"": {""1"": ""blocked"", ""2"": ""blocked""}}"
2025-03-31 08:34:01,"{""gw-2"": {""1"": ""blocked"", ""2"": ""blocked""}}"
2025-03-31 08:34:02,"{""gw-2"": {""1"": ""blocked"", ""2"": ""blocked""}}"
2025-03-31 08:34:05,"{""gw-1"": {""1"": ""blocked"", ""2"": ""blocked""}}"
2025-03-31 08:34:10,"{""gw-2"": {""1"": ""blocked"", ""2"": ""blocked""}, ""gw-3"": {""1"": ""blocked"", ""2"": ""blocked""}}"
2025-03-31 08:34:11,"{""gw-3"": {""1"": ""blocked"", ""2"": ""blocked""}}"
2025-03-31 08:34:25,"{""gw-2"": {""1"": ""blocked"", ""2"": ""blocked""}}"
2025-03-31 08:34:25,"{""gw-3"": {""1"": ""blocked"", ""2"": ""blocked""}}"
2025-03-31 08:34:29,"{""gw-3"": {""1"": ""blocked"", ""2"": ""blocked""}}"
2025-03-31 08:34:29,"{""gw-1"": {""1"": ""blocked"", ""2"": ""blocked""}, ""gw-3"": {""1"": ""blocked"", ""2"": ""blocked""}, ""gw-2"": {""1"": ""blocked"", ""2"": ""blocked""}}"
2025-03-31 08:34:31,"{""gw-1"": {""1"": ""blocked"", ""2"": ""blocked""}}"
2025-03-31 08:34:31,"{""gw-2"": {""1"": ""blocked"", ""2"": ""blocked""}}"
2025-03-31 08:34:41,"{""gw-1"": {""1"": ""blocked"", ""2"": ""blocked""}}"
2025-03-31 08:34:44,"{""gw-2"": {""1"": ""blocked"", ""2"": ""blocked""}, ""gw-1"": {""1"": ""blocked"", ""2"": ""blocked""}}"
2025-03-31 08:34:45,"{""gw-2"": {""1"": ""blocked"", ""2"": ""blocked""}}"
2025-03-31 08:34:46,"{""gw-1"": {""1"": ""blocked"", ""2"": ""blocked""}, ""gw-2"": {""1"": ""blocked"", ""2"": ""blocked""}}"
2025-03-31 08:34:57,"{""gw-2"": {""1"": ""conflict"", ""2"": ""blocked""}, ""gw-1"": {""1"": ""blocked"", ""2"": ""blocked""}}"
2025-03-31 08:34:57,"{""gw-3"": {""1"": ""blocked"", ""2"": ""blocked""}}"
2025-03-31 08:34:59,"{""gw-1"": {""1"": ""blocked"", ""2"": ""blocked""}}"
2025-03-31 08:34:59,"{""gw-2"": {""1"": ""blocked"", ""2"": ""blocked""}, ""gw-3"": {""1"": ""blocked"", ""2"": ""blocked""}, ""gw-1"": {""1"": ""blocked"", ""2"": ""blocked""}}"
2025-03-31 08:35:00,"{""gw-3"": {""1"": ""blocked"", ""2"": ""blocked""}}"
2025-03-31 08:35:02,"{""gw-2"": {""1"": ""blocked"", ""2"": ""blocked""}}"
2025-03-31 08:35:04,"{""gw-3"": {""1"": ""conflict"", ""2"": ""blocked""}}"
2025-03-31 08:35:09,"{""gw-1"": {""1"": ""blocked"", ""2"": ""blocked""}}"
2025-03-31 08:35:11,"{""gw-1"": {""1"": ""blocked"", ""2"": ""blocked""}, ""gw-2"": {""1"": ""blocked"", ""2"": ""blocked""}}"
2025-03-31 08:35:14,"{""gw-1"": {""1"": ""blocked"", ""2"": ""blocked""}}"
2025-03-31 08:35:18,"{""gw-2"": {""1"": ""blocked"", ""2"": ""blocked""}}"
2025-03-31 08:35:30,"{""gw-2"": {""1"": ""blocked"", ""2"": ""blocked""}, ""gw-3"": {""1"": ""blocked"", ""2"": ""blocked""}}"
2025-03-31 08:35:30,"{""gw-3"": {""1"": ""blocked"", ""2"": ""blocked""}}"
2025-03-31 08:35:43,"{""gw-1"": {""1"": ""conflict"", ""2"": ""blocked""}, ""gw-2"": {""1"": ""blocked"", ""2"": ""conflict""}}"
2025-03-31 08:35:43,"{""gw-2"": {""1"": ""blocked"", ""2"": ""conflict""}, ""gw-1"": {""1"": ""conflict"", ""2"": ""blocked""}}"
2025-03-31 08:35:47,"{""gw-2"": {""1"": ""blocked"", ""2"": ""blocked""}, ""gw-3"": {""1"": ""blocked"", ""2"": ""blocked""}}"
2025-03-31 08:35:49,"{""gw-2"": {""1"": ""blocked"", ""2"": ""blocked""}}"
2025-03-31 08:35:51,"{""gw-2"": {""1"": ""blocked"", ""2"": ""blocked""}}"
2025-03-31 08:35:52,"{""gw-1"": {""1"": ""blocked"", ""2"": ""blocked""}}"
2025-03-31 08:36:05,"{""gw-1"": {""1"": ""blocked"", ""2"": ""blocked""}, ""gw-3"": {""1"": ""blocked"", ""2"": ""blocked""}}"
2025-03-31 08:36:08,"{""gw-1"": {""1"": ""blocked"", ""2"": ""blocked""}, ""gw-3"": {""1"": ""blocked"", ""2"": ""blocked""}}"
2025-03-31 08:36:08,"{""gw-3"": {""1"": ""blocked"", ""2"": ""blocked""}}"
2025-03-31 08:36:13,"{""gw-2"": {""1"": ""blocked"", ""2"": ""blocked""}}"
2025-03-31 08:36:16,"{""gw-2"": {""1"": ""blocked"", ""2"": ""blocked""}}"
2025-03-31 08:36:21,"{""gw-2"": {""1"": ""blocked"", ""2"": ""conflict""}}"
