Time,ID, Address, FType,X,Y,Z,GWDist,Data Rate, Tx Power, Tx,CTx,UCTx, Rx,CRx,UCRx, HD-CUL,HD-UUL, TXdl,Rxdl, Rx1, Rx2, Rx1_s, Rx2_s, Rx1_dc, Rx2_dc, MaxOT, OT
3600,4,0000001|0000000000000000000000000,2,-79.7291,367.992,1,142.405,5,14,9,0,9,5,0,5,0,2,0,0,0,0,0,0,0,0
3600,5,0000001|0000000000000000000000001,4,268.802,463.394,1,343.208,1,14,11,11,0,11,11,0,0,0,9,5,5,4,2,3,0,0
3600,6,0000001|0000000000000000000000010,2,-127.972,321.255,1,146.473,5,14,15,1,14,11,1,10,0,1,1,1,0,1,0,1,0,0
3600,7,0000001|0000000000000000000000011,2,-45.7616,131.434,1,127.091,4,14,9,0,9,9,0,9,0,0,0,0,0,0,0,0,0,0
3600,8,0000001|0000000000000000000000100,2,173.29,-332.018,1,340.764,1,14,12,1,11,8,0,8,0,1,0,0,0,0,0,0,0,0
3600,9,0000001|0000000000000000000000101,2,60.3002,498.083,1,255.307,3,14,9,0,9,6,0,6,0,1,0,0,0,0,0,0,0,0
3600,10,0000001|0000000000000000000000110,4,321.264,268.561,1,277.856,1,14,10,10,0,9,9,0,1,0,6,5,2,4,1,4,0,0
3600,11,0000001|0000000000000000000000111,2,-201.182,-363.003,1,366.271,0,14,10,1,9,7,0,7,1,1,0,0,0,0,0,0,0,0
3600,12,0000001|0000000000000000000001000,2,-235.014,-196.458,1,197.029,4,14,16,1,15,12,1,11,0,0,0,0,0,0,0,0,0,0
3600,13,0000001|0000000000000000000001001,4,286.817,-4.68201,1,37.1164,5,14,9,9,0,8,8,0,1,0,5,5,1,4,1,4,0,0
3600,14,0000001|0000000000000000000001010,4,-156.345,120.631,1,152.719,4,14,15,15,0,13,13,0,1,0,7,7,1,6,1,6,0,0
3600,15,0000001|0000000000000000000001011,2,-137.28,440.281,1,234.634,2,14,13,1,12,11,1,10,0,0,1,1,0,1,0,1,0,0
3600,16,0000001|0000000000000000000001100,2,212.075,496.261,1,324.993,3,14,9,0,9,8,0,8,0,0,0,0,0,0,0,0,0,0
3600,17,0000001|0000000000000000000001101,2,-9.62559,-488.531,1,544.466,0,14,10,1,9,9,1,8,0,1,0,0,0,0,0,0,0,0
3600,18,0000001|0000000000000000000001110,4,404.599,-172.352,1,231.53,4,14,12,12,0,10,10,0,0,0,5,4,3,2,2,2,0,0
3600,19,0000001|0000000000000000000001111,2,-315.654,384.095,1,342.957,2,14,13,1,12,11,1,10,0,0,1,1,1,0,1,0,0,0
3600,20,0000001|0000000000000000000010000,2,-395.717,231.97,1,273.941,2,14,12,1,11,9,0,9,0,0,0,0,0,0,0,0,0,0
3600,21,0000001|0000000000000000000010001,2,89.8786,-116.753,1,198.167,4,14,12,1,11,11,1,10,0,0,1,1,1,0,1,0,0,0
3600,22,0000001|0000000000000000000010010,2,312.639,-402.273,1,407.121,0,14,10,1,9,7,1,6,0,0,1,1,0,1,0,1,0,0
3600,23,0000001|0000000000000000000010011,4,-450.251,-283.655,1,347.219,0,14,12,12,0,11,11,0,0,0,8,5,3,5,1,4,0,0
3600,24,0000001|0000000000000000000010100,4,-174.662,27.5551,1,80.2205,5,14,9,9,0,8,8,0,0,0,5,5,1,4,1,4,0,0
3600,25,0000001|0000000000000000000010101,4,449.393,235.607,1,308.656,2,14,11,11,0,7,7,0,0,0,5,2,2,3,0,2,0,0
3600,26,0000001|0000000000000000000010110,2,-325.344,-195.612,1,209.621,2,14,18,1,17,16,1,15,0,1,1,1,1,0,1,0,0,0
3600,27,0000001|0000000000000000000010111,2,-42.2926,442.989,1,197.569,3,14,7,0,7,6,0,6,0,0,0,0,0,0,0,0,0,0
3600,28,0000001|0000000000000000000011000,2,-278.027,-399.261,1,400.244,0,14,12,1,11,12,1,11,0,0,1,1,1,0,1,0,0,0
3600,29,0000001|0000000000000000000011001,4,-157.144,-386.747,1,397.738,0,14,7,7,0,7,7,0,0,0,4,3,1,3,1,2,0,0
3600,30,0000001|0000000000000000000011010,2,194.313,-411.455,1,415.207,0,14,12,1,11,10,1,9,0,0,1,0,1,0,0,0,0,0
3600,31,0000001|0000000000000000000011011,2,-336.364,93.8163,1,127.517,5,14,13,1,12,12,1,11,0,0,1,1,0,1,0,1,0,0
3600,32,0000001|0000000000000000000011100,2,175.888,-332.912,1,341.062,1,14,13,1,12,12,1,11,0,0,1,1,1,0,1,0,0,0
3600,33,0000001|0000000000000000000011101,4,-325.267,-296.005,1,305.425,1,14,9,9,0,7,7,0,1,0,6,5,3,3,2,3,0,0
3600,34,0000001|0000000000000000000011110,2,236.575,-468.976,1,469.168,0,14,9,0,9,6,0,6,0,1,0,0,0,0,0,0,0,0
3600,35,0000001|0000000000000000000011111,2,-41.8074,-12.1125,1,208.545,3,14,15,1,14,13,1,12,0,1,1,0,0,1,0,0,0,0
3600,36,0000001|0000000000000000000100000,2,-162.196,275.193,1,164.142,4,14,7,0,7,7,0,7,0,0,0,0,0,0,0,0,0,0
3600,37,0000001|0000000000000000000100001,2,184.142,-256.168,1,264.499,1,14,9,0,9,8,0,8,0,0,0,0,0,0,0,0,0,0
3600,38,0000001|0000000000000000000100010,2,-271.398,53.2112,1,57.3545,5,14,8,0,8,8,0,8,0,0,0,0,0,0,0,0,0,0
3600,39,0000001|0000000000000000000100011,4,-290.275,457.16,1,356.616,0,14,8,8,0,6,6,0,0,0,5,4,2,3,2,2,0,0
3600,40,0000001|0000000000000000000100100,2,35.8639,199.744,1,61.7427,5,14,11,1,10,10,0,10,1,0,0,0,0,0,0,0,0,0
3600,41,0000001|0000000000000000000100101,2,-340.735,-53.8723,1,105.524,5,14,10,1,9,6,1,5,0,1,1,1,0,1,0,1,0,0
3600,42,0000001|0000000000000000000100110,2,-136.225,-33.1736,1,118.513,5,14,11,1,10,11,1,10,0,0,1,0,0,1,0,0,0,0
3600,43,0000001|0000000000000000000100111,2,482.234,-329.973,1,403.503,2,14,8,0,8,4,0,4,0,1,0,0,0,0,0,0,0,0
3600,44,0000001|0000000000000000000101000,4,-47.513,137.822,1,121.826,5,14,3,3,0,3,3,0,0,0,3,3,3,0,3,0,0,0
3600,45,0000001|0000000000000000000101001,2,-140.918,334.306,1,164.213,4,14,6,0,6,4,0,4,0,0,0,0,0,0,0,0,0,0
3600,46,0000001|0000000000000000000101010,4,286.843,-32.3899,1,49.0585,5,14,17,17,0,17,17,0,0,0,12,12,4,8,4,8,0,0
3600,47,0000001|0000000000000000000101011,4,472.366,-82.2672,1,237.097,3,14,7,7,0,6,6,0,0,0,4,4,1,3,1,3,0,0
3600,48,0000001|0000000000000000000101100,2,-170.907,-249.467,1,261.705,0,14,11,1,10,10,0,10,1,0,0,0,0,0,0,0,0,0
3600,49,0000001|0000000000000000000101101,4,-207.34,-160.922,1,166.482,4,14,5,5,0,4,4,0,1,0,4,4,0,4,0,4,0,0
3600,50,0000001|0000000000000000000101110,2,497.998,-25.7286,1,249.33,4,14,9,0,9,5,0,5,0,0,0,0,0,0,0,0,0,0
3600,51,0000001|0000000000000000000101111,2,-460.015,-325.54,1,387.405,0,14,15,1,14,12,1,11,0,2,1,0,0,1,0,0,0,0
3600,52,0000001|0000000000000000000110000,2,-90.001,-457.422,1,484.598,1,14,10,1,9,7,0,7,1,0,0,0,0,0,0,0,0,0
3600,53,0000001|0000000000000000000110001,4,2.00649,86.6869,1,163.326,4,14,9,9,0,8,8,0,0,0,4,1,0,4,0,1,0,0
3600,54,0000001|0000000000000000000110010,2,-450.127,-167.424,1,260.925,1,14,17,1,16,14,0,14,1,1,0,0,0,0,0,0,0,0
3600,55,0000001|0000000000000000000110011,2,417.246,-318.219,1,359.493,0,14,9,0,9,7,0,7,0,1,0,0,0,0,0,0,0,0
3600,56,0000001|0000000000000000000110100,2,-203.354,480.529,1,307.403,4,14,14,1,13,9,1,8,0,0,1,0,0,1,0,0,0,0
3600,57,0000001|0000000000000000000110101,4,-250.456,125.81,1,125.812,5,14,7,7,0,7,7,0,0,0,7,5,3,4,1,4,0,0
3600,58,0000001|0000000000000000000110110,4,-206.736,-221.63,1,225.814,2,14,12,12,0,11,11,0,0,0,6,4,1,5,0,4,0,0
3600,59,0000001|0000000000000000000110111,4,140.547,-461.619,1,474.418,0,14,12,12,0,10,10,0,1,0,8,6,3,5,2,4,0,0
3600,60,0000001|0000000000000000000111000,2,282.116,171.071,1,174.06,5,14,14,1,13,11,0,11,0,0,0,0,0,0,0,0,0,0
3600,61,0000001|0000000000000000000111001,2,-306.753,-171.002,1,180.174,4,14,10,1,9,8,1,7,0,0,0,0,0,0,0,0,0,0
3600,62,0000001|0000000000000000000111010,4,181.223,234.501,1,181.885,4,14,9,9,0,8,8,0,0,0,6,5,2,4,1,4,0,0
3600,63,0000001|0000000000000000000111011,2,-59.3661,-13.9898,1,191.147,3,14,12,1,11,12,1,11,0,0,1,1,0,1,0,1,0,0
3600,64,0000001|0000000000000000000111100,2,148.54,-195.073,1,219.882,4,14,13,1,12,10,1,9,0,0,1,1,0,1,0,1,0,0
3600,65,0000001|0000000000000000000111101,2,-275.084,102.317,1,105.348,5,14,11,1,10,8,0,8,1,1,0,0,0,0,0,0,0,0
3600,66,0000001|0000000000000000000111110,2,-229.519,220.613,1,221.563,3,14,15,1,14,15,1,14,0,0,0,0,0,0,0,0,0,0
3600,67,0000001|0000000000000000000111111,4,-212.07,360.856,1,239.297,2,14,8,8,0,6,6,0,1,0,3,2,2,1,2,0,0,0
3600,68,0000001|0000000000000000001000000,2,-383.422,-231.252,1,266.982,0,14,5,0,5,5,0,5,0,0,0,0,0,0,0,0,0,0
3600,69,0000001|0000000000000000001000001,2,-399.662,-245.491,1,287.515,3,14,10,1,9,9,1,8,0,0,0,0,0,0,0,0,0,0
3600,70,0000001|0000000000000000001000010,2,-370.65,-130.311,1,177.589,4,14,14,1,13,12,0,12,0,0,0,0,0,0,0,0,0,0
3600,71,0000001|0000000000000000001000011,2,356.094,-7.53393,1,106.363,5,14,10,1,9,9,1,8,0,1,1,0,1,0,0,0,0,0
3600,72,0000001|0000000000000000001000100,2,300.15,451.889,1,361.731,3,14,9,0,9,6,0,6,0,0,0,0,0,0,0,0,0,0
3600,73,0000001|0000000000000000001000101,4,98.8464,-143.336,1,208.31,3,14,9,9,0,8,8,0,0,0,2,1,0,2,0,1,0,0
3600,74,0000001|0000000000000000001000110,2,-242.372,-102.471,1,102.756,5,14,9,0,9,9,0,9,0,0,0,0,0,0,0,0,0,0
3600,75,0000001|0000000000000000001000111,2,57.6498,-155.28,1,247.206,4,14,5,0,5,4,0,4,0,1,0,0,0,0,0,0,0,0
3600,76,0000001|0000000000000000001001000,4,135.935,94.5712,1,148.172,4,14,10,10,0,10,10,0,0,0,7,6,2,5,1,5,0,0
3600,77,0000001|0000000000000000001001001,2,171.485,-295.444,1,305.699,4,14,10,1,9,6,1,5,0,0,0,0,0,0,0,0,0,0
3600,78,0000001|0000000000000000001001010,4,-90.972,-149.528,1,218.286,3,14,7,7,0,5,5,0,2,0,3,2,2,1,1,1,0,0
3600,79,0000001|0000000000000000001001011,2,262.623,29.6068,1,32.1894,5,14,11,1,10,10,1,9,0,1,1,1,0,1,0,1,0,0
3600,80,0000001|0000000000000000001001100,2,305.482,203.856,1,211.271,4,14,7,0,7,5,0,5,0,0,0,0,0,0,0,0,0,0
3600,81,0000001|0000000000000000001001101,2,79.4735,243.782,1,79.718,5,14,7,0,7,7,0,7,0,0,0,0,0,0,0,0,0,0
3600,82,0000001|0000000000000000001001110,2,268.665,121.152,1,122.582,5,14,14,1,13,13,1,12,0,1,1,1,0,1,0,1,0,0
3600,83,0000001|0000000000000000001001111,2,-206.751,-351.725,1,354.374,1,14,7,0,7,5,0,5,0,1,0,0,0,0,0,0,0,0
3600,84,0000001|0000000000000000001010000,2,-284.203,59.3585,1,68.5091,5,14,6,0,6,6,0,6,0,0,0,0,0,0,0,0,0,0
3600,85,0000001|0000000000000000001010001,2,-272.751,-275.038,1,275.977,2,14,10,1,9,9,1,8,0,0,1,1,0,1,0,1,0,0
3600,86,0000001|0000000000000000001010010,2,157.453,475.472,1,275.008,2,14,7,0,7,7,0,7,0,0,0,0,0,0,0,0,0,0
3600,87,0000001|0000000000000000001010011,2,-19.0141,173.008,1,79.3069,5,14,8,0,8,8,0,8,0,0,0,0,0,0,0,0,0,0
3600,88,0000001|0000000000000000001010100,2,-446.919,-454.69,1,495.5,0,14,11,1,10,7,1,6,0,0,1,1,1,0,1,0,0,0
3600,89,0000001|0000000000000000001010101,2,-343.67,-294.065,1,308.623,0,14,13,1,12,13,1,12,0,0,0,0,0,0,0,0,0,0
3600,90,0000001|0000000000000000001010110,2,-203.908,486.869,1,312.547,1,14,13,1,12,11,1,10,0,1,0,0,0,0,0,0,0,0
3600,91,0000001|0000000000000000001010111,4,241.228,-117.142,1,117.471,5,14,10,10,0,9,9,0,1,0,7,5,1,6,0,5,0,0
3600,92,0000001|0000000000000000001011000,4,291.841,-117.59,1,124.814,5,14,9,9,0,8,8,0,0,0,5,4,2,3,1,3,0,0
3600,93,0000001|0000000000000000001011001,2,-443.271,-193.083,1,273.194,2,14,12,1,11,11,1,10,0,0,0,0,0,0,0,0,0,0
3600,94,0000001|0000000000000000001011010,2,249.82,-347.784,1,347.784,2,14,8,0,8,4,0,4,0,1,0,0,0,0,0,0,0,0
3600,95,0000001|0000000000000000001011011,2,11.3127,362.172,1,112.742,5,14,9,0,9,8,0,8,0,0,0,0,0,0,0,0,0,0
3600,96,0000001|0000000000000000001011100,2,157.506,329.602,1,176.479,4,14,12,1,11,11,1,10,0,0,1,1,0,1,0,1,0,0
3600,97,0000001|0000000000000000001011101,4,393.973,-60.5038,1,156.171,4,14,15,15,0,14,14,0,0,0,10,5,3,7,1,4,0,0
3600,98,0000001|0000000000000000001011110,2,-295.868,40.8278,1,61.4085,5,14,9,0,9,9,0,9,0,0,0,0,0,0,0,0,0,0
3600,99,0000001|0000000000000000001011111,2,388.345,-309.315,1,338.844,0,14,6,0,6,5,0,5,0,1,0,0,0,0,0,0,0,0
3600,100,0000001|0000000000000000001100000,2,485.37,149.972,1,279.09,2,14,15,1,14,10,1,9,0,0,0,0,0,0,0,0,0,0
3600,101,0000001|0000000000000000001100001,4,-151.402,296.664,1,158.431,4,14,11,11,0,10,10,0,1,0,8,8,3,5,3,5,0,0
3600,102,0000001|0000000000000000001100010,2,335.289,-281.674,1,294.304,0,14,10,1,9,8,1,7,0,0,1,1,0,1,0,1,0,0
3600,103,0000001|0000000000000000001100011,2,306.559,-58.2475,1,81.1906,5,14,10,1,9,9,1,8,0,0,1,1,1,0,1,0,0,0
3600,104,0000001|0000000000000000001100100,2,199.267,154.243,1,162.373,5,14,6,0,6,4,0,4,0,0,0,0,0,0,0,0,0,0
3600,105,0000001|0000000000000000001100101,4,-343.292,-23.2839,1,96.1553,5,14,12,12,0,11,11,0,0,0,9,7,2,7,0,7,0,0
3600,106,0000001|0000000000000000001100110,2,-217.904,-329.265,1,330.826,2,14,10,1,9,9,1,8,0,0,1,0,1,0,0,0,0,0
3600,107,0000001|0000000000000000001100111,2,-254.862,250.019,1,250.067,4,14,9,0,9,6,0,6,0,1,0,0,0,0,0,0,0,0
3600,108,0000001|0000000000000000001101000,2,133.34,81.9858,1,142.588,4,14,10,1,9,10,1,9,0,0,1,0,1,0,0,0,0,0
3600,109,0000001|0000000000000000001101001,4,-315.049,-15.2428,1,66.8126,5,14,11,11,0,8,8,0,1,0,5,5,1,4,1,4,0,0
3600,110,0000001|0000000000000000001101010,2,68.5699,-217.105,1,282.934,2,14,19,2,17,12,2,10,0,3,2,1,2,0,1,0,0,0
3600,111,0000001|0000000000000000001101011,2,-447.931,403.457,1,449.394,1,14,15,1,14,14,0,14,0,0,0,0,0,0,0,0,0,0
3600,112,0000001|0000000000000000001101100,2,5.90548,299.649,1,50.0012,5,14,11,1,10,11,1,10,0,0,1,1,1,0,1,0,0,0
3600,113,0000001|0000000000000000001101101,2,108.65,345.827,1,144.872,5,14,10,1,9,8,1,7,0,0,0,0,0,0,0,0,0,0
3600,114,0000001|0000000000000000001101110,2,-19.8254,256.279,1,20.8018,5,14,6,0,6,6,0,6,0,0,0,0,0,0,0,0,0,0
3600,115,0000001|0000000000000000001101111,2,-99.3995,-243.486,1,286.297,2,14,8,0,8,5,0,5,0,0,0,0,0,0,0,0,0,0
3600,116,0000001|0000000000000000001110000,2,-132.996,-230.691,1,258.666,2,14,7,0,7,5,0,5,0,0,0,0,0,0,0,0,0,0
3600,117,0000001|0000000000000000001110001,2,-171.989,-19.7258,1,80.4682,5,14,11,1,10,10,1,9,0,1,1,1,1,0,1,0,0,0
3600,118,0000001|0000000000000000001110010,2,133.11,-295.526,1,317.803,2,14,11,1,10,10,1,9,0,1,0,0,0,0,0,0,0,0
3600,119,0000001|0000000000000000001110011,2,463.851,-34.8679,1,216.676,2,14,9,0,9,8,0,8,0,1,0,0,0,0,0,0,0,0
3600,120,0000001|0000000000000000001110100,2,-302.697,-146.551,1,155.739,5,14,7,0,7,3,0,3,0,0,0,0,0,0,0,0,0,0
3600,121,0000001|0000000000000000001110101,2,381.272,327.234,1,352.583,0,14,14,1,13,13,1,12,0,0,1,1,0,1,0,1,0,0
3600,122,0000001|0000000000000000001110110,2,124.351,-80.3346,1,149.136,5,14,10,1,9,7,1,6,0,1,1,1,0,1,0,1,0,0
3600,123,0000001|0000000000000000001110111,4,30.14,-116.043,1,248.605,2,14,11,11,0,10,10,0,1,0,7,6,2,5,2,4,0,0
3600,124,0000001|0000000000000000001111000,2,183.922,-52.5942,1,84.4552,5,14,13,1,12,11,0,11,0,0,0,0,0,0,0,0,0,0
3600,125,0000001|0000000000000000001111001,2,178.34,194.36,1,186.819,5,14,8,0,8,5,0,5,0,1,0,0,0,0,0,0,0,0
3600,126,0000001|0000000000000000001111010,4,338.687,-282.879,1,296.456,3,14,11,11,0,9,9,0,0,0,7,5,4,3,2,3,0,0
3600,127,0000001|0000000000000000001111011,2,11.3655,11.0149,1,238.889,4,14,9,0,9,9,0,9,0,0,0,0,0,0,0,0,0,0
3600,128,0000001|0000000000000000001111100,2,484.345,363.369,1,432.383,0,14,12,1,11,9,1,8,0,1,0,0,0,0,0,0,0,0
3600,129,0000001|0000000000000000001111101,4,161.706,117.093,1,146.653,5,14,13,13,0,11,11,0,1,0,9,8,1,8,0,8,0,0
3600,130,0000001|0000000000000000001111110,2,-470.905,-447.649,1,499.188,1,14,13,1,12,10,1,9,0,0,1,1,1,0,1,0,0,0
3600,131,0000001|0000000000000000001111111,2,-61.7684,126.531,1,138.058,5,14,12,1,11,10,1,9,0,1,0,0,0,0,0,0,0,0
3600,132,0000001|0000000000000000010000000,2,-253.272,75.7233,1,75.7956,5,14,12,1,11,12,1,11,0,0,0,0,0,0,0,0,0,0
3600,133,0000001|0000000000000000010000001,2,193.045,0.800744,1,56.9628,5,14,9,0,9,8,0,8,0,0,0,0,0,0,0,0,0,0
3600,134,0000001|0000000000000000010000010,2,375.944,-217.616,1,251.434,3,14,8,0,8,7,0,7,0,0,0,0,0,0,0,0,0,0
3600,135,0000001|0000000000000000010000011,2,-354.475,-240.306,1,262.035,2,14,10,1,9,9,1,8,0,0,1,1,0,1,0,1,0,0
3600,136,0000001|0000000000000000010000100,4,193.263,476.323,1,297.612,0,14,6,6,0,6,6,0,0,0,4,3,2,2,2,1,0,0
3600,137,0000001|0000000000000000010000101,2,-172.698,287.245,1,176.67,4,14,10,1,9,8,1,7,0,1,1,1,0,1,0,1,0,0
3600,138,0000001|0000000000000000010000110,2,334.676,-493.417,1,500.631,0,14,12,1,11,7,1,6,0,2,1,1,0,1,0,1,0,0
3600,139,0000001|0000000000000000010000111,2,-374.229,-134.571,1,183.146,5,14,14,1,13,10,1,9,0,0,1,0,1,0,0,0,0,0
3600,140,0000001|0000000000000000010001000,2,-495.984,117.111,1,272.439,2,14,10,1,9,9,1,8,0,1,0,0,0,0,0,0,0,0
3600,141,0000001|0000000000000000010001001,4,127.171,-80.4151,1,146.812,5,14,14,14,0,12,12,0,0,0,3,2,2,1,1,1,0,0
3600,142,0000001|0000000000000000010001010,2,409.011,277.635,1,319.947,2,14,12,1,11,10,1,9,0,0,1,0,0,1,0,0,0,0
3600,143,0000001|0000000000000000010001011,4,459.723,-349.816,1,407.867,0,14,9,9,0,6,6,0,0,0,5,3,2,3,1,2,0,0
3600,144,0000001|0000000000000000010001100,2,-47.5869,449.489,1,205.087,3,14,14,1,13,14,1,13,0,0,1,0,1,0,0,0,0,0
3600,145,0000001|0000000000000000010001101,2,-494.208,-328.989,1,409.721,0,14,9,0,9,8,0,8,0,0,0,0,0,0,0,0,0,0
3600,146,0000001|0000000000000000010001110,2,-165.432,343.713,1,190.132,4,14,12,1,11,10,1,9,0,0,0,0,0,0,0,0,0,0
3600,147,0000001|0000000000000000010001111,4,384.087,-399.464,1,421.368,1,14,9,9,0,7,7,0,0,0,3,2,2,1,1,1,0,0
3600,148,0000001|0000000000000000010010000,4,371.064,-411.183,1,428.636,0,14,7,7,0,5,5,0,0,0,5,4,0,5,0,4,0,0
3600,149,0000001|0000000000000000010010001,4,365.957,-247.83,1,273.616,2,14,8,8,0,7,7,0,1,0,4,3,0,4,0,3,0,0
3600,150,0000001|0000000000000000010010010,4,-154.984,300.932,1,163.139,4,14,13,13,0,11,11,0,0,0,9,8,2,7,2,6,0,0
3600,151,0000001|0000000000000000010010011,4,-323.877,114.023,1,135.865,4,14,15,15,0,13,13,0,0,0,9,8,2,7,1,7,0,0
3600,152,0000001|0000000000000000010010100,2,-288.596,-261.225,1,264.061,3,14,12,1,11,12,1,11,0,0,1,0,1,0,0,0,0,0
3600,153,0000001|0000000000000000010010101,2,476.491,0.359894,1,226.492,3,14,10,1,9,8,1,7,0,1,0,0,0,0,0,0,0,0
3600,154,0000001|0000000000000000010010110,2,84.975,-107.791,1,197.11,4,14,18,1,17,16,1,15,0,1,0,0,0,0,0,0,0,0
3600,155,0000001|0000000000000000010010111,2,-187.328,-494.929,1,498.882,0,14,11,1,10,5,0,5,1,1,0,0,0,0,0,0,0,0
3600,156,0000001|0000000000000000010011000,2,-259.873,-292.338,1,292.505,1,14,9,0,9,6,0,6,0,3,0,0,0,0,0,0,0,0
3600,157,0000001|0000000000000000010011001,2,123.356,-214.629,1,249.208,3,14,12,1,11,11,1,10,0,0,1,1,0,1,0,1,0,0
3600,158,0000001|0000000000000000010011010,4,-75.7934,-83.4259,1,193.153,4,14,11,11,0,8,8,0,1,0,3,3,2,1,2,1,0,0
3600,159,0000001|0000000000000000010011011,2,115.341,8.67686,1,134.939,5,14,8,0,8,8,0,8,0,0,0,0,0,0,0,0,0,0
3600,160,0000001|0000000000000000010011100,4,26.932,101.004,1,151.411,5,14,16,16,0,15,15,0,0,0,10,7,4,6,2,5,0,0
3600,161,0000001|0000000000000000010011101,2,348.388,-311.108,1,326.295,3,14,9,0,9,5,0,5,0,0,0,0,0,0,0,0,0,0
3600,162,0000001|0000000000000000010011110,2,-356.603,389.007,1,382.738,2,14,10,1,9,8,1,7,0,0,0,0,0,0,0,0,0,0
3600,163,0000001|0000000000000000010011111,2,-456.505,337.83,1,395.946,0,14,13,1,12,10,1,9,0,1,1,1,0,1,0,1,0,0
3600,164,0000001|0000000000000000010100000,2,487.528,-11.2661,1,237.795,2,14,15,1,14,15,1,14,0,0,1,1,0,1,0,1,0,0
3600,165,0000001|0000000000000000010100001,2,257.772,-138.156,1,138.375,5,14,13,1,12,10,1,9,0,0,0,0,0,0,0,0,0,0
3600,166,0000001|0000000000000000010100010,2,-97.9042,181.89,1,119.267,5,14,9,0,9,9,0,9,0,0,0,0,0,0,0,0,0,0
3600,167,0000001|0000000000000000010100011,4,175.54,-295.356,1,304.598,1,14,7,7,0,6,6,0,1,0,5,4,2,3,1,3,0,0
3600,168,0000001|0000000000000000010100100,2,198.215,-101.171,1,113.655,5,14,14,1,13,13,1,12,0,0,1,1,0,1,0,1,0,0
3600,169,0000001|0000000000000000010100101,2,-398.847,-130.63,1,198.04,2,14,8,0,8,7,0,7,0,0,0,0,0,0,0,0,0,0
3600,170,0000001|0000000000000000010100110,2,-317.291,262.543,1,271.03,4,14,7,0,7,5,0,5,0,0,0,0,0,0,0,0,0,0
3600,171,0000001|0000000000000000010100111,2,-410.279,438.61,1,451.556,2,14,6,0,6,6,0,6,0,0,0,0,0,0,0,0,0,0
3600,172,0000001|0000000000000000010101000,4,-379.65,-375.13,1,396.903,2,14,9,9,0,6,6,0,1,0,6,5,4,2,3,2,0,0
3600,173,0000001|0000000000000000010101001,2,-490.931,-426.789,1,490.099,0,14,6,0,6,6,0,6,0,0,0,0,0,0,0,0,0,0
3600,174,0000001|0000000000000000010101010,2,6.79563,60.2715,1,189.851,3,14,10,1,9,10,1,9,0,0,1,1,0,1,0,1,0,0
3600,175,0000001|0000000000000000010101011,4,-294.61,-322.176,1,325.25,2,14,11,11,0,10,10,0,1,0,8,8,3,5,3,5,0,0
3600,176,0000001|0000000000000000010101100,2,21.4833,-146.107,1,271.233,2,14,15,1,14,13,0,13,1,0,0,0,0,0,0,0,0,0
3600,177,0000001|0000000000000000010101101,2,26.8462,303.591,1,59.9414,5,14,13,1,12,11,1,10,0,0,1,1,0,1,0,1,0,0
3600,178,0000001|0000000000000000010101110,2,139.149,149.637,1,171.568,5,14,12,1,11,10,1,9,0,0,1,1,1,0,1,0,0,0
3600,179,0000001|0000000000000000010101111,2,414.53,356.696,1,392.813,1,14,12,1,11,8,1,7,0,3,1,1,0,1,0,1,0,0
3600,180,0000001|0000000000000000010110000,2,105.329,-220.609,1,263.815,4,14,12,1,11,6,1,5,0,1,0,0,0,0,0,0,0,0
3600,181,0000001|0000000000000000010110001,2,27.562,140.117,1,113.288,5,14,11,1,10,8,0,8,0,1,0,0,0,0,0,0,0,0
3600,182,0000001|0000000000000000010110010,2,-499.162,401.107,1,472.196,0,14,8,0,8,7,0,7,0,1,0,0,0,0,0,0,0,0
3600,183,0000001|0000000000000000010110011,2,407.2,-172.467,1,233.36,4,14,12,1,11,5,0,5,0,0,0,0,0,0,0,0,0,0
3600,184,0000001|0000000000000000010110100,2,454.768,-190.26,1,279.516,1,14,11,1,10,10,1,9,0,1,0,0,0,0,0,0,0,0
3600,185,0000001|0000000000000000010110101,2,-168.73,-136.186,1,158.593,4,14,10,1,9,9,1,8,0,0,1,0,1,0,0,0,0,0
3600,186,0000001|0000000000000000010110110,2,466.5,-346.811,1,408.84,0,14,10,1,9,8,1,7,0,0,1,1,0,1,0,1,0,0
3600,187,0000001|0000000000000000010110111,2,-373.875,-293.411,1,318.489,1,14,11,1,10,7,0,7,0,0,0,0,0,0,0,0,0,0
3600,188,0000001|0000000000000000010111000,2,-318.672,-342.111,1,348.936,2,14,14,1,13,11,1,10,0,1,0,0,0,0,0,0,0,0
3600,189,0000001|0000000000000000010111001,2,166.894,116.075,1,142.759,4,14,10,1,9,10,1,9,0,0,0,0,0,0,0,0,0,0
3600,190,0000001|0000000000000000010111010,2,-324.114,295.398,1,304.554,2,14,4,0,4,4,0,4,0,0,0,0,0,0,0,0,0,0
3600,191,0000001|0000000000000000010111011,2,-373.365,252.864,1,281.352,1,14,7,0,7,7,0,7,0,0,0,0,0,0,0,0,0,0
3600,192,0000001|0000000000000000010111100,4,9.94556,-11.4942,1,240.33,3,14,11,11,0,8,8,0,2,0,7,5,3,4,1,4,0,0
3600,193,0000001|0000000000000000010111101,2,402.463,-145.207,1,210.548,3,14,7,0,7,6,0,6,0,0,0,0,0,0,0,0,0,0
3600,194,0000001|0000000000000000010111110,4,305.396,453.914,1,367.217,2,14,7,7,0,6,6,0,0,0,4,3,0,4,0,3,0,0
3600,195,0000001|0000000000000000010111111,4,366.464,-49.882,1,126.698,4,14,7,7,0,7,7,0,0,0,6,4,2,4,0,4,0,0
3600,196,0000001|0000000000000000011000000,2,382.306,-429.615,1,449.527,0,14,9,0,9,6,0,6,0,1,0,0,0,0,0,0,0,0
3600,197,0000001|0000000000000000011000001,4,238.486,472.522,1,326.177,0,14,12,12,0,10,10,0,0,0,7,6,5,2,4,2,0,0
3600,198,0000001|0000000000000000011000010,2,188.166,-272.567,1,279.494,3,14,10,1,9,9,1,8,0,0,0,0,0,0,0,0,0,0
3600,199,0000001|0000000000000000011000011,2,336.197,-7.53396,1,86.5269,5,14,8,0,8,7,0,7,0,0,0,0,0,0,0,0,0,0
3600,200,0000001|0000000000000000011000100,2,-358.447,-20.951,1,110.453,5,14,9,0,9,6,0,6,0,0,0,0,0,0,0,0,0,0
3600,201,0000001|0000000000000000011000101,2,-493.942,-35.2598,1,246.477,2,14,11,1,10,8,1,7,0,0,1,0,0,1,0,0,0,0
3600,202,0000001|0000000000000000011000110,4,-409.217,-421.24,1,450.326,0,14,10,10,0,8,8,0,0,0,5,2,1,4,0,2,0,0
3600,203,0000001|0000000000000000011000111,4,-141.666,264.091,1,142.366,4,14,3,3,0,1,1,0,1,0,1,1,1,0,1,0,0,0
3600,204,0000001|0000000000000000011001000,2,258.187,28.5043,1,29.6609,5,14,10,1,9,10,1,9,0,0,0,0,0,0,0,0,0,0
3600,205,0000001|0000000000000000011001001,4,421.156,113.988,1,205.64,3,14,8,8,0,7,7,0,0,0,6,5,4,2,3,2,0,0
3600,206,0000001|0000000000000000011001010,2,38.5112,-427.329,1,476.8,0,14,11,1,10,10,1,9,0,1,1,1,1,0,1,0,0,0
3600,207,0000001|0000000000000000011001011,2,-334.435,439.544,1,384.414,0,14,9,0,9,9,0,9,0,0,0,0,0,0,0,0,0,0
3600,208,0000001|0000000000000000011001100,2,-239.367,-244.895,1,245.127,2,14,11,1,10,7,0,7,0,1,0,0,0,0,0,0,0,0
3600,209,0000001|0000000000000000011001101,2,61.0362,-179.126,1,260.373,2,14,8,0,8,7,0,7,0,0,0,0,0,0,0,0,0,0
3600,210,0000001|0000000000000000011001110,2,92.9576,-126.037,1,201.365,2,14,11,1,10,9,1,8,0,0,1,1,1,0,1,0,0,0
3600,211,0000001|0000000000000000011001111,2,-383.559,380.379,1,403.145,0,14,7,0,7,6,0,6,0,0,0,0,0,0,0,0,0,0
3600,212,0000001|0000000000000000011010000,2,-167.46,-359.563,1,368.915,1,14,17,1,16,14,1,13,0,1,1,1,0,1,0,1,0,0
3600,213,0000001|0000000000000000011010001,2,-434.857,16.8284,1,185.622,4,14,8,0,8,3,0,3,0,1,0,0,0,0,0,0,0,0
3600,214,0000001|0000000000000000011010010,2,6.43227,234.172,1,17.0928,5,14,14,1,13,14,1,13,0,0,1,1,0,1,0,1,0,0
3600,215,0000001|0000000000000000011010011,2,-334.259,-13.6216,1,85.3549,5,14,13,1,12,12,1,11,0,0,0,0,0,0,0,0,0,0
3600,216,0000001|0000000000000000011010100,2,-411.224,327.157,1,364.726,2,14,7,0,7,6,0,6,0,0,0,0,0,0,0,0,0,0
3600,217,0000001|0000000000000000011010101,2,-28.6666,-196.453,1,295.943,2,14,12,1,11,10,1,9,0,0,1,0,1,0,0,0,0,0
3600,218,0000001|0000000000000000011010110,2,384.621,159.892,1,209.018,3,14,13,1,12,12,0,12,0,0,0,0,0,0,0,0,0,0
3600,219,0000001|0000000000000000011010111,2,168.009,291.705,1,173.109,3,14,15,1,14,14,1,13,0,0,1,1,0,1,0,1,0,0
3600,220,0000001|0000000000000000011011000,4,202.156,-423.537,1,426.231,2,14,7,7,0,3,3,0,0,0,3,2,1,2,0,2,0,0
3600,221,0000001|0000000000000000011011001,4,253.519,-52.8066,1,52.9261,5,14,7,7,0,7,7,0,0,0,5,4,1,4,1,3,0,0
3600,222,0000001|0000000000000000011011010,2,465.858,-415.97,1,468.643,0,14,6,0,6,5,0,5,0,0,0,0,0,0,0,0,0,0
3600,223,0000001|0000000000000000011011011,2,143.935,-352.892,1,368.487,0,14,6,0,6,6,0,6,0,0,0,0,0,0,0,0,0,0
3600,224,0000001|0000000000000000011011100,2,416.2,148.752,1,223.046,5,14,8,0,8,6,0,6,0,1,0,0,0,0,0,0,0,0
3600,225,0000001|0000000000000000011011101,2,245.035,67.8943,1,68.0775,5,14,10,1,9,8,1,7,0,1,1,1,0,1,0,1,0,0
3600,226,0000001|0000000000000000011011110,4,-298.803,97.4807,1,109.016,5,14,8,8,0,6,6,0,0,0,6,3,2,4,0,3,0,0
3600,227,0000001|0000000000000000011011111,4,-281.657,-147.817,1,151.17,5,14,11,11,0,8,8,0,0,0,7,6,3,4,2,4,0,0
3600,228,0000001|0000000000000000011100000,2,-466.157,-286.675,1,359.036,0,14,9,0,9,7,0,7,0,1,0,0,0,0,0,0,0,0
3600,229,0000001|0000000000000000011100001,4,-259.261,-1.25514,1,9.35893,5,14,22,22,0,22,22,0,0,0,18,16,9,9,7,9,0,0
3600,230,0000001|0000000000000000011100010,2,325.578,-499.293,1,504.981,1,14,7,0,7,4,0,4,0,0,0,0,0,0,0,0,0,0
3600,231,0000001|0000000000000000011100011,2,378.831,-245.589,1,277.33,2,14,9,0,9,5,0,5,0,0,0,0,0,0,0,0,0,0
3600,232,0000001|0000000000000000011100100,2,168.269,351.467,1,196.495,5,14,13,1,12,12,1,11,0,0,1,1,0,1,0,1,0,0
3600,233,0000001|0000000000000000011100101,2,-446.854,338.78,1,391.821,1,14,7,0,7,7,0,7,0,0,0,0,0,0,0,0,0,0
3600,234,0000001|0000000000000000011100110,2,-271.46,-162.595,1,164.006,4,14,9,0,9,5,0,5,0,0,0,0,0,0,0,0,0,0
3600,235,0000001|0000000000000000011100111,2,-391.108,212.22,1,254.851,2,14,13,1,12,10,1,9,0,1,0,0,0,0,0,0,0,0
3600,236,0000001|0000000000000000011101000,2,267.667,-116.903,1,118.232,5,14,9,0,9,6,0,6,0,1,0,0,0,0,0,0,0,0
3600,237,0000001|0000000000000000011101001,2,354.37,175.097,1,203.844,4,14,9,0,9,6,0,6,0,0,0,0,0,0,0,0,0,0
3600,238,0000001|0000000000000000011101010,4,-50.5942,-10.3087,1,199.673,4,14,9,9,0,9,9,0,0,0,5,5,1,4,1,4,0,0
3600,239,0000001|0000000000000000011101011,2,304.686,7.38304,1,55.1845,5,14,12,1,11,11,0,11,1,0,0,0,0,0,0,0,0,0
3600,240,0000001|0000000000000000011101100,2,-70.6419,-369.708,1,410.918,0,14,9,0,9,8,0,8,0,0,0,0,0,0,0,0,0,0
3600,241,0000001|0000000000000000011101101,2,36.6815,-361.069,1,419.375,1,14,10,1,9,8,1,7,0,0,0,0,0,0,0,0,0,0
3600,242,0000001|0000000000000000011101110,2,445.718,-264.965,1,329.411,2,14,13,1,12,11,1,10,0,1,1,0,1,0,0,0,0,0
3600,243,0000001|0000000000000000011101111,2,351.875,-83.5035,1,131.726,5,14,11,1,10,9,0,9,0,0,0,0,0,0,0,0,0,0
3600,244,0000001|0000000000000000011110000,4,-321.345,-499.445,1,504.515,0,14,8,8,0,7,7,0,0,0,7,4,1,6,0,4,0,0
3600,245,0000001|0000000000000000011110001,4,-398.456,-114.915,1,187.736,4,14,11,11,0,4,4,0,2,0,3,2,0,3,0,2,0,0
3600,246,0000001|0000000000000000011110010,4,-415.719,-381.938,1,416.341,0,14,13,13,0,10,10,0,1,0,7,5,2,5,1,4,0,0
3600,247,0000001|0000000000000000011110011,2,-354.671,-231.955,1,254.478,3,14,14,1,13,10,1,9,0,1,1,1,0,1,0,1,0,0
3600,248,0000001|0000000000000000011110100,2,-355.825,144.092,1,178.778,3,14,14,1,13,13,1,12,0,0,0,0,0,0,0,0,0,0
3600,249,0000001|0000000000000000011110101,2,-129.068,129.954,1,176.266,4,14,10,1,9,9,1,8,0,0,0,0,0,0,0,0,0,0
3600,250,0000001|0000000000000000011110110,4,283.198,117.54,1,122.139,5,14,8,8,0,8,8,0,0,0,7,6,2,5,1,5,0,0
3600,251,0000001|0000000000000000011110111,2,375.42,373.629,1,394.118,0,14,10,1,9,9,1,8,0,1,1,1,0,1,0,1,0,0
3600,252,0000001|0000000000000000011111000,2,-405.851,-59.7165,1,166.901,5,14,11,1,10,7,1,6,0,1,0,0,0,0,0,0,0,0
3600,253,0000001|0000000000000000011111001,2,243.864,-334.081,1,334.138,2,14,14,1,13,12,1,11,0,0,1,0,1,0,0,0,0,0
3600,254,0000001|0000000000000000011111010,4,90.0105,-443.695,1,471.658,0,14,11,11,0,5,5,0,1,0,4,4,2,2,2,2,0,0
3600,255,0000001|0000000000000000011111011,2,-174.534,-72.7492,1,104.823,5,14,8,0,8,8,0,8,0,0,0,0,0,0,0,0,0,0
3600,256,0000001|0000000000000000011111100,4,166.277,254.37,1,166.336,4,14,11,11,0,10,10,0,0,0,7,5,4,3,2,3,0,0
3600,257,0000001|0000000000000000011111101,2,-238.602,-70.6024,1,71.5183,5,14,11,1,10,9,1,8,0,1,1,1,0,1,0,1,0,0
3600,258,0000001|0000000000000000011111110,2,275.319,-462.911,1,463.603,0,14,9,0,9,8,0,8,0,0,0,0,0,0,0,0,0,0
3600,259,0000001|0000000000000000011111111,2,-305.289,-434.52,1,438.024,0,14,6,0,6,5,0,5,0,0,0,0,0,0,0,0,0,0
3600,260,0000001|0000000000000000100000000,2,-357.858,113.75,1,156.757,4,14,7,0,7,6,0,6,0,0,0,0,0,0,0,0,0,0
3600,261,0000001|0000000000000000100000001,2,-353.475,7.62808,1,103.757,5,14,10,1,9,7,1,6,0,0,1,1,0,1,0,1,0,0
3600,262,0000001|0000000000000000100000010,2,-318.073,-468.303,1,473.225,0,14,9,0,9,7,0,7,0,2,0,0,0,0,0,0,0,0
3600,263,0000001|0000000000000000100000011,2,-119.4,60.4748,1,143.923,5,14,14,1,13,12,1,11,0,0,1,1,0,1,0,1,0,0
3600,264,0000001|0000000000000000100000100,4,276.165,-100.084,1,103.448,5,14,14,14,0,11,11,0,1,0,9,8,4,5,3,5,0,0
3600,265,0000001|0000000000000000100000101,4,162.595,138.702,1,163.946,3,14,14,14,0,13,13,0,0,0,10,8,3,7,2,6,0,0
3600,266,0000001|0000000000000000100000110,2,188.784,1.19405,1,61.2298,5,14,10,1,9,10,1,9,0,0,0,0,0,0,0,0,0,0
3600,267,0000001|0000000000000000100000111,4,55.6534,-312.675,1,368.153,0,14,10,10,0,10,10,0,0,0,8,6,4,4,3,3,0,0
3600,268,0000001|0000000000000000100001000,2,-417.229,-297.579,1,341.349,1,14,8,0,8,8,0,8,0,0,0,0,0,0,0,0,0,0
3600,269,0000001|0000000000000000100001001,4,-191.441,-32.6218,1,67.0346,5,14,14,14,0,13,13,0,1,0,8,8,3,5,3,5,0,0
3600,270,0000001|0000000000000000100001010,4,283.337,284.347,1,285.412,2,14,7,7,0,6,6,0,0,0,4,3,1,3,1,2,0,0
3600,271,0000001|0000000000000000100001011,2,105.81,-491.4,1,512.118,0,14,8,0,8,7,0,7,0,1,0,0,0,0,0,0,0,0
3600,272,0000001|0000000000000000100001100,2,337.184,-54.7886,1,102.972,5,14,15,1,14,13,1,12,0,0,1,0,1,0,0,0,0,0
3600,273,0000001|0000000000000000100001101,2,349.9,-428.311,1,439.808,1,14,9,0,9,7,0,7,0,1,0,0,0,0,0,0,0,0
3600,274,0000001|0000000000000000100001110,2,120.683,110.919,1,170.37,5,14,11,1,10,9,1,8,0,0,1,1,0,1,0,1,0,0
3600,275,0000001|0000000000000000100001111,2,212.502,-129.27,1,134.6,4,14,13,1,12,9,1,8,0,2,0,0,0,0,0,0,0,0
3600,276,0000001|0000000000000000100010000,2,434.085,-7.03285,1,184.22,3,14,8,0,8,7,0,7,0,0,0,0,0,0,0,0,0,0
3600,277,0000001|0000000000000000100010001,2,80.1013,-369.761,1,406.926,0,14,6,0,6,5,0,5,0,0,0,0,0,0,0,0,0,0
3600,278,0000001|0000000000000000100010010,2,56.3968,60.6607,1,197.561,4,14,7,0,7,7,0,7,0,0,0,0,0,0,0,0,0,0
3600,279,0000001|0000000000000000100010011,4,148.194,-492.583,1,502.994,0,14,7,7,0,5,5,0,0,0,3,1,1,2,0,1,0,0
3600,280,0000001|0000000000000000100010100,2,-361.48,-395.335,1,410.753,1,14,14,1,13,13,1,12,0,1,0,0,0,0,0,0,0,0
3600,281,0000001|0000000000000000100010101,2,-403.534,-307.741,1,343.915,1,14,7,0,7,6,0,6,0,0,0,0,0,0,0,0,0,0
3600,282,0000001|0000000000000000100010110,4,224.008,-150.952,1,153.174,5,14,14,14,0,9,9,0,1,0,8,3,7,1,3,0,0,0
3600,283,0000001|0000000000000000100010111,2,26.6071,85.612,1,166.528,5,14,9,0,9,7,0,7,0,0,0,0,0,0,0,0,0,0
3600,284,0000001|0000000000000000100011000,2,-448.839,316.941,1,374.151,1,14,10,1,9,8,0,8,1,0,0,0,0,0,0,0,0,0
3600,285,0000001|0000000000000000100011001,2,-487.215,87.6933,1,252.906,2,14,13,1,12,12,1,11,0,0,1,1,0,1,0,1,0,0
3600,286,0000001|0000000000000000100011010,2,-225.707,179.36,1,180.999,5,14,13,1,12,9,1,8,0,1,1,1,0,1,0,1,0,0
3600,287,0000001|0000000000000000100011011,2,-326.48,-331.113,1,339.831,0,14,8,0,8,8,0,8,0,0,0,0,0,0,0,0,0,0
3600,288,0000001|0000000000000000100011100,2,424.352,213.812,1,275.888,4,14,7,0,7,4,0,4,0,0,0,0,0,0,0,0,0,0
3600,289,0000001|0000000000000000100011101,4,-357.826,-232.901,1,256.651,2,14,8,8,0,5,5,0,1,0,5,4,4,1,3,1,0,0
3600,290,0000001|0000000000000000100011110,2,19.2379,268.383,1,26.6134,5,14,14,1,13,14,1,13,0,0,1,1,0,1,0,1,0,0
3600,291,0000001|0000000000000000100011111,2,-410.265,295.578,1,336.231,0,14,8,0,8,6,0,6,0,1,0,0,0,0,0,0,0,0
3600,292,0000001|0000000000000000100100000,2,-382.912,159.612,1,207.706,3,14,12,1,11,9,1,8,0,1,1,1,0,1,0,1,0,0
3600,293,0000001|0000000000000000100100001,2,63.8688,-429.84,1,468.41,0,14,7,0,7,7,0,7,0,0,0,0,0,0,0,0,0,0
3600,294,0000001|0000000000000000100100010,2,-128.004,145.301,1,165.37,4,14,11,1,10,10,1,9,0,0,0,0,0,0,0,0,0,0
3600,295,0000001|0000000000000000100100011,4,-405.161,-251.3,1,295.342,2,14,9,9,0,7,7,0,1,0,7,4,2,5,0,4,0,0
3600,296,0000001|0000000000000000100100100,2,73.0964,-419.19,1,454.989,0,14,11,1,10,10,1,9,0,0,1,1,0,1,0,1,0,0
3600,297,0000001|0000000000000000100100101,2,338.826,57.634,1,105.887,5,14,8,0,8,5,0,5,0,0,0,0,0,0,0,0,0,0
3600,298,0000001|0000000000000000100100110,2,-375.217,103.521,1,162.469,3,14,14,1,13,14,1,13,0,0,1,1,0,1,0,1,0,0
3600,299,0000001|0000000000000000100100111,2,312.632,-206.91,1,216.182,2,14,15,1,14,13,1,12,0,0,1,0,1,0,0,0,0,0
3600,300,0000001|0000000000000000100101000,2,-357.921,-384.896,1,399.74,0,14,8,0,8,8,0,8,0,0,0,0,0,0,0,0,0,0
3600,301,0000001|0000000000000000100101001,2,445.29,-30.3004,1,197.628,4,14,10,1,9,7,1,6,0,0,1,0,1,0,0,0,0,0
3600,302,0000001|0000000000000000100101010,2,366.592,67.1381,1,134.542,5,14,8,0,8,6,0,6,0,0,0,0,0,0,0,0,0,0
3600,303,0000001|0000000000000000100101011,2,28.5255,-201.493,1,299.417,2,14,10,1,9,9,1,8,0,0,1,1,0,1,0,1,0,0
3600,304,0000001|0000000000000000100101100,4,-392.344,-278.858,1,313.087,3,14,13,13,0,8,8,0,1,0,6,3,5,1,2,1,0,0
3600,305,0000001|0000000000000000100101101,2,330.403,-245.684,1,258.506,3,14,8,0,8,7,0,7,0,0,0,0,0,0,0,0,0,0
3600,306,0000001|0000000000000000100101110,2,153.72,27.2296,1,100.057,5,14,10,1,9,10,1,9,0,0,1,0,0,1,0,0,0,0
3600,307,0000001|0000000000000000100101111,2,-229.237,-40.1704,1,45.2218,5,14,6,0,6,6,0,6,0,0,0,0,0,0,0,0,0,0
3600,308,0000001|0000000000000000100110000,2,84.1407,444.921,1,212.307,1,14,11,1,10,9,1,8,0,1,1,1,1,0,1,0,0,0
3600,309,0000001|0000000000000000100110001,4,135.031,269.433,1,136.423,4,14,9,9,0,8,8,0,0,0,7,4,4,3,1,3,0,0
3600,310,0000001|0000000000000000100110010,4,-269.11,-390.661,1,391.128,2,14,13,13,0,4,4,0,4,0,3,3,1,2,1,2,0,0
3600,311,0000001|0000000000000000100110011,2,-310.263,-359.746,1,364.759,2,14,13,1,12,9,1,8,0,1,0,0,0,0,0,0,0,0
3600,312,0000001|0000000000000000100110100,2,477.714,-431.374,1,487.788,0,14,9,0,9,8,0,8,0,0,0,0,0,0,0,0,0,0
3600,313,0000001|0000000000000000100110101,2,239.701,-141.549,1,141.924,5,14,12,1,11,10,1,9,0,0,1,0,0,1,0,0,0,0
3600,314,0000001|0000000000000000100110110,2,165.163,374.646,1,206.919,4,14,10,1,9,9,1,8,0,0,0,0,0,0,0,0,0,0
3600,315,0000001|0000000000000000100110111,2,-75.5955,-388.469,1,425.823,0,14,10,1,9,7,1,6,0,0,1,1,0,1,0,1,0,0
3600,316,0000001|0000000000000000100111000,2,-3.25269,-1.86571,1,246.755,5,14,13,1,12,9,1,8,0,0,1,1,0,1,0,1,0,0
3600,317,0000001|0000000000000000100111001,2,-329.749,54.5493,1,96.6217,5,14,11,1,10,11,1,10,0,0,0,0,0,0,0,0,0,0
3600,318,0000001|0000000000000000100111010,2,-488.31,-302.174,1,384.839,0,14,10,1,9,6,0,6,0,2,0,0,0,0,0,0,0,0
3600,319,0000001|0000000000000000100111011,4,-290,-485.358,1,487.004,0,14,8,8,0,8,8,0,0,0,7,6,2,5,1,5,0,0
3600,320,0000001|0000000000000000100111100,2,467.512,-117.26,1,247.106,2,14,12,1,11,10,0,10,0,0,0,0,0,0,0,0,0,0
3600,321,0000001|0000000000000000100111101,4,35.5421,416.027,1,169.789,3,14,10,10,0,6,6,0,2,0,2,1,1,1,0,1,0,0
3600,322,0000001|0000000000000000100111110,2,168.062,135.251,1,158.136,4,14,11,1,10,11,1,10,0,0,1,1,0,1,0,1,0,0
3600,323,0000001|0000000000000000100111111,2,290.584,-470.609,1,472.356,0,14,14,1,13,12,0,12,1,0,0,0,0,0,0,0,0,0
3600,324,0000001|0000000000000000101000000,4,225.748,-494.348,1,494.943,0,14,7,7,0,4,4,0,1,0,4,3,3,1,2,1,0,0
3600,325,0000001|0000000000000000101000001,2,-98.2812,17.3195,1,152.705,5,14,9,0,9,9,0,9,0,0,0,0,0,0,0,0,0,0
3600,326,0000001|0000000000000000101000010,2,-46.6191,140.591,1,118.928,5,14,18,1,17,17,1,16,0,0,1,0,1,0,0,0,0,0
3600,327,0000001|0000000000000000101000011,2,476.653,242.339,1,331.813,1,14,19,2,17,18,2,16,0,1,2,1,0,2,0,1,0,0
3600,328,0000001|0000000000000000101000100,4,-349.578,369.074,1,369.301,1,14,16,16,0,14,14,0,0,0,10,10,1,9,1,9,0,0
3600,329,0000001|0000000000000000101000101,4,224.705,-30.4488,1,39.5881,5,14,9,9,0,9,9,0,0,0,7,7,3,4,3,4,0,0
3600,330,0000001|0000000000000000101000110,2,-381.88,123.021,1,180.352,5,14,5,0,5,3,0,3,0,0,0,0,0,0,0,0,0,0
3600,331,0000001|0000000000000000101000111,2,-217.032,251.588,1,217.038,3,14,11,1,10,9,1,8,0,1,1,1,0,1,0,1,0,0
3600,332,0000001|0000000000000000101001000,2,482.707,432.523,1,491.151,0,14,9,0,9,7,0,7,0,0,0,0,0,0,0,0,0,0
3600,333,0000001|0000000000000000101001001,2,210.47,325.936,1,223.75,5,14,9,0,9,6,0,6,0,0,0,0,0,0,0,0,0,0
3600,334,0000001|0000000000000000101001010,4,-358.449,-19.0184,1,110.105,5,14,11,11,0,6,6,0,2,0,5,5,1,4,1,4,0,0
3600,335,0000001|0000000000000000101001011,4,-96.1134,116.117,1,164.811,5,14,12,12,0,7,7,0,2,0,6,6,2,4,2,4,0,0
3600,336,0000001|0000000000000000101001100,2,-365.62,-490.869,1,504.302,0,14,10,1,9,7,1,6,0,1,1,0,1,0,0,0,0,0
3600,337,0000001|0000000000000000101001101,2,-214.701,386.488,1,254.413,2,14,7,0,7,7,0,7,0,0,0,0,0,0,0,0,0,0
3600,338,0000001|0000000000000000101001110,2,441.803,130.103,1,231.766,4,14,14,1,13,8,1,7,0,1,0,0,0,0,0,0,0,0
3600,339,0000001|0000000000000000101001111,4,359.154,-49.4692,1,119.842,5,14,8,8,0,5,5,0,0,0,1,1,0,1,0,1,0,0
3600,340,0000001|0000000000000000101010000,2,163.933,272.531,1,165.475,3,14,11,1,10,10,1,9,0,0,0,0,0,0,0,0,0,0
3600,341,0000001|0000000000000000101010001,2,-76.8851,-69.5622,1,186.569,4,14,9,0,9,6,0,6,0,0,0,0,0,0,0,0,0,0
3600,342,0000001|0000000000000000101010010,2,73.5659,-274.437,1,326.259,0,14,13,1,12,13,1,12,0,0,1,1,0,1,0,1,0,0
3600,343,0000001|0000000000000000101010011,2,-43.9437,24.7212,1,207.535,2,14,10,1,9,10,1,9,0,0,1,1,0,1,0,1,0,0
3600,344,0000001|0000000000000000101010100,2,282.766,-355.243,1,356.751,0,14,6,0,6,6,0,6,0,0,0,0,0,0,0,0,0,0
3600,345,0000001|0000000000000000101010101,2,-267.744,-378.598,1,379.014,0,14,7,0,7,6,0,6,0,0,0,0,0,0,0,0,0,0
3600,346,0000001|0000000000000000101010110,2,309.55,-64.8141,1,88.0185,5,14,6,0,6,6,0,6,0,0,0,0,0,0,0,0,0,0
3600,347,0000001|0000000000000000101010111,2,305.286,-492.817,1,495.909,0,14,9,0,9,6,0,6,0,1,0,0,0,0,0,0,0,0
3600,348,0000001|0000000000000000101011000,2,372.924,-226.723,1,257.903,1,14,11,1,10,9,1,8,0,0,1,0,0,1,0,0,0,0
3600,349,0000001|0000000000000000101011001,4,372.582,312.547,1,335.726,1,14,13,13,0,12,12,0,0,0,10,8,3,7,2,6,0,0
3600,350,0000001|0000000000000000101011010,2,301.248,-251.538,1,256.706,3,14,10,1,9,7,1,6,0,0,1,1,0,1,0,1,0,0
3600,351,0000001|0000000000000000101011011,4,-271.828,496.02,1,366.629,2,14,7,7,0,6,6,0,0,0,3,2,1,2,1,1,0,0
3600,352,0000001|0000000000000000101011100,2,-275.468,209.139,1,210.684,4,14,6,0,6,4,0,4,0,0,0,0,0,0,0,0,0,0
3600,353,0000001|0000000000000000101011101,2,-17.6963,28.26,1,222.446,4,14,19,2,17,17,2,15,0,0,2,1,1,1,0,1,0,0
3600,354,0000001|0000000000000000101011110,2,-377.278,-323.044,1,347.214,1,14,11,1,10,5,0,5,0,0,0,0,0,0,0,0,0,0
3600,355,0000001|0000000000000000101011111,2,43.6707,321.384,1,83.6843,5,14,12,1,11,9,0,9,1,0,0,0,0,0,0,0,0,0
3600,356,0000001|0000000000000000101100000,2,-339.021,-442.759,1,451.62,0,14,7,0,7,7,0,7,0,0,0,0,0,0,0,0,0,0
3600,357,0000001|0000000000000000101100001,2,3.07282,144.955,1,105.091,5,14,6,0,6,6,0,6,0,0,0,0,0,0,0,0,0,0
3600,358,0000001|0000000000000000101100010,2,136.605,223.532,1,139.146,5,14,7,0,7,6,0,6,0,1,0,0,0,0,0,0,0,0
3600,359,0000001|0000000000000000101100011,4,89.1996,35.382,1,164.648,4,14,9,9,0,8,8,0,0,0,6,6,2,4,2,4,0,0
3600,360,0000001|0000000000000000101100100,2,-275.496,-51.8747,1,57.8038,5,14,10,1,9,10,1,9,0,0,0,0,0,0,0,0,0,0
3600,361,0000001|0000000000000000101100101,4,-356.466,229.118,1,252.646,1,14,7,7,0,7,7,0,0,0,7,6,4,3,4,2,0,0
3600,362,0000001|0000000000000000101100110,2,-147.991,-211.512,1,234.827,3,14,9,0,9,9,0,9,0,0,0,0,0,0,0,0,0,0
3600,363,0000001|0000000000000000101100111,2,471.659,-3.66729,1,221.69,5,14,11,1,10,9,0,9,0,0,0,0,0,0,0,0,0,0
3600,364,0000001|0000000000000000101101000,2,235.248,-58.4327,1,60.2683,5,14,8,0,8,7,0,7,0,1,0,0,0,0,0,0,0,0
3600,365,0000001|0000000000000000101101001,2,263.172,-419.144,1,419.351,2,14,11,1,10,7,0,7,0,1,0,0,0,0,0,0,0,0
3600,366,0000001|0000000000000000101101010,2,-231.091,155.661,1,156.806,5,14,10,1,9,9,1,8,0,0,1,0,1,0,0,0,0,0
3600,367,0000001|0000000000000000101101011,4,237.17,381.485,1,271.18,3,14,9,9,0,5,5,0,0,0,4,4,2,2,2,2,0,0
3600,368,0000001|0000000000000000101101100,2,-78.5284,13.9129,1,172.036,2,14,12,1,11,11,1,10,0,1,1,1,0,1,0,1,0,0
3600,369,0000001|0000000000000000101101101,2,471.462,-416.527,1,471.742,0,14,8,0,8,5,0,5,0,1,0,0,0,0,0,0,0,0
3600,370,0000001|0000000000000000101101110,4,295.767,-211.636,1,216.529,3,14,9,9,0,9,9,0,0,0,5,3,1,4,1,2,0,0
3600,371,0000001|0000000000000000101101111,2,252.853,394.057,1,291.011,0,14,10,1,9,9,1,8,0,0,0,0,0,0,0,0,0,0
3600,372,0000001|0000000000000000101110000,4,176.452,478.104,1,288.387,2,14,11,11,0,9,9,0,1,0,6,5,1,5,1,4,0,0
3600,373,0000001|0000000000000000101110001,4,358.474,409.394,1,392.314,0,14,8,8,0,5,5,0,1,0,4,2,1,3,1,1,0,0
3600,374,0000001|0000000000000000101110010,2,-11.1981,212.172,1,39.4537,5,14,12,1,11,12,1,11,0,0,0,0,0,0,0,0,0,0
3600,375,0000001|0000000000000000101110011,2,-422.387,296.641,1,343.094,4,14,10,1,9,9,1,8,0,0,0,0,0,0,0,0,0,0
3600,376,0000001|0000000000000000101110100,2,-103.455,434.503,1,211.529,3,14,9,0,9,9,0,9,0,0,0,0,0,0,0,0,0,0
3600,377,0000001|0000000000000000101110101,2,60.4357,191.875,1,83.8527,5,14,9,0,9,8,0,8,0,1,0,0,0,0,0,0,0,0
3600,378,0000001|0000000000000000101110110,2,-113,430.043,1,212.567,4,14,10,1,9,6,1,5,0,1,1,1,0,1,0,1,0,0
3600,379,0000001|0000000000000000101110111,2,-459.621,383.479,1,437.032,0,14,12,1,11,9,1,8,0,1,1,0,1,0,0,0,0,0
3600,380,0000001|0000000000000000101111000,2,51.6548,73.6749,1,183.736,4,14,12,1,11,11,1,10,0,0,0,0,0,0,0,0,0,0
3600,381,0000001|0000000000000000101111001,2,48.107,-206.688,1,288.931,2,14,10,1,9,10,1,9,0,0,1,0,1,0,0,0,0,0
3600,382,0000001|0000000000000000101111010,2,327.523,108.944,1,133.712,5,14,14,1,13,9,0,9,0,0,0,0,0,0,0,0,0,0
3600,383,0000001|0000000000000000101111011,4,287.454,-468.404,1,469.899,1,14,11,11,0,8,8,0,1,0,4,3,1,3,0,3,0,0
3600,384,0000001|0000000000000000101111100,4,281.242,-167.991,1,170.872,4,14,14,14,0,10,10,0,1,0,8,5,3,5,0,5,0,0
3600,385,0000001|0000000000000000101111101,2,-317.461,-219.086,1,229.238,3,14,16,1,15,13,1,12,0,0,1,0,1,0,0,0,0,0
3600,386,0000001|0000000000000000101111110,2,-297.422,26.2064,1,54.1838,5,14,14,1,13,12,0,12,1,1,0,0,0,0,0,0,0,0
3600,387,0000001|0000000000000000101111111,2,442.072,-82.3305,1,208.974,4,14,7,0,7,4,0,4,0,1,0,0,0,0,0,0,0,0
3600,388,0000001|0000000000000000110000000,2,211.591,454.025,1,293.935,2,14,11,1,10,8,1,7,0,0,0,0,0,0,0,0,0,0
3600,389,0000001|0000000000000000110000001,2,-272,300.986,1,276.737,2,14,12,1,11,8,1,7,0,1,1,1,0,1,0,1,0,0
3600,390,0000001|0000000000000000110000010,2,35.1963,228.594,1,41.1974,5,14,12,1,11,11,1,10,0,0,1,1,1,0,1,0,0,0
3600,391,0000001|0000000000000000110000011,4,128.121,213.457,1,133.231,5,14,8,8,0,6,6,0,0,0,5,5,1,4,1,4,0,0
3600,392,0000001|0000000000000000110000100,2,92.3066,-12.2129,1,158.166,5,14,14,1,13,11,0,11,1,0,0,0,0,0,0,0,0,0
3600,393,0000001|0000000000000000110000101,2,-345.356,251.211,1,268.701,1,14,11,1,10,10,1,9,0,1,1,1,0,1,0,1,0,0
3600,394,0000001|0000000000000000110000110,2,-268.827,332.158,1,281.101,2,14,7,0,7,6,0,6,0,0,0,0,0,0,0,0,0,0
3600,395,0000001|0000000000000000110000111,4,278.585,220.059,1,221.908,2,14,5,5,0,5,5,0,0,0,4,4,3,1,3,1,0,0
3600,396,0000001|0000000000000000110001000,2,153.821,-78.774,1,124.322,5,14,11,1,10,10,1,9,0,1,0,0,0,0,0,0,0,0
3600,397,0000001|0000000000000000110001001,4,394.699,-191.855,1,240.304,2,14,14,14,0,10,10,0,0,0,6,6,4,2,4,2,0,0
3600,398,0000001|0000000000000000110001010,4,448.347,-420.28,1,464.733,0,14,12,12,0,8,8,0,0,0,4,3,1,3,0,3,0,0
3600,399,0000001|0000000000000000110001011,2,-212.187,68.3562,1,78.1195,5,14,6,0,6,6,0,6,0,0,0,0,0,0,0,0,0,0
3600,400,0000001|0000000000000000110001100,2,-213.032,-382.77,1,384.551,0,14,7,0,7,4,0,4,0,0,0,0,0,0,0,0,0,0
3600,401,0000001|0000000000000000110001101,2,332.364,137.548,1,160.323,4,14,7,0,7,6,0,6,0,0,0,0,0,0,0,0,0,0
3600,402,0000001|0000000000000000110001110,2,-339.932,-147.606,1,172.846,4,14,13,1,12,11,1,10,0,0,1,0,1,0,0,0,0,0
3600,403,0000001|0000000000000000110001111,4,-180.43,-74.3768,1,101.844,5,14,8,8,0,8,8,0,0,0,5,5,3,2,3,2,0,0
